,Unnamed: 0,index,emd_ani_sal,emd_ani_gaze,label,labDelta,area,center_x,center_y,eucDist,emd_ani_sal_MA,labDelta_MA,area_MA,center_x_MA,center_y_MA
9,9,1998,12.335692405700684,13.894827842712402,0,0.617704254206,2749.5,122.0,122.0,3.04975232,10.048982620239258,0.3838060916208509,1122.5,132.8,132.8
10,10,1999,11.685351371765137,13.919849395751951,0,0.851548469049,2755.0,121.0,121.0,2.70672736,10.41659917831421,0.4689609385257508,1398.0,144.9,144.9
11,11,2000,12.375981330871582,13.907708168029783,0,0.659303722257,2755.0,121.0,121.0,3.11343712,10.889523458480834,0.5348891919277198,1673.5,136.5,136.5
12,12,2001,11.985270500183104,14.496943473815918,0,1.03184673257,2756.5,122.0,122.0,3.26452864,11.377122402191162,0.6380738651847198,1949.15,128.2,128.2
13,13,2002,12.242222785949709,12.857133865356444,0,1.34026023938,2740.0,122.0,122.0,3.03173792,11.837110805511475,0.77208519923846,2223.15,119.9,119.9
14,14,2003,12.055912017822266,12.775838851928713,0,1.27546438834,2730.5,123.0,123.0,3.4065872,12.321094417572022,0.8935182217069,2473.3,109.7,109.7
15,15,2004,12.45790958404541,12.947919845581056,0,0.845336311609,2734.0,122.0,122.0,3.04346496,12.257030773162843,0.9780518528677999,2746.7,121.9,121.9
16,16,2005,12.378236770629885,11.26829433441162,0,1.07793009806,2733.0,123.0,123.0,3.73599264,12.222998523712159,0.9732229178757998,2745.3,122.0,122.0
17,17,2006,11.937854766845703,10.360796928405762,0,1.25423241712,2750.5,123.0,123.0,2.85594912,12.199092197418214,0.9938592080218001,2745.15,122.1,122.1
18,18,2007,11.938074111938477,10.360796928405762,0,0.174401290688,2750.5,123.0,123.0,3.55383488,12.139250564575196,0.9128027923279,2745.45,122.2,122.2
19,19,2008,12.907261848449709,10.559643745422363,0,1.1933493111,2734.5,123.0,123.0,4.68429792,12.196407508850097,0.9703672980172999,2743.95,122.3,122.3
20,20,2009,11.859253883361816,10.835823059082031,0,0.982569312541,2735.5,123.0,123.0,3.41330976,12.213797760009765,0.9834693823665,2742.0,122.5,122.5
21,21,2010,11.95450496673584,10.026569366455078,0,1.14067337239,2752.0,122.0,122.0,3.36506912,12.17165012359619,1.0316063473798,2741.7,122.6,122.6
22,22,2011,11.828902244567873,10.022631645202637,0,0.72630620292,2750.0,122.0,122.0,2.63598144,12.156013298034669,1.0010522944148001,2741.05,122.6,122.6
23,23,2012,12.279876708984377,10.345646858215332,0,0.958564232039,2749.5,122.0,122.0,3.89409152,12.159778690338136,0.9628826936806998,2742.0,122.6,122.6
24,24,2013,11.916507720947266,10.345646858215332,0,0.0427608565242,2749.5,122.0,122.0,4.33541888,12.145838260650637,0.8396123404991199,2743.9,122.5,122.5
25,25,2014,12.477720260620115,10.168484687805176,0,0.318081812317,2748.5,122.0,122.0,3.94928032,12.147819328308106,0.78688689056992,2745.35,122.5,122.5
26,26,2015,11.929455757141112,9.681891441345217,0,0.950314381072,2753.5,122.0,122.0,3.36666304,12.102941226959228,0.77412531887112,2747.4,122.4,122.4
27,27,2016,12.34758758544922,9.890271186828612,0,0.592502919773,2749.0,122.0,122.0,3.40644896,12.14391450881958,0.70795236913642,2747.25,122.3,122.3
28,28,2017,11.182981491088867,10.023062705993652,0,1.07938296694,2754.5,122.0,122.0,2.72171712,12.06840524673462,0.79845053676162,2747.65,122.2,122.2
29,29,2018,12.182201385498049,10.023062705993652,0,0.284887099974,2754.5,122.0,122.0,3.67751392,11.995899200439453,0.7076043156490199,2749.65,122.1,122.1
30,30,2019,12.580362319946287,10.10031509399414,0,1.2742554787,2744.0,121.0,121.0,2.96539008,12.0680100440979,0.7367729322649199,2750.5,121.9,121.9
31,31,2020,12.641080856323242,10.635677337646484,0,0.809339857802,2750.0,121.0,121.0,3.58636352,12.136667633056641,0.70363958080612,2750.3,121.8,121.8
32,32,2021,11.824869155883787,11.32317066192627,0,0.776270375072,2743.0,121.0,121.0,4.4671808,12.136264324188232,0.70863599802132,2749.6,121.7,121.7
33,33,2022,11.961369514465332,11.204950332641602,0,0.706368289683,2742.0,121.0,121.0,3.63078656,12.104413604736328,0.68341640378572,2748.85,121.6,121.6
34,34,2023,12.310619354248049,10.98351001739502,0,1.08505362293,2744.0,122.0,122.0,3.33425632,12.143824768066406,0.7876456804263,2748.3,121.6,121.6
35,35,2024,11.949162483215332,10.218161582946776,0,0.751199297602,2744.5,122.0,122.0,3.26387072,12.090968990325928,0.8309574289548,2747.9,121.6,121.6
36,36,2025,12.090412139892578,10.218161582946776,0,0.368142341662,2744.5,122.0,122.0,2.91301792,12.107064628601075,0.7727402250138,2747.0,121.6,121.6
37,37,2026,12.711603164672852,10.192596435546877,0,1.03449437796,2745.0,122.0,122.0,3.05973888,12.143466186523437,0.8169393708325,2746.6,121.6,121.6
38,38,2027,12.81783962249756,10.214001655578612,0,0.965560147624,2739.5,122.0,122.0,2.66581024,12.306951999664307,0.8055570889009,2745.1,121.6,121.6
39,39,2028,12.735403060913086,10.205584526062012,0,0.711242183887,2739.0,122.0,122.0,3.05564608,12.362272167205811,0.8481925972922001,2743.55,121.6,121.6
40,40,2029,11.621746063232422,10.205584526062012,0,0.101470221602,2739.0,122.0,122.0,2.84160064,12.266410541534423,0.7309140715824001,2743.05,121.7,121.7
41,41,2030,12.966560363769531,10.21761989593506,0,0.598324196182,2741.0,122.0,122.0,2.83883552,12.298958492279052,0.7098125054204,2742.15,121.8,121.8
42,42,2031,11.86697006225586,10.199241638183594,0,1.13051943113,2751.0,122.0,122.0,3.08091552,12.30316858291626,0.7452374110262,2742.95,121.9,121.9
43,43,2032,12.81910800933838,12.314099311828612,0,0.859792384219,2747.0,123.0,123.0,2.56314704,12.388942432403564,0.7605798204798,2743.45,122.1,122.1
44,44,2033,11.375032424926758,8.119987487792969,0,0.674068229667,2741.0,123.0,123.0,3.87624192,12.295383739471436,0.7194812811535,2743.15,122.2,122.2
45,45,2034,12.194432258605955,8.152555465698242,0,0.823818531385,2737.0,122.0,122.0,2.87710016,12.319910717010497,0.7267432045318,2742.4,122.2,122.2
46,46,2035,12.856785774230955,8.152555465698242,0,0.185854298395,2737.0,122.0,122.0,2.89404064,12.396548080444337,0.7085144002051,2741.65,122.2,122.2
47,47,2036,12.488859176635742,8.088861465454102,0,1.10067187148,2750.0,123.0,123.0,2.67589184,12.374273681640625,0.7151321495570999,2742.15,122.3,122.3
48,48,2037,11.94055461883545,10.087844848632812,0,0.584298143739,2744.5,123.0,123.0,3.85229632,12.286545181274414,0.6770059491686,2742.65,122.4,122.4
49,49,2038,12.27309799194336,10.207664489746094,0,0.779282510123,2748.0,123.0,123.0,2.56713984,12.24031467437744,0.6838099817922,2743.55,122.5,122.5
50,50,2039,12.323851585388184,10.207664489746094,0,0.419238996372,2748.0,123.0,123.0,3.09478208,12.310525226593018,0.7155868592692001,2744.45,122.6,122.6
51,51,2040,12.435043334960938,10.191936492919922,0,0.7228184611,2752.5,122.0,122.0,2.89321728,12.257373523712157,0.728036285761,2745.6,122.6,122.6
52,52,2041,12.87276840209961,10.097098350524902,0,0.565498671601,2753.0,122.0,122.0,3.62264928,12.357953357696534,0.6715342098081,2745.8,122.6,122.6
53,53,2042,12.352272033691406,9.931215286254885,0,0.851026915572,2752.5,122.0,122.0,2.97374144,12.311269760131836,0.6706576629434,2746.35,122.5,122.5
54,54,2043,12.584269523620604,8.005965232849121,0,1.18002037095,2745.5,123.0,123.0,3.75568448,12.43219347000122,0.7212528770716999,2746.8,122.5,122.5
55,55,2044,12.26613712310791,8.005965232849121,0,0.0815655777762,2745.5,123.0,123.0,2.77857728,12.439363956451416,0.64702758171082,2747.65,122.6,122.6
56,56,2045,12.529125213623049,7.998966693878174,0,1.04825253766,2735.5,123.0,123.0,3.0329648,12.406597900390626,0.7332674056373201,2747.5,122.7,122.7
57,57,2046,12.291813850402832,7.977045059204102,0,0.72634232463,2737.5,123.0,123.0,3.0999072,12.386893367767334,0.69583445095232,2746.25,122.7,122.7
58,58,2047,12.93878936767578,8.000730514526367,0,1.46654817862,2749.5,122.0,122.0,2.5673376,12.486716842651367,0.78405945444042,2746.75,122.6,122.6
59,59,2048,12.890634536743164,8.000730514526367,0,0.341816737183,2749.5,122.0,122.0,2.91425664,12.548470497131348,0.74031287714642,2746.9,122.5,122.5
60,60,2049,12.389759063720703,8.011778831481934,0,0.971945645568,2741.0,123.0,123.0,3.02835808,12.5550612449646,0.79558354206602,2746.2,122.5,122.5
61,61,2050,11.764829635620115,14.722825050354004,0,0.963777402917,2734.0,123.0,123.0,3.0625024,12.488039875030516,0.8196794362477199,2744.35,122.6,122.6
62,62,2051,12.3262300491333,14.44623565673828,0,1.03866365938,2723.0,123.0,123.0,2.6076,12.433386039733886,0.86699593502562,2741.35,122.7,122.7
63,63,2052,12.476902961730955,9.85941219329834,0,1.06698834882,2734.5,123.0,123.0,3.43333312,12.445849132537841,0.8885920783504201,2739.55,122.8,122.8
64,64,2053,11.236589431762695,9.792317390441896,0,0.903031430907,2735.0,123.0,123.0,3.13464288,12.31108112335205,0.8608931843461199,2738.5,122.8,122.8
65,65,2054,12.138980865478516,12.028945922851562,0,0.927808873082,2728.5,123.0,123.0,3.30478272,12.298365497589112,0.9455175138767,2736.8,122.8,122.8
66,66,2055,11.38455867767334,12.028945922851562,0,0.282635562981,2728.5,123.0,123.0,3.03834848,12.18390884399414,0.8689558164088,2736.1,122.8,122.8
67,67,2056,12.586475372314451,12.132905960083008,0,0.577120908758,2733.5,123.0,123.0,3.54832192,12.213374996185301,0.8540336748216,2735.7,122.8,122.8
68,68,2057,12.266985893249512,11.854597091674805,0,1.22221598773,2734.5,123.0,123.0,3.37950528,12.146194648742675,0.8296004557326,2734.2,122.9,122.9
69,69,2058,12.303741455078123,14.253561973571776,0,0.502318784696,2735.5,123.0,123.0,2.80432384,12.087505340576172,0.8456506604839001,2732.8,123.0,123.0
70,70,2059,12.135655403137209,14.738282203674316,0,0.622800370436,2733.5,123.0,123.0,3.05647712,12.062094974517823,0.8107361329707,2732.05,123.0,123.0
71,71,2060,12.42457675933838,14.738282203674316,0,0.148205708503,2733.5,123.0,123.0,2.7933536,12.12806968688965,0.7291789635293,2732.0,123.0,123.0
72,72,2061,11.825937271118164,14.178433418273926,0,0.703341172707,2733.5,123.0,123.0,2.85110816,12.078040409088135,0.695646714862,2733.05,123.0,123.0
73,73,2062,12.354708671569824,14.548434257507324,0,1.33679253942,2725.0,123.0,123.0,2.82127456,12.065820980072022,0.7226271339220001,2732.1,123.0,123.0
74,74,2063,12.19241428375244,14.40404224395752,0,0.59543257104,2726.0,123.0,123.0,2.510648,12.161403465270997,0.6918672479353,2731.2,123.0,123.0
75,75,2064,13.38715934753418,14.110158920288086,0,0.605548291459,2721.5,123.0,123.0,2.37538464,12.286221313476563,0.6596411897729999,2730.5,123.0,123.0
76,76,2065,11.801447868347168,14.205175399780272,0,0.884059090288,2716.5,123.0,123.0,2.65882352,12.327910232543946,0.7197835425037,2729.3,123.0,123.0
77,77,2066,12.275186538696287,14.387356758117676,0,0.853548933729,2720.5,123.0,123.0,2.49789808,12.29678134918213,0.7474263450008001,2728.0,123.0,123.0
78,78,2067,11.084470748901367,14.387356758117676,0,0.113720695799,2720.5,123.0,123.0,2.9297104,12.178529834747314,0.6365768158077,2726.6,123.0,123.0
79,79,2068,12.513039588928224,14.258398056030272,0,1.23775228188,2735.0,123.0,123.0,2.83114784,12.199459648132324,0.7101201655261,2726.55,123.0,123.0
80,80,2069,11.971853256225586,14.07914924621582,0,1.10286235715,2734.0,123.0,123.0,3.14484512,12.183079433441161,0.7581263641975,2726.6,123.0,123.0
81,81,2070,12.221994400024414,15.768622398376465,0,0.440184036509,2740.0,123.0,123.0,2.42046976,12.162821197509766,0.7873241969981,2727.25,123.0,123.0
82,82,2071,12.21628761291504,13.959844589233398,0,1.04988196002,2733.0,122.0,122.0,2.64865504,12.201856231689453,0.8219782757294001,2727.2,122.9,122.9
83,83,2072,11.930747985839844,13.96141529083252,0,0.343448416858,2732.0,122.0,122.0,2.57356704,12.159460163116455,0.7226438634732,2727.9,122.8,122.8
84,84,2073,11.760719299316406,14.25818920135498,0,1.03135284082,2720.5,122.0,122.0,2.8588368,12.116290664672851,0.7662358904512,2727.35,122.7,122.7
85,85,2074,12.156929969787598,8.84816837310791,0,0.925381270451,2721.0,123.0,123.0,2.53546032,11.993267726898193,0.7982191883504,2727.3,122.7,122.7
86,86,2075,12.503713607788086,7.226669311523437,0,1.01923409837,2719.5,123.0,123.0,2.07657312,12.063494300842285,0.8117366891585999,2727.6,122.7,122.7
87,87,2076,12.305649757385254,6.965241432189941,0,0.791938068599,2718.0,123.0,123.0,2.74846816,12.066540622711182,0.8055756026455999,2727.35,122.7,122.7
88,88,2077,12.223036766052246,5.9568352699279785,0,0.701337715408,2717.0,123.0,123.0,2.40144928,12.180397224426269,0.8643373046064999,2727.0,122.7,122.7
89,89,2078,11.792840957641602,5.9568352699279785,0,0.0715388881298,2717.0,123.0,123.0,2.5140696,12.108377361297608,0.74771596523148,2725.2,122.7,122.7
90,90,2079,12.566692352294922,11.469850540161133,0,1.13809721489,2733.5,123.0,123.0,2.46278768,12.167861270904542,0.75123945100548,2725.15,122.7,122.7
91,91,2080,12.606908798217772,12.388598442077637,0,0.449420076784,2734.5,123.0,123.0,2.5000744,12.206352710723877,0.75216305503298,2724.6,122.7,122.7
92,92,2081,11.29344654083252,12.533275604248049,0,0.618358653387,2735.0,123.0,123.0,2.69632352,12.114068603515625,0.7090107243696799,2724.8,122.8,122.8
93,93,2082,13.18263816833496,12.58816146850586,0,0.807694475763,2729.5,122.0,122.0,2.28276304,12.239257621765137,0.75543533026018,2724.55,122.8,122.8
94,94,2083,12.081154823303224,12.57514476776123,0,0.257692227134,2729.5,122.0,122.0,2.54300896,12.271301174163819,0.67806926889158,2725.45,122.8,122.8
95,95,2084,12.591434478759766,11.688579559326172,0,0.823579970764,2722.5,122.0,122.0,2.26303568,12.314751625061035,0.6678891389228799,2725.6,122.7,122.7
96,96,2085,11.821510314941406,11.260021209716797,0,0.71805311227,2715.0,123.0,123.0,2.31860224,12.246531295776368,0.63777104031288,2725.15,122.7,122.7
97,97,2086,12.41219997406006,10.95012664794922,0,0.958012831602,2716.5,123.0,123.0,2.25982,12.257186317443848,0.65437851661318,2725.0,122.7,122.7
98,98,2087,12.303108215332031,10.325033187866213,0,0.700230083072,2721.5,123.0,123.0,2.43803872,12.265193462371826,0.65426775337958,2725.45,122.7,122.7
99,99,2088,12.431495666503906,10.20832633972168,0,1.19024509824,2731.5,123.0,123.0,2.34160688,12.329058933258057,0.7661383743906,2726.9,122.7,122.7
100,100,2089,12.186368942260742,10.430397033691406,0,0.703549164582,2726.5,123.0,123.0,2.63268544,12.291026592254639,0.7226835693597999,2726.2,122.7,122.7
101,101,2090,13.0558500289917,10.430397033691406,0,0.319360399696,2726.5,123.0,123.0,2.61184608,12.335920715332032,0.709677601651,2725.4,122.7,122.7
102,102,2091,12.299575805664062,12.522995948791504,0,0.616580220663,2723.5,123.0,123.0,2.80966176,12.436533641815185,0.7094997583786,2724.25,122.7,122.7
103,103,2092,12.256693840026855,15.676011085510254,0,0.789590054913,2735.5,123.0,123.0,2.61414016,12.343939208984375,0.7076893162936,2724.85,122.8,122.8
104,104,2093,13.326295852661133,15.501821517944336,0,0.740440641771,2735.0,123.0,123.0,2.59834848,12.468453311920166,0.7559641577573,2725.4,122.9,122.9
105,105,2094,13.023240089416504,11.562487602233888,0,0.700435672873,2736.0,123.0,123.0,2.89683968,12.51163387298584,0.7436497279682001,2726.75,123.0,123.0
106,106,2095,12.419523239135742,11.64120101928711,0,0.912747018608,2726.5,123.0,123.0,2.35098288,12.571435165405273,0.7631191186020001,2727.9,123.0,123.0
107,107,2096,12.124000549316406,11.993826866149902,0,0.648770122427,2722.5,123.0,123.0,2.7742848,12.542615222930909,0.7321948476844999,2728.5,123.0,123.0
108,108,2097,13.409605026245115,11.993826866149902,0,0.127870068986,2722.5,123.0,123.0,2.42834432,12.653264904022217,0.6749588462759,2728.6,123.0,123.0
109,109,2098,12.790766716003418,12.99201774597168,0,0.525644042896,2721.5,123.0,123.0,2.77432064,12.689192008972167,0.6084987407415,2727.6,123.0,123.0
110,110,2099,12.133378028869627,18.44658088684082,0,0.886109727609,2725.5,123.0,123.0,2.90543616,12.683892917633056,0.6267547970442,2727.5,123.0,123.0
111,111,2100,11.782140731811523,18.478910446166992,0,1.00443509297,2736.5,123.0,123.0,3.3684832,12.556521987915039,0.6952622663716,2728.5,123.0,123.0
112,112,2101,13.202584266662598,15.030563354492188,0,0.75969957541,2734.5,123.0,123.0,2.9634048,12.646822834014893,0.7095742018462999,2729.6,123.0,123.0
113,113,2102,11.92384147644043,15.030563354492188,0,0.271156605612,2734.5,123.0,123.0,3.69412704,12.61353759765625,0.6577308569161999,2729.5,123.0,123.0
114,114,2103,13.252877235412598,15.030718803405762,0,1.22347217611,2720.5,122.0,122.0,2.7753312,12.606195735931397,0.7060340103501,2728.05,122.9,122.9
115,115,2104,13.143828392028809,13.549199104309082,0,0.802838103322,2728.5,122.0,122.0,2.6997952,12.618254566192627,0.7162742533950001,2727.3,122.8,122.8
116,116,2105,13.118229866027832,13.549199104309082,0,0.147181925431,2728.5,122.0,122.0,2.82029184,12.688125228881836,0.6397177440773,2727.5,122.7,122.7
117,117,2106,12.641276359558104,12.20098876953125,0,0.923188655197,2736.5,122.0,122.0,2.45362128,12.739852809906006,0.6671595973543,2728.9,122.6,122.6
118,118,2107,13.033681869506836,14.171903610229492,0,1.04737183268,2734.5,123.0,123.0,2.6546072,12.702260494232178,0.7591097737237,2730.1,122.6,122.6
119,119,2108,13.678730010986328,14.03435516357422,0,1.10083380886,2733.0,123.0,123.0,2.38142048,12.791056823730468,0.8166287503201,2731.25,122.6,122.6
120,120,2109,13.092605590820312,14.03435516357422,0,0.32985220813,2733.0,123.0,123.0,2.49408832,12.886979579925537,0.7610029983722,2732.0,122.6,122.6
121,121,2110,11.880887985229492,12.963516235351562,0,1.13834377775,2745.0,123.0,123.0,2.59415088,12.896854305267334,0.7743938668502001,2732.85,122.6,122.6
122,122,2111,12.132685661315918,13.265793800354004,0,0.655220241604,2744.5,123.0,123.0,2.71515456,12.789864444732666,0.7639459334696,2733.85,122.6,122.6
123,123,2112,12.33293628692627,13.263531684875488,0,0.800188619256,2739.0,123.0,123.0,3.00147136,12.83077392578125,0.816849134834,2734.3,122.6,122.6
124,124,2113,13.45114803314209,14.942305564880373,0,0.833745180873,2734.5,123.0,123.0,2.99590304,12.8506010055542,0.7778764353103,2735.7,122.7,122.7
125,125,2114,11.943474769592283,19.482925415039062,0,0.712087213979,2731.5,123.0,123.0,2.65782784,12.730565643310547,0.7688013463760001,2736.0,122.8,122.8
126,126,2115,13.303872108459473,19.482925415039062,0,0.038787736951,2731.5,123.0,123.0,3.4236656,12.74912986755371,0.7579619275280001,2736.3,122.9,122.9
127,127,2116,12.76370334625244,20.112045288085938,0,0.970181762119,2734.0,122.0,122.0,2.58193504,12.761372566223145,0.7626612382201999,2736.05,122.9,122.9
128,128,2117,12.149070739746094,20.08307456970215,0,0.634579838619,2738.5,122.0,122.0,3.43787904,12.672911453247071,0.7213820388141,2736.45,122.8,122.8
129,129,2118,12.438199043273926,17.63933753967285,0,0.545229141286,2734.5,122.0,122.0,2.3016144,12.54885835647583,0.6658215720567,2736.6,122.7,122.7
130,130,2119,12.710871696472168,17.63933753967285,0,0.0925577503681,2734.5,122.0,122.0,3.0957456,12.510684967041016,0.64209212628051,2736.75,122.6,122.6
131,131,2120,12.36191463470459,20.152557373046875,0,1.14726517964,2737.0,122.0,122.0,2.50205744,12.558787631988526,0.64298426646951,2735.95,122.5,122.5
132,132,2121,12.40955638885498,20.13687515258789,0,0.787561843711,2733.0,123.0,123.0,2.5329736,12.586474704742432,0.65621842668021,2734.8,122.5,122.5
133,133,2122,13.360668182373049,20.72433853149414,0,1.13670007417,2737.0,122.0,122.0,2.27224416,12.68924789428711,0.68986957217161,2734.6,122.4,122.4
134,134,2123,12.317022323608398,21.64212417602539,0,0.859200685192,2744.5,122.0,122.0,3.09192064,12.57583532333374,0.69241512260351,2735.6,122.3,122.3
135,135,2124,12.63249397277832,21.37338638305664,0,0.875117410327,2750.5,121.0,121.0,2.37332736,12.644737243652344,0.70871814223831,2737.5,122.1,122.1
136,136,2125,12.618233680725098,19.278553009033203,0,0.74444512102,2748.0,121.0,121.0,2.50703056,12.576173400878906,0.7792838806452099,2739.15,121.9,121.9
137,137,2126,12.992600440979004,19.278553009033203,0,0.190263434794,2748.0,121.0,121.0,2.34100352,12.599063110351562,0.70129204791271,2740.55,121.8,121.8
138,138,2127,13.516226768493652,19.35869789123535,0,1.2394932687,2740.0,122.0,122.0,2.51096496,12.735778713226319,0.76178339092081,2740.7,121.8,121.8
139,139,2128,12.76530933380127,19.35038185119629,0,1.18499486909,2748.5,122.0,122.0,2.87807488,12.768489742279053,0.8257599637012101,2742.1,121.8,121.8
140,140,2129,13.207626342773438,19.36598014831543,0,1.06087085757,2751.0,122.0,122.0,2.60706768,12.81816520690918,0.9225912744214002,2743.75,121.8,121.8
141,141,2130,13.480469703674316,19.361406326293945,0,0.948284431421,2750.0,121.0,121.0,2.59794112,12.930020713806153,0.9026931995995,2745.05,121.7,121.7
142,142,2131,13.083776473999023,19.37188720703125,0,0.873267056144,2740.0,121.0,121.0,2.49442752,12.997442722320557,0.9112637208427999,2745.75,121.5,121.5
143,143,2132,13.21889591217041,13.001907348632812,0,0.986296632592,2752.0,121.0,121.0,2.74655776,12.983265495300293,0.896223376685,2747.25,121.4,121.4
144,144,2133,13.48045539855957,13.001907348632812,0,0.358957736961,2752.0,121.0,121.0,2.45292448,13.09960880279541,0.8461990818619001,2748.0,121.3,121.3
145,145,2134,13.362689018249512,11.199142456054688,0,1.12864819254,2758.5,121.0,121.0,2.75001344,13.17262830734253,0.8715521600832,2748.8,121.3,121.3
146,146,2135,12.941189765930176,13.582107543945312,0,1.4399732123,2752.0,121.0,121.0,3.02229952,13.204923915863038,0.9411049692112,2749.2,121.3,121.3
147,147,2136,13.1425199508667,13.787713050842283,0,0.906710536163,2743.0,121.0,121.0,2.50124624,13.219915866851807,1.0127496793481001,2748.7,121.3,121.3
148,148,2137,12.598447799682615,13.787713050842283,0,0.258040924076,2743.0,121.0,121.0,2.98064,13.128137969970703,0.9146044448856999,2749.0,121.2,121.2
149,149,2138,13.550333023071287,12.31068229675293,0,1.17892473712,2746.5,121.0,121.0,2.34166496,13.206640338897705,0.9139974316887001,2748.8,121.1,121.1
150,150,2139,12.648001670837402,11.672006607055664,0,1.05174385228,2743.0,122.0,122.0,2.94802528,13.1506778717041,0.9130847311597,2748.0,121.1,121.1
151,151,2140,13.396233558654783,11.976469993591309,0,1.1021647068,2746.0,121.0,121.0,2.62691264,13.142254257202149,0.9284727586976,2747.6,121.1,121.1
152,152,2141,12.508923530578612,12.070446968078612,0,0.9640637573,2741.0,121.0,121.0,2.86166592,13.084768962860107,0.9375524288131999,2747.7,121.1,121.1
153,153,2142,13.621747016906738,12.068236351013184,0,0.317356024907,2742.0,121.0,121.0,2.57394368,13.12505407333374,0.8706583680447,2746.7,121.1,121.1
154,154,2143,12.825933456420898,3.7755300998687744,0,1.00373493274,2744.5,121.0,121.0,2.65682672,13.059601879119873,0.9351360876226,2745.95,121.1,121.1
155,155,2144,13.539017677307127,2.668186902999878,0,1.02491383316,2736.5,121.0,121.0,2.92180928,13.077234745025635,0.9247626516846001,2743.75,121.1,121.1
156,156,2145,12.268880844116213,2.1428847312927246,1,1.1000621358,2728.0,121.0,121.0,3.18160032,13.010003852844239,0.8907715440346001,2741.35,121.1,121.1
157,157,2309,11.740501403808594,11.422481536865234,0,0.0,0.0,0.0,0.0,0.0,12.869801998138428,0.8001004904183,2467.05,109.0,109.0
158,158,2310,11.617875099182127,11.393945693969728,0,0.00616440226723,977.0,130.0,130.0,1.84764048,12.771744728088377,0.774912838237423,2290.45,109.9,109.9
159,159,2311,11.673694610595703,11.269296646118164,0,0.00426908922894,976.5,130.0,130.0,2.29536864,12.58408088684082,0.657447273448317,2113.45,110.8,110.8
160,160,2312,10.762248992919922,11.232571601867676,0,0.076536509091,975.0,130.0,130.0,1.8725376,12.395505619049072,0.5599265391294169,1936.65,111.6,111.6
161,161,2313,11.54101276397705,11.306076049804688,0,0.00304898084761,975.0,130.0,130.0,2.06465088,12.209983539581298,0.45001496653417794,1759.55,112.5,112.5
162,162,2314,11.817937850952148,11.306076049804688,0,0.000521998937243,975.0,130.0,130.0,2.03487296,12.140884971618652,0.35366079069790235,1582.95,113.4,113.4
163,163,2315,11.16998291015625,11.217483520507812,0,0.00434943632585,973.5,130.0,130.0,1.87037728,11.895708560943604,0.3223601318397873,1406.1,114.3,114.3
164,164,2316,12.21929168701172,9.37118148803711,0,0.0248679351533,974.5,129.0,129.0,1.576444,11.835044384002686,0.2244734320811173,1229.1,115.1,115.1
165,165,2317,11.704476356506348,9.379439353942873,0,7.84038496397e-05,974.5,129.0,129.0,2.1274888,11.651590251922608,0.12198988915008127,1052.9,115.9,115.9
166,166,2318,11.650250434875488,9.379439353942873,0,0.0,974.5,129.0,129.0,2.02204848,11.589727210998536,0.01198367557008127,877.55,116.7,116.7
167,167,2319,11.534847259521484,9.387410163879396,0,0.000293015186142,970.5,129.0,129.0,2.20304448,11.569161796569825,0.01201297708869547,974.6,129.6,129.6
168,168,2320,12.371357917785645,9.384108543395996,0,0.000413705176955,975.0,130.0,130.0,1.81665376,11.644510078430176,0.01143790737966797,974.4,129.6,129.6
169,169,2321,11.24844455718994,11.083653450012209,0,0.00018862423565,976.5,130.0,130.0,2.04387232,11.6019850730896,0.01102986088033897,974.4,129.6,129.6
170,170,2322,10.731966018676758,9.770662307739258,0,0.000334375657757,973.5,130.0,130.0,2.25618624,11.598956775665282,0.0034096475370146697,974.25,129.6,129.6
171,171,2323,11.016579627990724,9.438836097717283,0,0.000180132206132,971.0,130.0,130.0,1.685912,11.54651346206665,0.00312276267286687,973.85,129.6,129.6
172,172,2324,12.170038223266602,9.438836097717283,0,0.0,971.0,130.0,130.0,2.05356896,11.581723499298096,0.0030705627791425697,973.45,129.6,129.6
173,173,2325,11.335102081298828,13.211092948913574,0,0.000449691761817,971.5,129.0,129.0,2.00480768,11.598235416412354,0.0026805883227392696,973.25,129.5,129.5
174,174,2326,11.693065643310549,11.105905532836914,0,0.000183728551437,971.0,129.0,129.0,2.374308,11.545612812042236,0.00021216766255296998,972.9,129.5,129.5
175,175,2327,10.972281455993652,11.361016273498535,0,0.000470299475339,971.0,130.0,130.0,1.90002288,11.472393321990968,0.0002513572251229,972.55,129.6,129.6
176,176,2328,12.708040237426758,11.361016273498535,0,7.20495092547e-07,971.0,130.0,130.0,1.97546272,11.578172302246093,0.0002514292746321547,972.2,129.7,129.7
177,177,2329,10.00782585144043,11.207935333251951,0,0.0259027305015,973.5,130.0,130.0,1.61529456,11.425470161437989,0.0028124008061679545,972.5,129.8,129.8
178,178,2330,11.253803253173828,12.84974193572998,0,0.0046738848129,973.5,129.0,129.0,2.65438512,11.313714694976806,0.003238418769762454,972.35,129.7,129.7
179,179,2331,9.664642333984377,15.418899536132812,0,0.0241453251575,974.5,129.0,129.0,2.009308,11.15533447265625,0.005634088861947455,972.15,129.6,129.6
180,180,2332,11.262287139892578,13.16637134552002,0,0.000473733511301,976.0,130.0,130.0,2.2818592,11.208366584777831,0.005648024647301855,972.4,129.6,129.6
181,181,2333,9.359180450439451,13.16637134552002,0,6.18564650816e-07,976.0,130.0,130.0,1.54091504,11.042626667022706,0.005630073283153737,972.9,129.6,129.6
182,182,2334,9.787654876708984,13.247234344482422,0,0.000639186164404,973.0,129.0,129.0,2.53864976,10.804388332366944,0.005693991899594137,973.1,129.5,129.5
183,183,2335,8.785358428955078,13.243611335754396,0,0.000181960773766,972.0,129.0,129.0,2.01815776,10.549413967132569,0.0056672188007890366,973.15,129.5,129.5
184,184,2336,9.69546890258789,13.404672622680664,0,0.000170488153767,974.0,129.0,129.0,1.9828752,10.349654293060302,0.0056658947610220365,973.45,129.5,129.5
185,185,2337,8.648842811584473,13.460444450378418,0,0.000168073124686,974.0,129.0,129.0,1.52621856,10.117310428619385,0.005635672125956736,973.75,129.4,129.4
186,186,2338,9.002565383911133,13.460444450378418,0,1.89661382713e-06,974.0,129.0,129.0,2.23670624,9.746762943267822,0.005635789737830194,974.05,129.3,129.3
187,187,2339,7.667652606964111,13.509554862976074,0,0.000317281620413,971.5,130.0,130.0,3.51624832,9.51274561882019,0.003077244849721495,973.85,129.3,129.3
188,188,2340,7.100440979003906,13.212324142456056,0,0.000177207922212,971.0,129.0,129.0,2.85842976,9.097409391403199,0.0026275771606526946,973.6,129.3,129.3
189,189,2341,7.271123886108398,15.380495071411133,0,0.000197132760335,973.5,130.0,130.0,2.46262208,8.858057546615601,0.0002327579209361946,973.5,129.4,129.4
190,190,2342,6.503909111022949,13.772381782531738,0,0.000229969655468,973.5,129.0,129.0,3.57604512,8.382219743728637,0.00020838153535289458,973.25,129.3,129.3
191,191,2343,7.428287506103516,13.772381782531738,0,9.25834829844e-07,973.5,129.0,129.0,3.04919584,8.189130449295044,0.0002084122623707974,973.0,129.2,129.2
192,192,2344,8.130497932434082,13.42778778076172,0,0.000516572083411,973.5,129.0,129.0,2.7994992,8.023414754867554,0.0001961508542714974,973.05,129.2,129.2
193,193,2345,8.423757553100586,14.66647243499756,0,0.0002746800066,978.5,129.0,129.0,3.36605792,7.987254667282104,0.0002054227775548974,973.7,129.2,129.2
194,194,2346,8.965028762817383,14.641267776489258,0,0.00050780989741,972.5,130.0,130.0,2.81408032,7.914210653305053,0.00023915495191919738,973.55,129.3,129.3
195,195,2347,8.69784164428711,14.641267776489258,0,0.0,972.5,130.0,130.0,3.07853184,7.919110536575317,0.00022234763945059742,973.4,129.4,129.4
196,196,2348,9.282721519470217,14.67689609527588,0,0.000648881720257,976.5,129.0,129.0,2.96627616,7.947126150131226,0.0002870461500935844,973.65,129.4,129.4
197,197,2349,8.620936393737793,14.661632537841797,0,0.000165495338986,974.5,129.0,129.0,1.96216416,8.042454528808594,0.0002718675219508844,973.95,129.3,129.3
198,198,2350,7.993752002716064,14.798847198486328,0,0.000456543660188,972.5,129.0,129.0,1.88881696,8.13178563117981,0.00029980109574848443,974.1,129.3,129.3
199,199,2351,9.368524551391602,13.859384536743164,0,0.000448913717734,978.5,129.0,129.0,2.11682192,8.34152569770813,0.0003249791914883844,974.6,129.2,129.2
200,200,2352,9.422911643981934,13.859384536743164,0,1.09825189513e-05,978.5,129.0,129.0,2.02598656,8.633425951004028,0.0003030804778367144,975.1,129.2,129.2
201,201,2353,10.604602813720703,14.260539054870604,0,0.000595108095609,977.0,129.0,129.0,2.17416816,8.951057481765748,0.00036249870391463,975.45,129.2,129.2
202,202,2354,9.931848526000977,12.939799308776855,0,0.000126127099376,982.0,129.0,129.0,1.7765976,9.131192541122436,0.00032345420551113,976.3,129.2,129.2
203,203,2355,10.362184524536133,13.850242614746094,0,0.000319492711776,977.5,129.0,129.0,1.90577696,9.325035238265992,0.00032793547602873,976.2,129.2,129.2
204,204,2356,10.630558013916016,15.580913543701172,0,0.000388296609737,972.5,129.0,129.0,3.9778992,9.491588163375855,0.00031598414726143,976.2,129.1,129.1
205,205,2357,11.473233222961426,15.580913543701172,0,6.76165446072e-06,972.5,129.0,129.0,2.21551504,9.769127321243285,0.000316660312707502,976.2,129.0,129.0
206,206,2358,11.411758422851562,18.398143768310547,0,0.000472275139386,979.5,128.0,128.0,2.67310736,9.982031011581421,0.000298999654620402,976.5,128.9,128.9
207,207,2359,8.979607582092285,17.879371643066406,0,0.0105093754088,977.0,129.0,129.0,1.56142032,10.01789813041687,0.0013333876616018019,976.75,128.9,128.9
208,208,2360,11.590310096740724,16.17783546447754,0,0.00378510357963,978.5,129.0,129.0,2.68455712,10.377553939819338,0.001666243653546002,977.35,128.9,128.9
209,209,2361,10.66332721710205,18.08587074279785,0,0.0106625948144,980.5,129.0,129.0,1.84674784,10.507034206390381,0.0026876117632126024,977.55,128.9,128.9
210,210,2362,12.790446281433104,18.149721145629883,0,0.000345647348477,977.0,129.0,129.0,2.02090992,10.843787670135498,0.002721078246165172,977.4,128.9,128.9
211,211,2363,11.742796897888184,16.68056297302246,0,0.000569522173808,978.5,128.0,128.0,2.15452672,10.957607078552247,0.002718519653985072,977.55,128.8,128.8
212,212,2364,13.784762382507324,16.68056297302246,0,6.5967536511e-06,978.5,128.0,128.0,2.63042576,11.34289846420288,0.002706566619412582,977.2,128.7,128.7
213,213,2365,13.684514045715332,16.420324325561523,0,0.000426581398056,977.0,129.0,129.0,2.20103648,11.6751314163208,0.0027172754880405822,977.15,128.7,128.7
214,214,2366,11.227627754211426,16.66733169555664,0,0.000329851508364,973.5,129.0,129.0,3.7450544,11.734838390350342,0.002711430977903282,977.25,128.7,128.7
215,215,2367,12.468949317932127,16.622812271118164,0,0.000351790518119,978.5,129.0,129.0,1.76791312,11.834409999847411,0.00274593386426911,977.85,128.7,128.7
216,216,2368,12.408517837524414,16.49825668334961,0,0.00138062600428,978.5,129.0,129.0,3.48291968,11.934085941314697,0.00283676895075851,977.75,128.8,128.8
217,217,2369,13.3495512008667,16.49825668334961,0,1.58050021365e-05,978.5,129.0,129.0,1.9581792,12.371080303192139,0.0017874119100921599,977.9,128.8,128.8
218,218,2370,11.278743743896484,16.14089584350586,0,0.00151379808483,980.0,128.0,128.0,2.03115776,12.339923667907714,0.0015602813606121599,978.05,128.7,128.7
219,219,2371,12.48940086364746,13.615511894226074,0,0.0273600503603,980.0,128.0,128.0,2.23744304,12.522531032562254,0.0032300269152021597,978.0,128.6,128.6
220,220,2372,12.121085166931152,13.615511894226074,0,0.000257921077957,980.0,128.0,128.0,1.51779232,12.455594921112061,0.0032212542881501598,978.3,128.5,128.5
221,221,2373,13.573640823364258,8.737947463989258,0,0.0272148692065,978.5,127.0,127.0,2.23529776,12.638679313659669,0.00588578899141936,978.3,128.4,128.4
222,222,2374,14.034398078918455,12.813593864440918,0,0.000377216092817,980.0,127.0,127.0,3.13714144,12.663642883300781,0.00592285092533595,978.45,128.3,128.3
223,223,2375,13.308708190917969,10.331645011901855,0,0.000268037579691,981.5,127.0,127.0,2.16420352,12.626062297821045,0.00590699654349945,978.9,128.1,128.1
224,224,2376,13.90359592437744,10.331645011901855,0,0.0426499552166,981.5,127.0,127.0,1.84296592,12.893659114837646,0.01013900691432305,979.7,127.9,127.9
225,225,2377,12.727132797241213,16.83194351196289,0,0.0433127843244,982.0,128.0,128.0,2.95071328,12.919477462768555,0.01443510629495115,980.05,127.8,127.8
226,226,2378,13.416295051574709,16.99735450744629,0,0.000395700503587,979.0,128.0,128.0,2.1583936,13.020255184173584,0.014336613744881852,980.1,127.7,127.7
227,227,2379,13.201845169067385,13.982664108276367,0,0.000392059066999,980.5,128.0,128.0,3.10769792,13.005484580993652,0.014374239151368099,980.3,127.6,127.6
228,228,2380,13.555490493774414,13.469059944152832,0,0.000354983790458,985.0,128.0,128.0,1.59241456,13.233159255981445,0.0142583577219309,980.8,127.6,127.6
229,229,2381,12.330251693725586,13.468324661254885,0,1.22598570278e-05,984.0,128.0,128.0,1.8201264,13.217244338989257,0.011523578671603679,981.2,127.6,127.6
230,230,2382,13.59127140045166,12.9766263961792,0,0.000560186276447,979.5,127.0,127.0,2.20675968,13.364262962341309,0.01155380519145268,981.15,127.5,127.5
231,231,2383,12.800541877746582,14.08307647705078,0,0.0339807004864,985.5,127.0,127.0,2.37022384,13.28695306777954,0.012230388319442679,981.85,127.5,127.5
232,232,2384,13.61664867401123,15.189053535461426,0,0.0329241821758,982.5,127.0,127.0,1.75331824,13.245178127288819,0.015485084927740981,982.1,127.5,127.5
233,233,2385,13.093588829040527,15.940820693969728,0,0.0284715788097,981.5,127.0,127.0,2.41256704,13.223666191101074,0.018305439050741883,982.1,127.5,127.5
234,234,2386,14.316885948181152,14.097241401672363,0,0.0282494935941,980.0,128.0,128.0,2.076976,13.264995193481445,0.01686539288849188,981.95,127.6,127.6
235,235,2387,13.745654106140137,14.097241401672363,0,8.54796882657e-05,980.0,128.0,128.0,2.4085576,13.366847324371339,0.012542662424878451,981.75,127.6,127.6
236,236,2388,13.461429595947266,14.500357627868652,0,0.00078545241919,978.5,127.0,127.0,1.752016,13.371360778808594,0.012581637616438749,981.7,127.5,127.5
237,237,2389,13.979570388793944,15.026357650756836,0,0.000374191299883,983.5,127.0,127.0,3.04751808,13.44913330078125,0.012579850839727149,982.0,127.4,127.4
238,238,2390,13.907477378845217,16.332387924194336,0,0.000201371556048,979.5,127.0,127.0,2.42091568,13.48433198928833,0.01256448961628615,981.45,127.3,127.3
239,239,2391,13.603917121887209,16.332338333129883,0,4.71886646205e-06,978.5,127.0,127.0,2.39584608,13.611698532104493,0.012563735517229575,980.9,127.2,127.2
240,240,2392,12.493849754333496,18.279130935668945,0,0.000834364886507,981.0,128.0,128.0,1.83390144,13.501956367492676,0.012591153378235576,981.05,127.3,127.3
241,241,2393,13.27242374420166,18.14500999450684,0,0.000699703008986,983.0,128.0,128.0,2.8159184,13.549144554138184,0.009263053630494174,980.8,127.4,127.4
242,242,2394,13.417672157287598,15.972818374633787,0,0.0333820281148,982.5,127.0,127.0,1.75884896,13.52924690246582,0.009308838224394175,980.8,127.4,127.4
243,243,2395,13.407732009887695,16.474483489990234,0,0.0331629449313,981.0,128.0,128.0,2.97241216,13.560661220550537,0.009777974836554175,980.75,127.5,127.5
244,244,2396,13.179171562194824,16.858043670654297,0,0.0901033643077,976.0,128.0,128.0,1.59252448,13.446889781951905,0.015963361907914177,980.35,127.5,127.5
245,245,2397,13.835124969482422,17.691967010498047,0,0.0900127879926,979.0,129.0,129.0,1.91839888,13.455836868286132,0.024956092738347608,980.25,127.6,127.6
246,246,2398,13.684348106384276,16.377275466918945,0,0.00011918073764,979.0,129.0,129.0,1.84341456,13.478128719329835,0.024889465570192604,980.3,127.8,127.8
247,247,2399,13.830753326416016,16.377275466918945,0,1.70560309786e-06,979.0,129.0,129.0,1.83693568,13.46324701309204,0.02485221700051409,979.85,128.0,128.0
248,248,2400,13.99074649810791,16.152482986450195,0,0.0899563541863,975.5,129.0,129.0,2.09612944,13.47157392501831,0.033827715263539296,979.45,128.2,128.2
249,249,2401,13.390689849853516,16.172199249267578,0,0.00422695656221,977.0,128.0,128.0,1.86068832,13.450251197814941,0.03424993903311409,979.3,128.3,128.3
250,250,2402,12.910261154174805,16.47429084777832,0,0.0896460203161,983.5,128.0,128.0,2.18062944,13.491892337799072,0.04313110457607339,979.55,128.3,128.3
251,251,2403,12.142966270446776,16.47429084777832,0,0.0896104931711,983.5,128.0,128.0,1.6460384,13.378946590423585,0.05202218359228479,979.6,128.3,128.3
252,252,2404,12.876243591308594,16.4185733795166,0,0.0899168019139,982.0,127.0,127.0,2.53583488,13.324803733825684,0.05767566097219479,979.55,128.3,128.3
253,253,2405,12.117269515991213,16.120107650756836,0,0.0896941849892,981.0,127.0,127.0,1.52550352,13.195757484436035,0.06332878497798479,979.55,128.2,128.2
254,254,2406,12.312746047973633,15.939287185668944,0,0.0902107013926,979.0,128.0,128.0,2.890784,13.109114933013917,0.06333951868647478,979.85,128.2,128.2
255,255,2407,11.921178817749023,15.92056941986084,0,0.000348627802058,975.5,128.0,128.0,1.29956768,12.917720317840576,0.054373102667420584,979.5,128.1,128.1
256,256,2408,12.926311492919922,15.976760864257812,0,0.0897277160989,979.5,128.0,128.0,1.98089312,12.84191665649414,0.06333395620354659,979.55,128.0,128.0
257,257,2409,12.844978332519531,15.931230545043944,0,0.178856265269,979.0,128.0,128.0,1.3869448,12.743339157104492,0.0812194121701368,979.55,127.9,127.9
258,258,2410,12.673905372619627,15.931230545043944,0,0.000552496470105,979.0,128.0,128.0,1.52483808,12.611655044555665,0.0722790263985173,979.9,127.8,127.8
259,259,2411,12.824576377868652,15.975079536437988,0,0.0932131842962,978.0,128.0,128.0,1.44239184,12.555043697357178,0.0811776491719163,980.0,127.8,127.8
260,260,2412,12.894704818725586,16.016613006591797,0,0.00940296009751,980.0,128.0,128.0,1.72006576,12.553488063812257,0.0731533431500573,979.65,127.8,127.8
261,261,2413,12.494709968566896,18.295032501220703,0,0.00627146972148,982.0,128.0,128.0,1.86870304,12.588662433624268,0.0648194408050953,979.5,127.8,127.8
262,262,2414,11.783671379089355,9.766508102416992,0,0.0915709017394,982.0,128.0,128.0,1.914344,12.479405212402344,0.06498485078764529,979.5,127.9,127.9
263,263,2415,11.896408081054688,8.943370819091797,0,0.00188459559052,981.5,128.0,128.0,1.7844536,12.457319068908692,0.0562038918477773,979.55,128.0,128.0
264,264,2416,12.73984718322754,8.943370819091797,0,0.000220153702932,981.5,128.0,128.0,1.57159904,12.500029182434082,0.0472048370788105,979.8,128.0,128.0
265,265,2417,12.163325309753418,11.805328369140623,0,0.0938730460447,971.5,129.0,129.0,1.65018656,12.524243831634521,0.056557278903074694,979.4,128.1,128.1
266,266,2418,12.452130317687988,12.73499584197998,0,0.0783192272124,978.0,129.0,129.0,1.53899472,12.476825714111328,0.0554164300144247,979.25,128.2,128.2
267,267,2419,12.602362632751465,13.455218315124512,0,0.0796054804938,982.0,129.0,129.0,1.61941776,12.452564144134522,0.0454913515369047,979.55,128.3,128.3
268,268,2420,13.061942100524902,11.681244850158691,0,0.119075316231,978.5,129.0,129.0,2.4145144,12.491367816925049,0.057343633512994194,979.5,128.4,128.4
269,269,2421,12.555850982666016,11.66688632965088,0,0.0505147803986,979.0,129.0,129.0,1.45463776,12.464495277404785,0.0530737931232342,979.6,128.5,128.5
270,270,2422,13.331539154052734,11.66688632965088,0,0.0716150039907,979.0,129.0,129.0,2.856984,12.5081787109375,0.0592949975125532,979.5,128.6,128.6
271,271,2423,12.078381538391112,13.17060661315918,0,0.150006384908,976.0,129.0,129.0,1.94401968,12.466545867919923,0.0736684890312052,978.9,128.7,128.7
272,272,2424,12.522418975830078,13.364880561828612,1,0.00534941156367,976.0,129.0,129.0,1.76544032,12.540420627593994,0.0650463400136322,978.3,128.8,128.8
273,273,2736,15.478135108947754,17.581470489501953,0,0.0,0.0,0.0,0.0,0.0,12.898593330383301,0.0648578804545802,880.15,116.0,116.0
274,274,2737,15.386863708496094,17.581470489501953,0,0.00667870121126,1966.0,337.0,337.0,4.14173952,13.163294982910156,0.065503735205413,978.6,136.9,136.9
275,275,2738,16.203914642333984,15.808642387390137,0,0.11280796368,1967.5,337.0,337.0,4.44358464,13.567353916168212,0.067397226968943,1078.2,157.7,157.7
276,276,2739,14.54391860961914,14.967913627624512,0,0.0443247791635,1963.0,338.0,338.0,3.66806944,13.776532745361328,0.063997782164053,1176.7,178.6,178.6
277,277,2740,17.174131393432617,17.51457405090332,0,0.0212572883411,1966.0,338.0,338.0,3.52736832,14.233709621429444,0.058162962948783,1275.1,199.5,199.5
278,278,2741,16.558494567871094,17.335115432739258,0,0.045829851857,1957.0,337.0,337.0,3.06318368,14.583364868164063,0.050838416511383,1372.95,220.3,220.3
279,279,2742,16.41203498840332,17.335115432739258,0,0.00238636811042,1957.0,337.0,337.0,2.43497312,14.968983268737793,0.046025575282565,1470.75,241.1,241.1
280,280,2743,16.21626853942871,17.356510162353516,0,0.100710612324,1959.0,337.0,337.0,3.31795808,15.257456207275391,0.048935136115895,1568.75,261.9,261.9
281,281,2744,17.46864128112793,15.193748474121094,0,0.136359855271,1976.0,338.0,338.0,3.34765152,15.796482181549072,0.047570483152194996,1668.75,282.8,282.8
282,282,2745,17.511945724487305,14.374753952026367,0,0.179027089364,1958.5,337.0,337.0,3.14012512,16.295434856414794,0.064938250932228,1767.0,303.6,303.6
283,283,2746,15.962956428527832,15.333674430847168,0,0.189718363181,1972.5,337.0,337.0,2.84964448,16.343916988372804,0.083910087250328,1964.25,337.3,337.3
284,284,2747,16.03146743774414,14.745097160339355,0,0.0816126010831,1956.0,336.0,336.0,2.8096416,16.408377361297607,0.09140347723751199,1963.25,337.2,337.2
285,285,2748,17.199281692504883,14.743941307067873,0,0.113430470569,1955.0,336.0,336.0,3.44791936,16.507914066314697,0.091465727926412,1962.0,337.1,337.1
286,286,2749,15.574631690979004,15.164838790893556,0,0.230323560461,1956.5,337.0,337.0,3.1074128,16.610985374450685,0.110065606056162,1961.35,337.0,337.0
287,287,2750,15.845280647277832,13.25001049041748,0,0.283442944806,1961.0,337.0,337.0,3.30685664,16.478100299835205,0.136284171702652,1960.85,336.9,336.9
288,288,2751,15.429597854614258,12.598596572875977,0,0.0655514756023,1971.0,337.0,337.0,4.12931744,16.365210628509523,0.13825633407718202,1962.25,336.9,336.9
289,289,2752,16.216678619384766,12.598596572875977,0,0.0105098592781,1971.0,337.0,337.0,3.90780672,16.345674991607666,0.13906868319395,1963.65,336.9,336.9
290,290,2753,15.491962432861328,13.445585250854492,0,0.254700459494,1948.0,337.0,337.0,3.03231712,16.273244380950928,0.15446766791094999,1962.55,336.9,336.9
291,291,2754,16.131481170654297,13.98584270477295,0,0.231261353753,1961.0,337.0,337.0,3.18841376,16.139528369903566,0.16395781775915,1961.05,336.8,336.8
292,292,2755,15.929314613342283,14.952715873718262,0,0.265417073116,1960.0,337.0,337.0,2.83847808,15.981265258789062,0.17259681613435,1961.2,336.8,336.8
293,293,2756,15.919281005859377,8.90661334991455,0,0.160528366034,1965.0,338.0,338.0,2.59861584,15.976897716522217,0.16967781641965002,1960.45,336.9,336.9
294,294,2757,15.772791862487791,8.90661334991455,0,0.245465288453,1965.0,338.0,338.0,2.94033952,15.951030158996582,0.18606308515664,1961.35,337.1,337.1
295,295,2758,15.493021965026855,9.11635398864746,0,0.145023407533,1962.0,337.0,337.0,2.87521952,15.780404186248779,0.18922237885304,1962.05,337.2,337.2
296,296,2759,15.860645294189451,9.298694610595703,0,0.129491956156,1969.0,337.0,337.0,3.10223488,15.809005546569825,0.17913921842254,1963.3,337.2,337.2
297,297,2760,15.026464462280272,10.215447425842283,0,0.193393661308,1971.0,337.0,337.0,2.98098304,15.727123928070068,0.17013429007274,1964.3,337.2,337.2
298,298,2761,14.72218418121338,10.215447425842283,0,0.117771888711,1971.0,337.0,337.0,3.55764864,15.65638256072998,0.17535633138361,1964.3,337.2,337.2
299,299,2762,14.80356216430664,9.918923377990724,0,0.187987306699,1974.5,337.0,337.0,2.2717496,15.515070915222168,0.19310407612570002,1964.65,337.2,337.2
300,300,2763,15.223672866821287,10.58543300628662,0,0.154982639417,1947.0,336.0,336.0,3.28978208,15.488241958618165,0.183132294118,1964.55,337.1,337.1
301,301,2764,14.092178344726562,8.9435453414917,0,0.280299837103,1956.0,336.0,336.0,3.63693376,15.284311676025391,0.188036142453,1964.05,337.0,337.0
302,302,2765,15.822482109069824,8.958003044128418,0,0.35158663716,1955.0,336.0,336.0,4.31096544,15.273628425598144,0.1966530988574,1963.55,336.9,336.9
303,303,2766,14.85859203338623,8.936798095703125,0,0.225297774461,1954.0,336.0,336.0,3.1891936,15.16755952835083,0.2031300397001,1962.45,336.7,336.7
304,304,2767,15.667731285095217,8.934694290161133,0,0.217550985981,1953.0,336.0,336.0,3.0925664,15.157053470611572,0.2003386094529,1961.25,336.5,336.5
305,305,2768,14.194007873535156,8.910604476928711,0,0.449809628313,1949.5,336.0,336.0,3.8507648,15.027152061462402,0.2308172315309,1960.0,336.4,336.4
306,306,2769,15.35261058807373,8.938397407531738,0,0.265693044297,1950.5,336.0,336.0,3.08853408,14.97634859085083,0.24443734034500003,1958.15,336.3,336.3
307,307,2770,15.099639892578123,9.376352310180664,0,0.538672259056,1950.5,337.0,337.0,4.08145216,14.983666133880615,0.2789652001198,1956.1,336.3,336.3
308,308,2771,15.173619270324709,9.374713897705078,0,0.20077214242,1950.0,337.0,337.0,3.30392384,15.028809642791748,0.2872652254907,1954.0,336.3,336.3
309,309,2772,14.13706874847412,10.615850448608398,0,0.51096789011,1975.0,338.0,338.0,3.59035072,14.962160301208495,0.3195632838318,1954.05,336.4,336.4
310,310,2773,15.51222801208496,11.729581832885742,0,0.203538466349,1966.0,338.0,338.0,3.97906784,14.991015815734864,0.324418866525,1955.95,336.6,336.6
311,311,2774,15.796372413635254,11.897486686706545,0,0.632545619712,1957.0,337.0,337.0,3.94003328,15.161435222625732,0.3596434447859,1956.05,336.7,336.7
312,312,2775,15.568634033203123,13.512421607971191,0,0.576901379778,1964.5,337.0,337.0,3.4956512,15.136050415039062,0.3821749190477,1957.0,336.8,336.8
313,313,2776,14.32137680053711,13.512421607971191,0,0.162726110187,1964.5,337.0,337.0,2.5054176,15.08232889175415,0.37591775262029997,1958.05,336.9,336.9
314,314,2777,15.504688262939451,13.339884757995604,0,0.204083693153,1970.5,337.0,337.0,3.70018976,15.066024589538575,0.3745710233375,1959.8,337.0,337.0
315,315,2778,15.402214050292969,13.194463729858398,0,0.27595990167,1972.5,337.0,337.0,3.1290272,15.186845207214356,0.3571860506732,1962.1,337.1,337.1
316,316,2779,14.691288948059082,13.944097518920898,0,0.426327792153,1972.0,337.0,337.0,3.52563616,15.120713043212891,0.37324952545879997,1964.25,337.2,337.2
317,317,2780,15.401434898376465,13.944933891296388,0,0.298793709729,1973.0,337.0,337.0,3.27306144,15.150892543792725,0.34926167052609997,1966.5,337.2,337.2
318,318,2781,15.286903381347656,13.96115016937256,0,0.489033818687,1971.0,337.0,337.0,3.22764064,15.16222095489502,0.3780878381528,1968.6,337.2,337.2
319,319,2782,14.261748313903809,11.889729499816896,0,0.405223440692,1970.5,337.0,337.0,3.04581984,15.174688911437988,0.367513393211,1968.15,337.1,337.1
320,320,2783,14.642916679382324,10.260496139526367,0,0.501610830348,1957.0,337.0,337.0,3.43228,15.087757778167724,0.3973206296109,1967.25,337.0,337.0
321,321,2784,15.540945053100586,10.260886192321776,0,0.190158032218,1958.0,337.0,337.0,4.04128288,15.062215042114257,0.3530818708615,1967.35,337.0,337.0
322,322,2785,15.659083366394045,14.255176544189451,0,0.553257010004,1967.5,337.0,337.0,3.780984,15.07125997543335,0.3507174338841,1967.65,337.0,337.0
323,323,2786,15.698795318603516,9.580886840820312,0,0.510670952562,1976.5,337.0,337.0,3.57646016,15.209001827239991,0.38551191812159996,1968.85,337.0,337.0
324,324,2787,14.277579307556152,10.709247589111328,0,0.458352634825,1979.5,337.0,337.0,2.82193472,15.08629093170166,0.4109388122888,1969.75,337.0,337.0
325,325,2788,15.177395820617676,11.108736038208008,0,0.3912318237,1973.5,337.0,337.0,4.51708,15.06380910873413,0.4224660044918,1969.85,337.0,337.0
326,326,2789,15.622057914733888,13.30784034729004,0,0.738312754298,1982.5,337.0,337.0,2.8471648,15.156886005401612,0.4536645007063,1970.9,337.0,337.0
327,327,2790,14.655380249023438,13.30784034729004,0,0.277910414388,1982.5,337.0,337.0,3.20649632,15.082280540466309,0.4515761711722,1971.85,337.0,337.0
328,328,2791,14.646573066711426,13.170244216918944,0,0.540462497179,1957.5,336.0,336.0,2.89499552,15.018247509002686,0.4567190390214,1970.5,336.9,336.9
329,329,2792,15.580330848693848,12.245067596435549,0,0.351163602725,1968.0,337.0,337.0,3.71100416,15.15010576248169,0.45131305522469994,1970.25,336.9,336.9
330,330,2793,14.83277416229248,11.34643840789795,0,0.498694968214,1970.5,337.0,337.0,2.89071808,15.169091510772706,0.4510214690113,1971.6,336.9,336.9
331,331,2794,14.605928421020508,11.361069679260254,0,0.722978115551,1967.5,337.0,337.0,3.97187648,15.075589847564697,0.5043034773446,1972.55,336.9,336.9
332,332,2795,14.271028518676758,11.36129665374756,0,0.524480661587,1966.5,337.0,337.0,3.47638016,14.936784362792968,0.5014258425029,1972.45,336.9,336.9
333,333,2796,14.304851531982422,11.201926231384276,0,0.835072887592,1964.0,336.0,336.0,4.24613664,14.79738998413086,0.5338660360059,1971.2,336.8,336.8
334,334,2797,14.448478698730469,14.34247589111328,0,0.721812290546,1969.0,336.0,336.0,3.22096448,14.81447992324829,0.560212001578,1970.15,336.7,336.7
335,335,2798,13.579585075378418,14.75783634185791,0,0.77713063178,1966.0,336.0,336.0,3.88154048,14.654698848724365,0.598801882386,1969.4,336.6,336.6
336,336,2799,14.260799407958984,15.628951072692873,0,0.851050472483,1970.5,336.0,336.0,3.1589184,14.518572998046874,0.6100756542045,1968.2,336.5,336.5
337,337,2800,14.198331832885742,15.50918674468994,0,0.555567636759,1964.5,336.0,336.0,3.59019488,14.472868156433105,0.6378413764416001,1966.4,336.4,336.4
338,338,2801,14.954131126403809,15.50918674468994,0,0.484269275635,1964.5,336.0,336.0,3.33170176,14.503623962402344,0.6322220542872,1967.1,336.4,336.4
339,339,2802,15.262624740600586,15.504992485046388,0,0.797160569553,1957.0,336.0,336.0,2.822304,14.471853351593017,0.6768217509700001,1966.0,336.3,336.3
340,340,2803,15.726841926574709,15.032939910888672,0,0.717477974382,1972.0,337.0,337.0,2.96640608,14.56126012802124,0.6987000515868,1966.15,336.3,336.3
341,341,2804,15.130346298217772,14.73022747039795,0,0.337238098994,1978.5,337.0,337.0,2.58655136,14.613701915740966,0.6601260499310999,1967.25,336.3,336.3
342,342,2805,15.395345687866213,9.15157413482666,0,0.423295968803,1976.0,337.0,337.0,2.66263952,14.726133632659913,0.6500075806526999,1968.2,336.3,336.3
343,343,2806,14.336929321289062,9.008148193359377,0,0.342645772389,1976.0,337.0,337.0,2.96545632,14.729341411590577,0.6007648691323999,1969.4,336.4,336.4
344,344,2807,14.594709396362305,13.14785099029541,0,0.375766467525,1961.5,337.0,337.0,3.42287712,14.74396448135376,0.5661602868303001,1968.65,336.5,336.5
345,345,2808,13.92923355102539,11.291035652160645,0,0.191073030606,1978.5,337.0,337.0,3.0766704,14.778929328918457,0.5075545267129,1969.9,336.6,336.6
346,346,2809,14.60883903503418,11.291035652160645,0,0.334031307907,1978.5,337.0,337.0,2.25264048,14.813733291625976,0.45585261025529994,1970.7,336.7,336.7
347,347,2810,14.029322624206545,16.058935165405273,0,1.10230603601,1971.5,336.0,336.0,2.69053824,14.796832370758057,0.5105264501804001,1971.4,336.7,336.7
348,348,2811,14.180790901184082,19.154998779296875,0,0.339575548231,1973.5,336.0,336.0,2.3150608,14.719498348236083,0.49605707744,1972.3,336.7,336.7
349,349,2812,14.78233242034912,17.435447692871094,0,0.235873223756,1974.5,336.0,336.0,2.72468512,14.671469116210938,0.43992834286029997,1974.05,336.7,336.7
350,350,2813,13.904352188110352,17.435447692871094,0,0.363378373529,1974.5,336.0,336.0,2.85997344,14.489220142364502,0.40451838277499996,1974.3,336.6,336.6
351,351,2814,15.124133110046388,16.934650421142578,0,0.917950767894,1951.0,337.0,337.0,3.32089728,14.488598823547363,0.46258964966500005,1971.55,336.6,336.6
352,352,2815,13.91269588470459,17.559436798095703,0,0.646104839747,1956.0,336.0,336.0,3.63230368,14.340333843231202,0.48487053675940006,1969.55,336.5,336.5
353,353,2816,14.893072128295898,17.25823211669922,0,1.08061039671,1959.0,336.0,336.0,2.82130208,14.395948123931884,0.5586669991915001,1967.85,336.4,336.4
354,354,2817,13.590893745422363,17.25823211669922,1,0.605993971066,1959.0,336.0,336.0,2.70186784,14.29556655883789,0.5816897495456,1967.6,336.3,336.3
355,355,3010,17.148025512695312,16.616003036499023,0,0.0,0.0,0.0,0.0,0.0,14.617445755004884,0.562582446485,1769.75,302.6,302.6
356,356,3011,17.02207374572754,17.131103515625,0,0.330552625882,2265.5,337.0,337.0,3.93119232,14.85876922607422,0.5622345782825,1798.45,302.6,302.6
357,357,3012,16.572649002075195,16.280975341796875,0,0.307041919524,2279.5,337.0,337.0,3.42866816,15.113101863861084,0.4827081666339,1829.25,302.7,302.7
358,358,3013,16.311491012573242,16.29847526550293,0,0.359810055933,2236.0,338.0,338.0,4.22799936,15.326171875,0.4847316174041,1855.5,302.9,302.9
359,359,3014,18.062753677368164,16.2922420501709,0,0.672565307501,2234.0,338.0,338.0,4.3877584,15.654214000701904,0.5284008257785999,1881.45,303.1,303.1
360,360,3015,17.262269973754883,16.2922420501709,0,0.0941878850723,2234.0,338.0,338.0,3.4850224,15.990005779266358,0.50148177693293,1907.4,303.3,303.3
361,361,3016,17.078113555908203,16.271648406982422,0,0.449920822477,2260.5,338.0,338.0,4.467416,16.18540382385254,0.45467878239122994,1938.35,303.4,303.4
362,362,3017,16.437158584594727,16.270009994506836,0,0.632602112768,2272.0,338.0,338.0,3.8558512,16.437850093841554,0.45332850969333,1969.95,303.6,303.6
363,363,3018,16.864789962768555,16.671213150024414,0,0.494062887038,2263.0,338.0,338.0,3.94517792,16.635021877288818,0.39467375872613,2000.35,303.8,303.8
364,364,3019,15.969002723693848,16.550708770751953,0,0.63080925653,2279.5,337.0,337.0,3.91504096,16.872832775115967,0.39715528727253,2032.4,303.9,303.9
365,365,3020,17.224628448486328,16.550708770751953,0,0.121224533045,2279.5,337.0,337.0,4.19969184,16.880493068695067,0.40927774057703,2260.35,337.6,337.6
366,366,3021,15.985258102416992,16.471866607666016,0,0.390135910085,2267.0,337.0,337.0,4.08455328,16.776811504364012,0.41523606899732995,2260.5,337.6,337.6
367,367,3022,17.523056030273438,16.73322868347168,0,0.252749623862,2275.0,337.0,337.0,3.9607216,16.87185220718384,0.40980683943112994,2260.05,337.6,337.6
368,368,3023,16.3535099029541,17.973222732543945,0,0.575921876554,2243.0,338.0,338.0,3.78076288,16.876054096221925,0.43141802149323,2260.75,337.6,337.6
369,369,3024,16.58373260498047,17.891014099121094,0,0.699424431275,2273.5,338.0,338.0,4.67599168,16.728151988983154,0.43410393387062995,2264.7,337.6,337.6
370,370,3025,17.468738555908203,19.594562530517575,0,0.574661771368,2279.5,338.0,338.0,3.32086368,16.748798847198486,0.48215132250020004,2269.25,337.6,337.6
371,371,3026,16.85213851928711,19.594562530517575,0,0.142047633471,2279.5,338.0,338.0,4.26559104,16.726201343536378,0.45136400359960005,2271.15,337.6,337.6
372,372,3027,16.797298431396484,19.310022354125977,0,0.428321392558,2291.0,339.0,339.0,3.45852224,16.762215328216552,0.4309359315786,2273.05,337.7,337.7
373,373,3028,16.395858764648438,20.63787269592285,0,0.399816239098,2268.0,339.0,339.0,4.00838432,16.71532220840454,0.42151126678460005,2273.55,337.8,337.8
374,374,3029,16.67491912841797,20.63787269592285,0,0.0505972606252,2268.0,339.0,339.0,3.7478064,16.78591384887695,0.36349006719412,2272.4,338.0,338.0
375,375,3030,17.167007446289062,20.70400619506836,0,0.589642048444,2271.0,339.0,339.0,3.51422304,16.780151748657225,0.41033181873402,2271.55,338.2,338.2
376,376,3031,16.268543243408203,20.91910552978516,0,0.679417547948,2272.0,339.0,339.0,3.47971616,16.808480262756348,0.43925998252031995,2272.05,338.4,338.4
377,377,3032,16.42155647277832,20.31925773620605,0,0.778690073719,2280.5,338.0,338.0,4.2799904,16.698330307006835,0.49185402750602,2272.6,338.5,338.5
378,378,3033,17.008800506591797,20.31925773620605,0,0.10255266384,2280.5,338.0,338.0,3.77013888,16.763859367370607,0.44451710623461993,2276.35,338.5,338.5
379,379,3034,16.401893615722656,20.776973724365234,0,0.770948595865,2287.5,338.0,338.0,3.1269952,16.745675468444823,0.45166952269362,2277.75,338.5,338.5
380,380,3035,16.153764724731445,15.781001091003418,0,0.659975087863,2277.5,339.0,339.0,3.30885184,16.614178085327147,0.46020085434312,2277.55,338.6,338.6
381,381,3036,17.28636360168457,20.453859329223636,0,0.848634958403,2298.0,339.0,339.0,4.44012992,16.657600593566894,0.5308595868363201,2279.4,338.7,338.7
382,382,3037,16.493284225463867,17.176042556762695,0,0.685764476527,2280.0,339.0,339.0,4.0425152,16.627199172973633,0.5566038952332201,2278.3,338.7,338.7
383,383,3038,16.96942710876465,17.176042556762695,0,0.142230457127,2280.0,339.0,339.0,4.555008,16.684556007385254,0.53084531703612,2279.5,338.7,338.7
384,384,3039,16.20537567138672,20.780426025390625,0,0.885597756625,2268.0,338.0,338.0,3.66217088,16.63760166168213,0.6143453666361001,2279.5,338.6,338.6
385,385,3040,16.275224685668945,18.95830345153809,0,0.485373861664,2257.0,338.0,338.0,3.37425344,16.54842338562012,0.6039185479581,2278.1,338.5,338.5
386,386,3041,16.600828170776367,20.817895889282227,0,0.769167892425,2227.5,339.0,339.0,3.8639152,16.581651878356933,0.6128935824057999,2273.65,338.5,338.5
387,387,3042,15.789987564086914,19.80668067932129,0,0.508692636212,2248.5,339.0,339.0,3.08882496,16.51849498748779,0.5858938386551,2270.45,338.6,338.6
388,388,3043,16.02618408203125,18.334442138671875,0,0.597000745432,2257.0,339.0,339.0,3.51207072,16.42023334503174,0.6353386468143001,2268.1,338.7,338.7
389,389,3044,16.43793296813965,18.334442138671875,0,0.0531133841664,2257.0,339.0,339.0,3.39457152,16.42383728027344,0.56355512564444,2265.05,338.8,338.8
390,390,3045,16.62210464477539,16.411561965942383,0,0.588147579247,2254.5,339.0,339.0,3.45628672,16.470671272277833,0.55637237478284,2262.75,338.8,338.8
391,391,3046,15.97841453552246,15.718744277954102,0,0.649332060296,2271.0,339.0,339.0,3.20029312,16.33987636566162,0.53644208497214,2260.05,338.8,338.8
392,392,3047,17.600696563720703,16.195106506347656,0,0.783894129437,2255.0,340.0,340.0,3.58004832,16.450617599487305,0.54625505026314,2257.55,338.9,338.9
393,393,3048,16.171255111694336,16.060043334960938,0,0.62601618232,2246.0,340.0,340.0,3.4216848,16.370800399780272,0.59463362278244,2254.15,339.0,339.0
394,394,3049,16.89996910095215,16.060043334960938,0,0.0632441111443,2246.0,340.0,340.0,2.97443424,16.440259742736817,0.51239825823437,2251.95,339.2,339.2
395,395,3050,15.861572265625,15.8247709274292,0,0.594167556064,2278.0,339.0,339.0,2.91777792,16.39889450073242,0.52327762767437,2254.05,339.3,339.3
396,396,3051,16.907323837280273,16.983318328857422,0,0.81358914619,2266.5,339.0,339.0,2.8666112,16.429544067382814,0.52771975305087,2257.95,339.3,339.3
397,397,3052,15.950967788696287,19.61445617675781,0,0.770416601381,2240.0,339.0,339.0,2.80820512,16.44564208984375,0.55389214956777,2257.1,339.3,339.3
398,398,3053,16.31627655029297,18.764633178710938,0,0.573267747,2249.5,339.0,339.0,3.50054976,16.474651336669922,0.55151884972457,2256.35,339.3,339.3
399,399,3054,16.189210891723633,18.757160186767575,0,0.0968226656409,2249.5,339.0,339.0,2.804464,16.44977912902832,0.55588977787202,2255.6,339.3,339.3
400,400,3055,16.908143997192383,19.092361450195312,0,0.79015665474,2256.0,339.0,339.0,2.62958624,16.47838306427002,0.57609068542132,2255.75,339.3,339.3
401,401,3056,16.259546279907227,22.424606323242188,0,0.726848225528,2287.0,339.0,339.0,2.50537936,16.506496238708497,0.58384230194452,2257.35,339.3,339.3
402,402,3057,16.382949829101562,20.55519294738769,0,0.768890513241,2291.0,339.0,339.0,3.23938432,16.384721565246583,0.5823419403249199,2260.95,339.2,339.2
403,403,3058,17.304447174072266,22.14972686767578,0,0.892477269891,2253.5,339.0,339.0,3.66136,16.498040771484376,0.60898804908202,2261.7,339.1,339.1
404,404,3059,16.803428649902344,22.14972686767578,0,0.344283025581,2253.5,339.0,339.0,3.6740784,16.488386726379396,0.63709194052569,2262.45,339.0,339.0
405,405,3060,17.05406379699707,22.19158172607422,0,0.866918352159,2245.5,339.0,339.0,4.07776992,16.6076358795166,0.66436702013519,2259.2,339.0,339.0
406,406,3061,16.07790184020996,22.16001892089844,0,0.601905166174,2256.5,339.0,339.0,2.5054128,16.52469367980957,0.64319862213359,2258.2,339.0,339.0
407,407,3062,16.700721740722656,22.16001892089844,0,0.0362284506196,2256.5,339.0,339.0,3.66854656,16.59966907501221,0.56977980705745,2259.85,339.0,339.0
408,408,3063,15.97214412689209,22.15395164489746,0,0.65959627737,2253.0,339.0,339.0,2.5648704,16.56525583267212,0.57841266009445,2260.2,339.0,339.0
409,409,3064,16.416744232177734,22.187997817993164,0,0.641689074478,2251.5,339.0,339.0,4.20965216,16.58800916671753,0.63289930097816,2260.4,339.0,339.0
410,410,3065,15.834512710571287,22.16702461242676,0,0.818795698823,2265.0,339.0,339.0,3.1217552,16.48064603805542,0.63576320538646,2261.3,339.0,339.0
411,411,3066,17.01773452758789,19.14889144897461,0,0.844787543112,2286.0,339.0,339.0,3.2131584,16.556464862823486,0.6475571371448601,2261.2,339.0,339.0
412,412,3067,15.61062240600586,19.14889144897461,0,0.141043078701,2286.0,339.0,339.0,2.8183264,16.479232120513917,0.58477239369086,2260.7,339.0,339.0
413,413,3068,15.664715766906738,22.65719985961914,0,0.83765455065,2278.5,339.0,339.0,3.67390976,16.315258979797363,0.57929012176676,2263.2,339.0,339.0
414,414,3069,16.694862365722656,22.49457550048828,0,0.402407187383,2276.5,339.0,339.0,4.58446368,16.304402351379395,0.58510253794696,2265.5,339.0,339.0
415,415,3070,16.409244537353516,13.01712417602539,0,0.704032894871,2285.0,339.0,339.0,2.99082528,16.23992042541504,0.56881399221816,2269.45,339.0,339.0
416,416,3071,16.597654342651367,11.281161308288574,0,0.863255253555,2254.0,339.0,339.0,3.86114336,16.29189567565918,0.59494900095626,2269.2,339.0,339.0
417,417,3072,16.13810920715332,11.7302827835083,0,0.949222266371,2271.0,339.0,339.0,3.5173456,16.235634422302248,0.6862483825314001,2270.65,339.0,339.0
418,418,3073,16.29676055908203,12.352824211120604,0,0.611710496485,2259.5,339.0,339.0,3.59483776,16.26809606552124,0.6814598044429,2271.3,339.0,339.0
419,419,3074,16.50804901123047,12.52492618560791,0,0.539111067392,2280.0,339.0,339.0,3.4307536,16.277226543426515,0.6712020037343,2274.15,339.0,339.0
420,420,3075,16.550418853759766,12.542158126831056,0,0.489034833516,2290.5,339.0,339.0,3.84700928,16.348817157745362,0.6382259172036,2276.7,339.0,339.0
421,421,3076,16.034025192260742,12.542158126831056,0,0.0971383657008,2290.5,339.0,339.0,3.5781472,16.250446224212645,0.5634609994624801,2277.15,339.0,339.0
422,422,3077,17.514488220214844,12.61156940460205,0,0.569397381708,2280.0,339.0,339.0,3.69996544,16.440832805633544,0.60629642976318,2276.55,339.0,339.0
423,423,3078,16.29987144470215,12.612279891967772,0,0.737083511015,2250.5,339.0,339.0,4.14134368,16.504348373413087,0.5962393257996801,2273.75,339.0,339.0
424,424,3079,15.65920066833496,12.895115852355955,0,0.895689247686,2230.0,338.0,338.0,3.50676896,16.400782203674318,0.6455675318299801,2269.1,338.9,338.9
425,425,3080,16.419967651367188,12.895115852355955,0,0.152092989126,2230.0,338.0,338.0,3.79185152,16.401854515075684,0.59037354125548,2263.6,338.8,338.8
426,426,3081,15.847371101379396,12.97727394104004,0,0.584620188964,2229.0,339.0,339.0,2.9309504,16.326826190948488,0.5625100347963801,2261.1,338.8,338.8
427,427,3082,16.222810745239258,8.730032920837402,0,0.621015342719,2218.0,339.0,339.0,2.9090048,16.33529634475708,0.5296893424311799,2255.8,338.8,338.8
428,428,3083,15.158310890197754,5.141582489013672,0,0.652799391374,2220.5,339.0,339.0,2.88725536,16.221451377868654,0.5337982319200799,2251.9,338.8,338.8
429,429,3084,15.811421394348145,3.5489351749420166,0,1.19880414568,2258.0,338.0,338.0,3.16394176,16.15178861618042,0.59976753974888,2249.7,338.7,338.7
430,430,3085,14.538206100463867,3.968992710113525,0,2.4936404328,2190.0,333.0,333.0,2.89683712,15.95056734085083,0.80022809967728,2239.65,338.1,338.1
431,431,3086,13.973684310913086,4.295109748840332,0,1.53036915074,2156.0,330.0,330.0,2.83894272,15.744533252716064,0.9435511781812,2226.2,337.2,337.2
432,432,3087,13.260607719421388,4.295109748840332,0,0.204926242898,2156.0,330.0,330.0,3.19137312,15.319145202636719,0.9071040643002,2213.8,336.3,336.3
433,433,3088,14.05243968963623,5.410390377044678,0,1.61040467441,2143.0,326.0,326.0,3.48797184,15.094402027130126,0.9944361806397,2203.05,335.0,335.0
434,434,3089,12.624948501586914,6.30621862411499,0,1.88156426452,2064.0,319.0,319.0,3.1652048,14.790976810455323,1.0930236823230999,2186.45,333.1,333.1
435,435,3090,11.900344848632812,6.30621862411499,0,0.34160507792,2064.0,319.0,319.0,2.65240688,14.339014530181885,1.1119748912024998,2169.85,331.2,331.2
436,436,3091,11.22801685333252,7.099957466125488,1,3.69680509177,2007.5,306.0,306.0,3.40194464,13.877079105377197,1.4231933814831,2147.7,327.9,327.9
437,437,3255,13.001922607421877,10.777382850646973,0,0.0,0.0,0.0,0.0,0.0,13.554990291595459,1.3610918472112001,1925.9,294.0,294.0
438,438,3256,16.386003494262695,11.483920097351074,0,0.0134638195412,2692.0,338.0,338.0,3.9583808,13.677759552001953,1.29715829002792,1973.05,293.9,293.9
439,439,3257,15.194846153259276,11.414663314819336,0,0.0126630946161,2695.5,338.0,338.0,3.26697696,13.616102027893067,1.17854418492153,2016.8,293.9,293.9
440,440,3258,17.170330047607422,12.451789855957031,0,0.0023998585866,2688.0,339.0,339.0,4.28923136,13.879314422607422,0.92942012750019,2066.6,294.5,294.5
441,441,3259,13.773470878601074,12.898707389831545,0,0.0191035350319,2702.5,339.0,339.0,3.23964832,13.85929307937622,0.77829356592938,2121.25,295.4,295.4
442,442,3260,15.860200881958008,12.991580963134766,0,0.0183161189469,2705.0,339.0,339.0,4.01676672,14.119252395629882,0.7596325535342701,2176.15,296.3,296.3
443,443,3261,14.85630226135254,12.991580963134766,0,0.000248198399458,2705.0,339.0,339.0,3.76243904,14.199638652801514,0.5986169059332157,2232.35,297.6,297.6
444,444,3262,17.073646545410156,13.035284996032717,0,0.00271895743415,2701.0,339.0,339.0,3.60920544,14.644508457183838,0.4107323752246308,2296.05,299.6,299.6
445,445,3263,14.290253639221191,13.056280136108398,0,0.00378893305225,2684.5,339.0,339.0,3.43604224,14.883499336242675,0.37695076073785583,2358.1,301.6,301.6
446,446,3264,14.713224411010742,13.397550582885742,0,0.0014661458206,2682.5,339.0,339.0,4.38451648,15.232020092010497,0.0074168661429158,2425.6,304.9,304.9
447,447,3265,15.37289047241211,13.489483833312988,0,0.0031913727888,2682.5,340.0,340.0,4.06896608,15.46911687850952,0.0077360034217958,2693.85,338.9,338.9
448,448,3266,16.17073631286621,13.489483833312988,0,0.000946947846504,2682.5,340.0,340.0,4.44960128,15.447590160369874,0.0064843162523262,2692.9,339.1,339.1
449,449,3267,15.496953010559082,11.178018569946287,0,0.00198460002707,2683.0,339.0,339.0,3.72012032,15.477800846099854,0.0054164667934231995,2691.65,339.2,339.2
450,450,3268,15.56401538848877,11.152377128601074,0,0.00210154031977,2692.0,340.0,340.0,5.07835648,15.317169380187988,0.0053866349667401996,2692.05,339.3,339.3
451,451,3269,15.54059600830078,11.15762996673584,0,0.00168952507705,2696.5,340.0,340.0,3.77435392,15.493881893157958,0.0036452339712552003,2691.45,339.4,339.4
452,452,3270,15.195509910583496,11.182732582092283,0,0.0851925378346,2685.0,340.0,340.0,3.63416992,15.427412796020509,0.0103328758600252,2689.45,339.5,339.5
453,453,3271,14.635824203491213,11.182732582092283,0,0.000245189021608,2685.0,340.0,340.0,3.5544512,15.405364990234375,0.0103325749222402,2687.45,339.6,339.6
454,454,3272,13.74255657196045,11.184574127197266,0,0.070221002741,2669.0,340.0,340.0,3.3056128,15.072255992889405,0.0170827794529252,2684.25,339.7,339.7
455,455,3273,14.608380317687988,13.631548881530762,0,0.069784033676,2670.5,340.0,340.0,3.49333952,15.104068660736084,0.023682289515300197,2682.85,339.8,339.8
456,456,3274,13.456442832946776,16.637510299682617,0,0.0695364552742,2677.5,340.0,340.0,3.358264,14.978390502929688,0.030489320460660198,2682.35,339.9,339.9
457,457,3275,14.018725395202637,16.637510299682617,0,1.93245232199e-05,2677.5,340.0,340.0,3.33656448,14.842973995208741,0.030172115634102194,2681.85,339.9,339.9
458,458,3276,13.031636238098145,14.616132736206056,0,0.146376986505,2687.5,340.0,340.0,3.02634944,14.529063987731934,0.044715119499951786,2682.35,339.9,339.9
459,459,3277,14.494418144226074,14.603060722351074,0,0.0018357534618,2687.5,340.0,340.0,3.49762624,14.428810501098633,0.044700234843424794,2682.8,340.0,340.0
460,460,3278,13.418853759765623,15.848414421081545,0,0.118877557957,2682.5,339.0,339.0,3.13690912,14.214294338226319,0.05637783660714779,2681.85,339.9,339.9
461,461,3279,13.834161758422852,16.859956741333008,0,0.115163592496,2684.0,339.0,339.0,3.27238016,14.043650913238526,0.0677252433490428,2680.6,339.8,339.8
462,462,3280,14.792535781860352,16.389564514160156,0,0.0356753683235,2688.5,340.0,340.0,3.44778144,14.003353500366211,0.0627735263979328,2680.95,339.8,339.8
463,463,3281,14.63941764831543,17.007043838500977,0,0.094098051752,2689.5,340.0,340.0,3.83027648,14.003712844848632,0.07215881267097199,2681.4,339.8,339.8
464,464,3282,14.440040588378906,17.022319793701172,0,0.150603142292,2679.0,340.0,340.0,3.63131392,14.073461246490478,0.08019702662607199,2682.4,339.8,339.8
465,465,3283,14.270004272460938,17.022319793701172,0,0.00106541852113,2679.0,340.0,340.0,3.2824816,14.039623641967774,0.07332516511058498,2683.25,339.8,339.8
466,466,3284,14.031376838684082,16.655357360839844,0,0.0573301212519,2667.5,339.0,339.0,3.5944288,14.097117042541504,0.07210453170835499,2682.25,339.7,339.7
467,467,3285,14.602970123291016,16.61577606201172,0,0.400878480185,2678.0,340.0,340.0,3.21600032,14.155541515350341,0.112190447274533,2682.3,339.7,339.7
468,468,3286,14.556262969970703,14.181882858276367,0,0.263836184487,2667.0,340.0,340.0,3.04899008,14.308004188537598,0.123936367072733,2680.25,339.7,339.7
469,469,3287,15.753636360168455,14.181882858276367,0,0.266411805414,2667.0,340.0,340.0,3.6090768,14.433926010131836,0.15039397226795298,2678.2,339.7,339.7
470,470,3288,14.49973201751709,13.888628005981444,0,0.179490568666,2674.0,341.0,341.0,3.09300832,14.542013835906982,0.15645527333885298,2677.35,339.9,339.9
471,471,3289,16.000957489013672,12.834111213684082,0,0.671745025526,2676.0,341.0,341.0,3.55797632,14.758693408966064,0.21211341664185301,2676.55,340.1,340.1
472,472,3290,14.699284553527832,17.5141658782959,0,0.365265615395,2674.0,340.0,340.0,3.2907616,14.749368286132812,0.245072441349003,2675.1,340.1,340.1
473,473,3291,15.92293643951416,14.084473609924316,0,0.732269373058,2675.0,340.0,340.0,3.35765568,14.877720165252686,0.308889573479603,2673.65,340.1,340.1
474,474,3292,14.44119930267334,14.084473609924316,0,0.16943880734,2675.0,340.0,340.0,3.82459392,14.87783603668213,0.310773139984403,2673.25,340.1,340.1
475,475,3293,15.568387985229492,14.90835666656494,0,0.498690565349,2669.0,340.0,340.0,3.26120896,15.007674407958984,0.36053565466719,2672.25,340.1,340.1
476,476,3294,15.403969764709473,12.789668083190918,0,0.429601258655,2666.5,340.0,340.0,4.0565984,15.144933700561523,0.3977627684075,2672.15,340.2,340.2
477,477,3295,16.225561141967773,16.224899291992188,0,0.577379954022,2666.5,340.0,340.0,3.8316208,15.3071928024292,0.4154129157912,2671.0,340.2,340.2
478,478,3296,15.422828674316406,16.224899291992188,0,0.18136967497,2666.5,340.0,340.0,3.72625824,15.39384937286377,0.40716626483949997,2670.95,340.2,340.2
479,479,3297,14.61325740814209,14.168198585510254,0,0.751032468623,2679.0,339.0,339.0,3.69711552,15.279811477661132,0.4556283311604,2672.15,340.1,340.1
480,480,3298,15.181275367736816,14.664040565490724,0,0.620437940165,2686.5,339.0,339.0,4.10860224,15.347965812683105,0.4997230683103,2673.4,339.9,339.9
481,481,3299,14.941205978393556,14.421687126159668,0,0.349958807089,2677.5,339.0,339.0,3.49613408,15.241990661621093,0.46754444646660004,2673.55,339.7,339.7
482,482,3300,15.302806854248049,13.36225128173828,0,0.366515337873,2685.5,340.0,340.0,3.66680448,15.302342891693115,0.46766941871440004,2674.7,339.7,339.7
483,483,3301,13.965600967407228,13.36225128173828,0,0.0643218593316,2685.5,340.0,340.0,3.45706848,15.106609344482422,0.40087466734176,2675.75,339.7,339.7
484,484,3302,16.036081314086914,13.471522331237791,0,0.228520893372,2683.5,340.0,340.0,3.76730144,15.26609754562378,0.40678287594496004,2676.6,339.7,339.7
485,485,3303,15.01466178894043,12.627418518066406,0,0.462137684856,2677.0,339.0,339.0,3.94184896,15.210724925994873,0.40312758789566,2677.4,339.6,339.6
486,486,3304,15.98267936706543,13.274410247802734,0,0.506235541816,2687.5,339.0,339.0,4.0526592,15.268595886230468,0.41079101621175995,2679.5,339.5,339.5
487,487,3305,13.818336486816406,18.189735412597656,0,0.31461492147,2684.5,339.0,339.0,3.05268576,15.027873420715332,0.38451451295656003,2681.3,339.4,339.4
488,488,3306,16.39645767211914,18.189735412597656,0,0.186566887397,2684.5,339.0,339.0,4.5396592,15.125236320495606,0.38503423419926,2683.1,339.3,339.3
489,489,3307,14.251786231994627,13.879864692687988,0,0.429708954879,2685.5,340.0,340.0,3.3420896,15.08908920288086,0.35290188282485996,2683.75,339.4,339.4
490,490,3308,15.663782119750977,13.862730979919434,0,0.343453228178,2692.5,340.0,340.0,3.69664352,15.137339878082276,0.32520341162616,2684.35,339.5,339.5
491,491,3309,13.588284492492676,13.861580848693848,0,0.481809915379,2689.0,340.0,340.0,3.209432,15.002047729492187,0.33838852245516,2685.5,339.6,339.6
492,492,3310,15.33564281463623,13.87557888031006,0,0.581972330047,2686.5,340.0,340.0,4.04168256,15.005331325531007,0.35993422167255995,2685.6,339.6,339.6
493,493,3311,14.896971702575684,13.8768949508667,0,0.541161628032,2689.5,341.0,341.0,3.48871712,15.098468399047851,0.40761819854260006,2686.0,339.7,339.7
494,494,3312,14.870689392089844,13.88038730621338,0,0.698464743047,2682.0,340.0,340.0,3.23295392,14.981929206848145,0.4546125835101,2685.85,339.7,339.7
495,495,3313,15.90593433380127,13.88038730621338,0,0.143726373008,2682.0,340.0,340.0,4.1643392,15.071056461334228,0.42277145232530006,2686.35,339.8,339.8
496,496,3314,14.989057540893556,14.08937644958496,0,0.715293126273,2701.0,340.0,340.0,3.09899584,14.971694278717042,0.44367721077100003,2687.7,339.9,339.9
497,497,3315,15.094928741455078,14.047637939453123,0,0.309246942167,2706.0,340.0,340.0,3.38430368,15.099353504180907,0.44314041284069994,2689.85,340.0,340.0
498,498,3316,14.809802055358888,16.303403854370117,0,0.362508125734,2704.0,340.0,340.0,3.21809792,14.940687942504884,0.4607345366744,2691.8,340.1,340.1
499,499,3317,14.449301719665527,15.35501480102539,0,0.62727528533,2691.0,340.0,340.0,3.7527952,14.960439491271973,0.4804911697194999,2692.35,340.1,340.1
500,500,3318,14.705792427062988,15.35501480102539,0,0.108714127856,2691.0,340.0,340.0,3.58468,14.864640522003175,0.4570172596873,2692.2,340.1,340.1
501,501,3319,14.691360473632812,16.19794464111328,0,0.591497593915,2695.0,340.0,340.0,3.64050944,14.974948120117187,0.4679860275409,2692.8,340.1,340.1
502,502,3320,14.59597396850586,16.64733123779297,0,0.429830688717,2695.5,340.0,340.0,3.25114176,14.900981235504151,0.4527718634079,2693.7,340.1,340.1
503,503,3321,14.23049545288086,15.187637329101562,0,0.578509748514,2678.5,340.0,340.0,3.71435808,14.834333610534667,0.4565066754561,2692.6,340.0,340.0
504,504,3322,14.470003128051758,16.760576248168945,0,0.59204512911,2680.0,340.0,340.0,3.74751008,14.794264984130859,0.4458647140624,2692.4,340.0,340.0
505,505,3323,14.38037395477295,16.760576248168945,0,0.0418825996633,2680.0,340.0,340.0,3.98159328,14.641708946228027,0.43568033672792994,2692.2,340.0,340.0
506,506,3324,14.876948356628418,18.50545692443848,0,0.457915150573,2687.5,340.0,340.0,4.38906944,14.630498027801513,0.40994253915793,2690.85,340.0,340.0
507,507,3325,14.118851661682127,17.653051376342773,0,0.569933905324,2695.5,339.0,339.0,3.89227424,14.532890319824219,0.43601123547362997,2689.8,339.9,339.9
508,508,3326,14.097646713256836,17.597232818603516,0,0.588941820388,2684.5,339.0,339.0,3.34995712,14.461674785614013,0.45865460493903,2687.85,339.8,339.8
509,509,3327,14.26638126373291,17.401782989501953,0,0.269611271297,2680.0,338.0,338.0,4.03941984,14.443382740020752,0.4228882035357301,2686.75,339.6,339.6
510,510,3328,14.62861156463623,17.401782989501953,0,0.0923379775405,2680.0,338.0,338.0,4.57371168,14.435664653778076,0.42125058850418,2685.65,339.4,339.4
511,511,3329,14.210068702697754,1.1137751340866089,0,0.300792912592,2675.0,338.0,338.0,4.02383552,14.38753547668457,0.39218012037188,2683.65,339.2,339.2
512,512,3330,13.956205368041992,1.348718523979187,0,0.655397401147,2695.0,339.0,339.0,3.58467584,14.323558616638184,0.41473679161488003,2683.6,339.1,339.1
513,513,3331,14.228111267089844,1.092764973640442,0,0.578955270882,2703.5,339.0,339.0,3.92561888,14.323320198059083,0.41478134385168,2686.1,339.0,339.0
514,514,3332,13.953417778015137,0.3010397255420685,0,0.788868831346,2705.0,339.0,339.0,3.82447904,14.27166166305542,0.43446371407528,2688.6,338.9,338.9
515,515,3333,13.050458908081056,0.3010397255420685,0,0.103269567672,2705.0,339.0,339.0,3.331848,14.13867015838623,0.44060241087615004,2691.1,338.8,338.8
516,516,3334,13.426283836364746,0.2648466825485229,0,1.25407065604,2671.5,336.0,336.0,3.95696416,13.993603706359863,0.52021796142285,2689.5,338.4,338.4
517,517,3335,13.041292190551758,0.2654149532318115,0,1.36043247637,2631.0,332.0,332.0,3.47295456,13.885847759246825,0.5992678185274499,2683.05,337.7,337.7
518,518,3336,12.826370239257812,2.040400505065918,1,1.2754608967,2570.0,326.0,326.0,3.6709488,13.758720111846923,0.66791972615865,2671.6,336.4,336.4
519,519,3741,8.488509178161621,11.469720840454102,0,0.0,0.0,0.0,0.0,0.0,13.180932903289795,0.64095859902895,2403.6,302.6,302.6
520,520,3742,9.088949203491213,11.469720840454102,0,0.0608572670109,95.0,249.0,249.0,1.44105408,12.626966667175292,0.63781052797599,2145.1,293.7,293.7
521,521,3743,9.048602104187012,11.399125099182127,0,0.227164211858,95.0,249.0,249.0,1.51320688,12.110820007324218,0.6304476579025899,1887.1,284.8,284.8
522,522,3744,9.57585334777832,11.350500106811523,0,0.170720489645,96.0,249.0,249.0,1.59411856,11.672784805297852,0.5819799667523899,1627.2,275.8,275.8
523,523,3745,8.571515083312988,11.497923851013184,0,0.161447276736,91.5,249.0,249.0,1.39626288,11.107125186920166,0.54022916733779,1366.0,266.8,266.8
524,524,3746,10.304905891418455,11.400652885437012,0,0.181237081526,91.0,250.0,250.0,1.23617576,10.742273998260497,0.47946599235578996,1104.6,257.9,257.9
525,525,3747,10.17179012298584,11.318329811096191,0,0.191103510482,93.5,250.0,250.0,1.09330208,10.454407119750977,0.48824938663678996,843.45,249.0,249.0
526,526,3748,10.237322807312012,11.318329811096191,0,0.0464599533587,93.5,250.0,250.0,1.24378624,10.135511016845703,0.36748831636866003,585.65,240.4,240.4
527,527,3749,9.576804161071776,11.30371379852295,0,0.233841847212,96.5,250.0,250.0,1.99929536,9.789062213897704,0.25482925345286,332.2,232.2,232.2
528,528,3750,10.266794204711914,11.292108535766602,0,0.223823681243,89.0,250.0,250.0,1.63551968,9.533104610443115,0.14966553190715998,84.1,224.6,224.6
529,529,3751,9.406156539916992,11.329954147338867,0,0.200683875292,87.5,251.0,251.0,1.67711504,9.624869346618652,0.16973391943636001,92.85,249.7,249.7
530,530,3752,9.545793533325195,11.317298889160156,0,0.143080453951,86.5,251.0,251.0,1.31152056,9.67055377960205,0.17795623813037,92.0,249.9,249.9
531,531,3753,8.926040649414062,11.317298889160156,0,0.0654317222712,86.5,251.0,251.0,1.92066176,9.658297634124756,0.16178298917169,91.15,250.1,250.1
532,532,3754,9.856452941894531,11.293357849121094,0,0.290968011693,87.0,251.0,251.0,1.67584448,9.686357593536377,0.17380774137649,90.25,250.3,250.3
533,533,3755,8.986631393432617,7.116741180419922,0,0.205572304266,88.0,251.0,251.0,2.51214144,9.72786922454834,0.17822024412949,89.9,250.5,250.5
534,534,3756,9.094440460205078,6.618038177490234,0,0.129625720782,88.0,251.0,251.0,1.51540416,9.606822681427001,0.17305910805509,89.6,250.6,250.6
535,535,3757,9.275687217712402,6.618038177490234,0,0.042320511384,88.0,251.0,251.0,1.68601568,9.517212390899658,0.15818080814528998,89.05,250.7,250.7
536,536,3758,9.933873176574709,6.834718227386475,0,0.322098299195,88.5,251.0,251.0,1.70381424,9.486867427825928,0.18574464272892002,88.55,250.8,250.8
537,537,3759,9.197352409362791,6.379091739654541,0,0.112163008814,87.0,251.0,251.0,1.9520456,9.448922252655029,0.17357675888912,87.6,250.9,250.9
538,538,3760,9.791627883911133,6.407881259918213,0,0.366470477806,86.5,251.0,251.0,1.53659952,9.401405620574952,0.18784143854542001,87.35,251.0,251.0
539,539,3761,9.35871410369873,6.410380363464356,0,0.357515496349,86.5,251.0,251.0,2.11086336,9.396661376953125,0.20352460065112,87.25,251.0,251.0
540,540,3762,8.845484733581543,6.474324703216553,0,0.160299849326,87.5,251.0,251.0,1.57433248,9.32663049697876,0.20524654018862,87.35,251.0,251.0
541,541,3763,8.416524887084961,6.503052234649658,0,0.27618279658,87.5,251.0,251.0,2.29524368,9.27567892074585,0.22632164761949997,87.45,251.0,251.0
542,542,3764,8.878976821899414,6.523988723754883,0,0.18805668206,86.0,251.0,251.0,1.4634752,9.177931308746338,0.2160305146562,87.35,251.0,251.0
543,543,3765,8.833625793457031,6.545086860656738,0,0.221862148536,87.5,251.0,251.0,2.26572272,9.162630748748779,0.2176594990832,87.3,251.0,251.0
544,544,3766,9.75989818572998,6.545086860656738,0,0.0690099401665,87.5,251.0,251.0,1.19733336,9.22917652130127,0.21159792102164995,87.25,251.0,251.0
545,545,3767,8.923452377319336,6.400248050689697,0,0.498364769011,87.0,251.0,251.0,1.90109056,9.193953037261963,0.25720234678435,87.15,251.0,251.0
546,546,3768,9.944554328918455,6.400248050689697,0,0.0503051847643,87.0,251.0,251.0,1.16610952,9.195021152496338,0.23002303534128005,87.0,251.0,251.0
547,547,3769,10.326208114624023,6.436150074005127,0,0.370023036402,93.5,252.0,252.0,1.53014912,9.30790672302246,0.25580903810008004,87.65,251.1,251.1
548,548,3770,9.862738609313965,6.399511814117432,0,0.51407524796,88.0,252.0,252.0,1.26735952,9.315017795562744,0.27056951511548,87.8,251.2,251.2
549,549,3771,10.037723541259766,6.232212543487549,0,0.519431860701,94.0,252.0,252.0,1.85250336,9.382918739318848,0.28676115155068,88.55,251.3,251.3
550,550,3772,9.708481788635254,6.244430065155029,0,0.121058119107,94.0,252.0,252.0,1.5267872,9.469218444824218,0.28283697852878,89.2,251.4,251.4
551,551,3773,9.081544876098633,6.269135475158691,0,0.519550490521,93.0,252.0,252.0,1.67221216,9.535720443725586,0.30717374792288005,89.75,251.5,251.5
552,552,3774,8.532620429992676,6.2974629402160645,0,0.482881251619,87.0,252.0,252.0,1.51048416,9.501084804534912,0.33665620487878,89.85,251.6,251.6
553,553,3775,8.342120170593262,6.381455898284912,0,0.571962667074,96.5,252.0,252.0,2.53797376,9.451934242248536,0.37166625673258,90.75,251.7,251.7
554,554,3776,9.04552936553955,6.589435577392578,0,0.320083645986,92.5,252.0,252.0,1.74883152,9.380497360229493,0.39677362731453003,91.25,251.8,251.8
555,555,3777,8.95970630645752,6.589435577392578,0,0.0229526162793,92.5,252.0,252.0,2.22196592,9.384122753143311,0.34923241204136,91.8,251.9,251.9
556,556,3778,8.416787147521973,7.841799259185791,0,0.515036580853,92.5,252.0,252.0,2.38027744,9.231346035003662,0.39570555165023,92.35,252.0,252.0
557,557,3779,8.588510513305664,11.150728225708008,0,0.344528606153,87.0,252.0,252.0,1.36725744,9.057576274871826,0.39315610862533,91.7,252.0,252.0
558,558,3780,9.216744422912598,11.817596435546877,0,0.465212242818,87.0,252.0,252.0,1.83201344,8.992976856231689,0.38826980811113,91.6,252.0,252.0
559,559,3781,9.372636795043944,12.200922966003418,0,0.344116687716,88.0,252.0,252.0,1.73047696,8.926468181610108,0.37073829081263,91.0,252.0,252.0
560,560,3782,9.632538795471191,11.974288940429688,0,0.47431340072,89.0,251.0,251.0,1.38013104,8.9188738822937,0.40606381897392996,90.5,251.9,251.9
561,561,3783,9.086447715759276,11.983970642089844,0,0.0112848885681,88.0,251.0,251.0,1.59100512,8.919364166259765,0.35523725877864,90.0,251.8,251.8
562,562,3784,8.11219310760498,12.111122131347656,0,0.352817535113,92.0,251.0,251.0,1.84563264,8.877321434020995,0.34223088712804,90.5,251.7,251.7
563,563,3785,8.575164794921875,13.209697723388672,0,0.327454083094,91.5,251.0,251.0,2.28402128,8.900625896453857,0.31778002873003997,90.0,251.6,251.6
564,564,3786,8.402149200439453,15.03557014465332,0,0.19064395728,89.0,250.0,250.0,1.7701136,8.836287879943848,0.30483605985944,89.65,251.4,251.4
565,565,3787,8.679797172546387,15.185002326965332,0,0.204147659056,90.5,250.0,250.0,2.26413312,8.808296966552735,0.32295556413711,89.45,251.2,251.2
566,566,3788,8.230632781982422,15.185002326965332,0,0.0410004492921,90.5,250.0,250.0,2.60401328,8.789681529998779,0.27555195098102,89.25,251.0,251.0
567,567,3789,8.404451370239258,15.1239013671875,0,0.160055008839,89.5,250.0,250.0,1.82673712,8.771275615692138,0.25710459124962004,89.5,250.8,250.8
568,568,3790,8.880702018737793,15.25967025756836,0,0.222565416697,96.5,250.0,250.0,2.14489744,8.737671375274658,0.23283990863752,90.45,250.6,250.6
569,569,3791,9.50744342803955,12.167011260986328,0,0.123809944006,95.5,250.0,250.0,2.10602592,8.751152038574219,0.21080923426651998,91.2,250.4,250.4
570,570,3792,9.33162784576416,12.167011260986328,0,0.00874526601666,95.5,250.0,250.0,2.49738384,8.721060943603515,0.16425242079618602,91.85,250.3,250.3
571,571,3793,9.56496810913086,13.072258949279783,0,0.215529795188,88.0,250.0,250.0,1.632132,8.768912982940673,0.184676911458176,91.85,250.2,250.2
572,572,3794,9.212653160095217,12.771167755126951,0,0.222108074695,88.0,250.0,250.0,2.33446144,8.878958988189698,0.17160596541637602,91.45,250.1,250.1
573,573,3795,10.3759126663208,12.441513061523438,0,0.217686180417,88.0,251.0,251.0,1.11254152,9.05903377532959,0.16062917514867597,91.1,250.1,250.1
574,574,3796,9.869858741760254,13.677216529846191,0,0.185347723327,93.5,251.0,251.0,2.64800896,9.20580472946167,0.16009955175337598,91.55,250.2,250.2
575,575,3797,9.678749084472656,13.668214797973633,0,0.305990493166,87.5,251.0,251.0,2.5340912,9.305699920654297,0.170283835164376,91.25,250.3,250.3
576,576,3798,8.758091926574707,13.668214797973633,0,0.0817377971525,87.5,251.0,251.0,2.33277072,9.358445835113525,0.174357569950416,90.95,250.4,250.4
577,577,3799,8.969725608825684,13.661592483520508,0,0.221511448608,87.5,251.0,251.0,1.81286448,9.414973258972168,0.180503213927316,90.75,250.5,250.5
578,578,3800,8.765445709228516,13.665538787841797,0,0.294786928596,87.0,251.0,251.0,2.45395952,9.40344762802124,0.187725365117216,89.8,250.6,250.6
579,579,3801,9.087494850158691,13.3588228225708,0,0.446046970818,87.5,252.0,252.0,2.10698048,9.361452770233154,0.21994906779841603,89.0,250.8,250.8
580,580,3802,9.949056625366213,13.3588228225708,0,0.0353419093931,87.5,252.0,252.0,1.332168,9.42319564819336,0.22260873213606,88.2,251.0,251.0
581,581,3803,9.212451934814451,13.067697525024414,0,0.275955073867,86.5,252.0,252.0,2.00083312,9.38794403076172,0.22865126000396002,88.05,251.2,251.2
582,582,3804,9.544921875,13.277169227600098,0,0.403713247754,88.5,252.0,252.0,1.82411456,9.421170902252197,0.24681177730986,88.1,251.4,251.4
583,583,3805,9.86857795715332,13.869504928588867,0,0.500601194948,87.0,252.0,252.0,1.81774592,9.37043743133545,0.27510327876296004,88.0,251.5,251.5
584,584,3806,9.898341178894045,13.916910171508787,0,0.371754675555,89.0,252.0,252.0,1.79144736,9.373285675048828,0.29374397398576,87.55,251.6,251.6
585,585,3807,9.385342597961426,13.989527702331545,0,0.503839518076,92.0,253.0,253.0,1.56277552,9.343945026397705,0.31352887647676,88.0,251.8,251.8
586,586,3827,10.257543563842772,11.532907485961914,0,0.577056649124,94.5,254.0,254.0,1.56281952,9.493890190124512,0.36306076167391,88.7,252.1,252.1
587,587,3828,9.459574699401855,7.196955680847168,0,0.595870733204,88.5,253.0,253.0,1.36460592,9.54287509918213,0.40049669013351,88.8,252.3,252.3
588,588,3829,9.45758819580078,7.196955680847168,0,0.114137522772,88.5,253.0,253.0,1.90210848,9.612089347839355,0.38243174955111,88.95,252.5,252.5
589,589,3830,8.124631881713867,7.1720499992370605,0,0.435423093566,94.5,253.0,253.0,2.8191968,9.515803050994872,0.3813693618259101,89.65,252.6,252.6
590,590,3831,9.346478462219238,7.292633533477783,0,0.450345964548,92.5,254.0,254.0,1.6821208,9.455545234680176,0.4228697673414,90.15,252.8,252.8
591,591,3832,8.350735664367676,7.476074695587158,0,0.434515150414,91.5,254.0,254.0,2.0559736,9.369373607635499,0.4387257749961,90.65,253.0,253.0
592,592,3833,9.09992218017578,7.369136333465576,0,0.512638072102,88.0,254.0,254.0,1.87371232,9.324873638153075,0.44961825743090006,90.6,253.2,253.2
593,593,3834,8.167781829833984,6.703421115875244,0,0.568388768346,95.5,254.0,254.0,1.83796928,9.154794025421143,0.4563970147707,91.45,253.4,253.4
594,594,3835,9.151349067687988,6.706848621368408,0,0.0881834743297,96.5,254.0,254.0,1.40027536,9.080094814300537,0.4280398946481701,92.2,253.6,253.6
595,595,3836,8.054055213928223,7.813420295715332,0,0.415964313929,98.0,254.0,254.0,1.70450896,8.946966075897217,0.41925237423347,92.8,253.7,253.7
596,596,3837,8.212353706359863,7.078585147857666,0,0.241359662142,96.0,254.0,254.0,1.8107728,8.742447090148925,0.38568267553526997,92.95,253.7,253.7
597,597,3838,8.687726020812988,6.944567680358887,0,0.520192077769,92.0,254.0,254.0,1.36112864,8.665262222290039,0.37811480999177,93.3,253.8,253.8
598,598,3839,8.755085945129395,6.913943290710449,0,0.524739095651,89.0,254.0,254.0,1.5289424,8.595011997222901,0.41917496727966996,93.35,253.9,253.9
599,599,3840,7.860603332519531,6.913943290710449,0,0.125266005682,89.0,254.0,254.0,1.78763744,8.568609142303467,0.38815925849127,92.8,254.0,254.0
600,600,3841,8.486732482910156,6.810143947601318,0,0.403377940304,87.0,254.0,254.0,1.80412032,8.482634544372559,0.38346245606687,92.25,254.0,254.0
601,601,3842,7.888984203338623,6.7751007080078125,0,0.229720305438,87.0,254.0,254.0,1.62316752,8.436459398269653,0.36298297156926995,91.8,254.0,254.0
602,602,3843,8.191746711730957,6.6505045890808105,0,0.25450131927,89.0,254.0,254.0,1.73681024,8.345641851425171,0.33716929628607,91.9,254.0,254.0
603,603,3844,8.032106399536133,6.561663627624512,0,0.323269543062,86.0,254.0,254.0,1.69117648,8.332074308395386,0.31265737375767,90.95,254.0,254.0
604,604,3845,8.320393562316895,6.537001609802246,0,0.501147204964,87.0,253.0,253.0,1.54943152,8.248978757858277,0.3539537468211,90.0,253.9,253.9
605,605,3846,7.893916130065918,6.537001609802246,0,0.0732084608211,87.0,253.0,253.0,1.66427328,8.232964849472046,0.31967816151031003,88.9,253.8,253.8
606,606,3847,8.239601135253906,6.543300151824951,0,0.211206845315,86.5,253.0,253.0,1.51126512,8.23568959236145,0.31666287982761,87.95,253.7,253.7
607,607,3848,7.228912830352783,6.577655792236328,0,0.279900364706,87.0,253.0,253.0,2.57160864,8.08980827331543,0.29263370852131,87.45,253.6,253.6
608,608,3849,8.934231758117676,11.331867218017578,0,0.540075035797,95.0,253.0,253.0,1.27451832,8.107722854614257,0.29416730253591,88.05,253.5,253.5
609,609,3850,7.702030181884766,11.435007095336914,0,0.371945142992,92.5,253.0,253.0,1.75004976,8.091865539550781,0.31883521626690997,88.4,253.4,253.4
610,610,3851,8.1033296585083,11.435007095336914,0,0.0119537165277,92.5,253.0,253.0,1.59990208,8.053525257110596,0.27969279388928,88.95,253.3,253.3
611,611,3852,7.732333183288574,11.711490631103516,0,0.464710570613,93.5,253.0,253.0,1.90561728,8.03786015510559,0.30319182040678,89.6,253.2,253.2
612,612,3853,8.472886085510254,10.962943077087402,0,0.45711411124,93.0,254.0,254.0,1.2171796,8.06597409248352,0.32345309960378,90.0,253.2,253.2
613,613,3854,7.517952919006348,11.327873229980469,0,0.401148558101,93.0,254.0,254.0,1.57866144,8.014558744430541,0.33124100110767996,90.7,253.2,253.2
614,614,3855,8.252153396606445,11.624207496643066,0,0.480495013895,87.0,254.0,254.0,1.46863216,8.007734727859496,0.32917578200078,90.7,253.3,253.3
615,615,3856,7.9223551750183105,11.624207496643066,0,0.0557909533669,87.0,254.0,254.0,1.65980192,8.010578632354736,0.32743403125535997,90.7,253.4,253.4
616,616,3857,8.72645092010498,11.19873046875,0,0.537504577498,93.5,253.0,253.0,1.43897328,8.059263610839844,0.36006380447366,91.4,253.4,253.4
617,617,3858,8.820415496826172,11.150824546813965,0,0.339703167877,89.5,253.0,253.0,1.5216176,8.218413877487183,0.36604408479076,91.65,253.4,253.4
618,618,3859,8.327497482299805,11.842092514038086,0,0.455384962235,86.5,253.0,253.0,1.39456096,8.157740449905395,0.35757507743455996,90.8,253.4,253.4
619,619,3860,8.493592262268066,11.834545135498049,0,0.131773878605,87.0,253.0,253.0,1.58777344,8.236896657943726,0.33355795099586,90.25,253.4,253.4
620,620,3861,8.67467212677002,12.76142120361328,0,0.382680463901,88.0,253.0,253.0,1.6969232,8.294030904769897,0.37063062573319006,89.8,253.4,253.4
621,621,3862,8.919032096862793,11.88709545135498,0,0.361077334681,91.0,253.0,253.0,1.58198416,8.41270079612732,0.36026730213999,89.55,253.4,253.4
622,622,3863,9.175629615783691,12.090209007263184,0,0.474054272938,86.0,254.0,254.0,1.62819008,8.482975149154663,0.36196131830978995,88.85,253.4,253.4
623,623,3864,8.144607543945312,12.090209007263184,0,0.0751809929476,86.0,254.0,254.0,1.49416864,8.54564061164856,0.32936456179445,88.15,253.4,253.4
624,624,3865,8.8584566116333,12.0845947265625,0,0.605483853371,87.0,254.0,254.0,1.45845008,8.606270933151245,0.34186344574205,88.15,253.4,253.4
625,625,3866,8.384716987609863,12.14766788482666,0,0.280733105452,87.0,254.0,254.0,1.59287344,8.652507114410401,0.36435766095056,88.15,253.4,253.4
626,626,3867,8.802525520324707,12.179794311523438,0,0.382190964065,89.0,254.0,254.0,1.17231392,8.660114574432374,0.34882629960726,87.7,253.5,253.5
627,627,3868,8.09859848022461,12.366930961608888,0,0.323163542541,89.0,254.0,254.0,1.45385184,8.587932872772218,0.34717233707366,87.65,253.6,253.6
628,628,3869,9.53661060333252,12.769594192504885,0,0.530469692633,95.5,254.0,254.0,1.42784672,8.708844184875488,0.35468081011346,88.55,253.7,253.7
629,629,3870,8.085807800292969,12.769594192504885,0,0.130186127693,95.5,254.0,254.0,1.85752416,8.668065738677978,0.35452203502226004,89.4,253.8,253.8
630,630,3871,9.595946311950684,12.80541706085205,0,0.575548755081,86.0,253.0,253.0,1.83609824,8.760193157196046,0.37380886414026,89.2,253.8,253.8
631,631,3872,8.694026947021484,12.81312656402588,0,0.394366432809,90.0,254.0,254.0,1.49370224,8.737692642211915,0.37713777395306003,89.1,253.9,253.9
632,632,3873,8.790721893310547,12.773167610168455,0,0.553955030692,91.5,255.0,255.0,1.45240192,8.6992018699646,0.38512784972846,89.65,254.0,254.0
633,633,3874,8.445566177368164,11.418594360351562,0,0.484088343689,95.0,255.0,255.0,1.78663248,8.729297733306884,0.42601858480259996,90.55,254.1,254.1
634,634,3875,8.598678588867188,11.418594360351562,0,0.0607141972118,95.0,255.0,255.0,1.98476304,8.703319931030274,0.37154161918668,91.35,254.2,254.2
635,635,3876,8.037967681884766,5.700911521911621,0,0.326178819622,88.0,255.0,255.0,1.53449936,8.668645000457763,0.37608619060368,91.45,254.3,254.3
636,636,3877,8.638662338256836,6.180370330810547,0,0.466269579336,88.0,255.0,255.0,1.5921088,8.652258682250977,0.38449405213078,91.35,254.4,254.4
637,637,3878,8.910865783691406,7.816311359405518,0,0.288100795004,89.0,255.0,255.0,1.4071216,8.733485412597656,0.38098777737708,91.35,254.5,254.5
638,638,3879,8.758934020996094,6.6500563621521,0,0.375510185803,88.0,255.0,255.0,2.27345472,8.655717754364014,0.36549182669408,90.6,254.6,254.6
639,639,3880,9.405268669128418,6.6500563621521,0,0.00324837473271,88.0,255.0,255.0,1.949048,8.787663841247559,0.352798051398051,89.85,254.7,254.7
640,640,3881,8.668582916259766,6.641732692718506,0,0.352845429043,91.5,255.0,255.0,2.64277104,8.694927501678468,0.33052771879425097,90.4,254.9,254.9
641,641,3882,9.617819786071776,7.244972705841064,0,0.478701513129,88.5,254.0,254.0,1.33284248,8.787306785583494,0.338961226826251,90.25,254.9,254.9
642,642,3883,9.1756010055542,7.28346061706543,0,0.487356023904,93.0,254.0,254.0,2.08080144,8.825794696807861,0.332301326147451,90.4,254.8,254.8
643,643,3884,9.623254776000977,7.288529396057129,0,0.474046234157,93.0,254.0,254.0,1.45926336,8.943563556671142,0.331297115194251,90.2,254.7,254.7
644,644,3885,7.515172481536865,7.288529396057129,0,0.18351449855,93.0,254.0,254.0,2.65238016,8.83521294593811,0.343577145328071,90.0,254.6,254.6
645,645,3886,8.667740821838379,7.289949417114258,0,0.548846933529,92.0,253.0,253.0,1.45966608,8.898190259933472,0.365843956718771,90.4,254.4,254.4
646,646,3887,7.943072319030762,7.275899887084961,0,0.463742137375,94.5,253.0,253.0,2.34100864,8.828631258010864,0.365591212522671,91.05,254.2,254.2
647,647,3888,8.507735252380371,5.173346042633057,0,0.434394064579,91.0,253.0,253.0,1.6141416,8.788318204879761,0.380220539480171,91.25,254.0,254.0
648,648,3889,7.875033378601074,4.780305862426758,0,0.345311432791,90.5,253.0,253.0,1.48322624,8.699928140640258,0.377200664178971,91.5,253.8,253.8
649,649,3890,8.495186805725098,4.780305862426758,0,0.0715033506615,90.5,253.0,253.0,1.51673152,8.608919954299926,0.38402616177185,91.75,253.6,253.6
650,650,3891,8.082279205322266,4.780305862426758,0,0.0518913496855,90.5,253.0,253.0,1.71069072,8.550289583206176,0.3539307538361,91.65,253.4,253.4
651,651,3892,8.708603858947754,2.225106954574585,0,0.567731465706,93.0,253.0,253.0,2.04726496,8.459367990493774,0.36283374909379995,92.1,253.3,253.3
652,652,3893,8.636720657348633,0.555479884147644,0,0.504794169812,86.0,253.0,253.0,2.43657088,8.405479955673218,0.3645775636846,91.4,253.2,253.2
653,653,3894,8.575583457946777,0.3345870673656463,0,0.51303108551,94.0,253.0,253.0,1.65217472,8.300712823867798,0.36847604881990004,91.5,253.1,253.1
654,654,3895,7.311075210571289,0.8844742774963379,0,0.489784714129,89.0,254.0,254.0,1.57216208,8.28030309677124,0.39910307037779996,91.1,253.1,253.1
655,655,3896,8.239521980285645,0.8844742774963379,0,0.0563276676484,89.0,254.0,254.0,2.6612768,8.237481212615966,0.34985114378973997,90.8,253.2,253.2
656,656,3897,7.2582197189331055,0.4271022081375122,0,0.560946593262,87.0,254.0,254.0,2.24473344,8.1689959526062,0.35957158937843997,90.05,253.3,253.3
657,657,3898,8.149243354797363,2.493870973587036,0,0.776945038862,93.5,253.0,253.0,3.22101024,8.1331467628479,0.39382668680674,90.3,253.3,253.3
658,658,3899,6.07594633102417,2.4696290493011475,0,0.571329479877,90.5,253.0,253.0,2.4158968,7.95323805809021,0.41642849151533995,90.3,253.3,253.3
659,659,3900,6.2908430099487305,3.529402732849121,0,0.614306106692,90.5,252.0,252.0,2.25652736,7.732803678512573,0.47070876711839,90.3,253.2,253.2
660,660,3901,5.853772640228272,3.529402732849121,1,0.0572092578185,90.5,252.0,252.0,2.58193088,7.509953022003174,0.47124055793168995,90.3,253.1,253.1
