,index,labDelta,area,center_x,center_y
0,281,0.106868369346,71.5,255,103
1,282,0.000741880511583,71.5,255,103
2,283,0.0,71.5,255,103
3,284,0.194722389124,73.5,255,103
4,285,0.0913112119474,73.5,255,103
5,286,0.105585247669,73.5,255,103
6,287,0.0,73.5,255,103
7,288,0.305244582658,72.5,256,103
8,289,0.123829712033,72.5,256,103
9,290,0.000726347006432,72.5,256,103
10,291,0.294233383231,72.5,256,102
11,292,0.0455338704842,72.5,256,102
12,293,0.235091514481,71.0,256,102
13,294,0.10247468353,71.0,256,102
14,295,0.260873112425,66.5,255,102
15,296,0.00945410723107,66.5,255,102
16,297,0.234757003752,65.5,255,102
17,298,0.0268758265983,72.0,256,102
18,299,0.224514508891,72.0,256,102
19,300,0.169033580266,72.0,256,102
20,301,0.27110651572,75.0,256,102
21,302,0.0647918200468,75.0,256,102
22,303,0.214613783893,72.5,256,102
23,304,0.159850931022,72.5,256,102
24,305,0.269699921489,69.5,256,102
25,306,0.097311639801,70.5,255,102
26,307,0.0,70.5,255,102
27,308,0.289816776701,70.0,255,102
28,309,0.0600308136811,70.0,255,102
29,310,0.00228152705006,70.0,255,102
30,311,0.239938541272,70.0,255,103
31,312,0.0452357245496,70.0,255,103
32,313,0.00358163257436,70.0,255,103
33,314,0.305331692214,75.0,255,102
34,315,0.100286162713,75.0,255,102
35,316,0.243481286168,71.0,255,102
36,317,0.116427467298,71.0,255,102
37,318,0.247769616488,73.0,255,102
38,319,0.114393071912,72.0,255,102
39,320,0.0,72.0,255,102
40,321,0.291708413402,71.5,255,103
41,322,0.0506360526782,70.5,255,103
42,323,0.0667129444657,70.5,255,103
43,324,0.27404237645,76.0,254,103
44,325,0.0796510301271,76.0,254,103
45,326,0.0,76.0,254,103
46,327,0.267779966252,75.0,254,103
47,328,0.0977365248705,75.0,254,103
48,329,0.00159474342991,75.0,254,103
49,330,0.361073068029,71.5,253,103
50,331,0.155059396471,71.5,253,103
51,332,0.000110174918257,71.5,253,103
52,333,0.451931806814,69.5,253,104
53,334,0.053854853002,67.0,253,104
54,335,0.390495858669,69.0,253,104
55,336,0.0661845026343,70.0,253,104
56,337,0.408917443226,72.0,252,104
57,338,0.0791622262513,72.0,252,104
58,339,0.325229292779,74.0,252,104
59,340,0.0915702395377,74.0,252,104
60,341,0.000530813194636,74.0,252,104
61,342,0.412082853073,68.5,252,103
62,343,0.147746085784,67.5,252,103
63,344,0.433142101714,69.0,253,103
64,345,0.0840163100262,69.0,253,103
65,346,0.00716692110379,69.0,253,103
66,347,0.423312451221,73.5,253,103
67,348,0.277640093685,73.5,253,103
68,349,0.0,73.5,253,103
69,350,0.416004891062,71.5,253,103
70,351,0.235030856974,71.5,253,103
71,352,0.0273657661968,71.5,253,103
72,353,0.43611948825,73.5,253,103
73,354,0.138415875173,73.5,253,103
74,355,0.364747331415,76.0,253,103
75,356,0.160354740789,76.0,253,103
76,357,0.341722686261,73.0,253,103
77,358,0.0739667382093,73.0,253,103
78,359,0.0,73.0,253,103
79,360,0.484872792749,76.0,253,103
80,361,0.065623801532,76.0,253,103
81,362,0.0338024590992,76.0,253,103
82,363,0.274995640426,73.5,253,103
83,364,0.106477727188,74.5,253,103
84,365,0.0,74.5,253,103
85,366,0.0,74.5,253,103
86,367,0.431920030291,77.0,254,103
87,368,0.0374815325538,77.0,254,103
88,369,0.000778743775218,77.0,254,103
89,370,0.520687149667,74.5,254,103
90,371,0.0790229410129,74.5,254,103
91,372,0.00185194207038,74.5,254,103
92,373,0.425447292313,74.5,254,103
93,374,0.115848570559,74.5,254,103
94,375,0.00719090697242,74.5,254,103
95,376,0.443861266079,69.0,254,102
96,377,0.165802304667,68.0,254,102
97,378,0.280967181676,77.5,254,102
98,379,0.0145209992713,77.5,254,102
99,380,0.220766774929,71.5,254,102
100,381,0.0930593254182,70.5,254,102
101,382,0.471293215214,71.5,254,102
102,383,0.0707916463076,70.5,254,102
103,384,0.0755944327765,70.5,254,102
104,385,0.427256106262,72.0,254,102
105,386,0.10580254186,72.0,254,102
106,387,0.375629816013,70.5,254,101
107,388,0.12478268114,70.5,254,101
108,389,0.0986092041632,70.5,254,101
109,390,0.0,70.5,254,101
110,391,0.388943875593,77.5,254,101
111,392,0.167844846292,77.5,254,101
112,393,0.292933049557,68.5,253,101
113,394,0.120695327888,74.0,254,101
114,395,0.452905376977,70.0,254,101
115,396,0.125179102285,71.5,254,101
116,397,0.414992626224,73.5,254,102
117,398,0.0766380309193,73.5,254,102
118,399,0.0192371766965,73.5,254,102
119,400,0.0,73.5,254,102
120,401,0.228950964658,72.0,254,102
121,402,0.103548214548,72.0,254,102
122,403,0.000399671270337,72.0,254,102
123,404,0.22775543561,67.0,254,102
124,405,0.0747985143903,70.0,254,102
125,406,0.0146085634732,70.0,254,102
126,407,0.515268348216,69.5,254,102
127,408,0.054465495697,69.5,254,102
128,409,0.0,69.5,254,102
129,410,0.42954334892,73.5,254,102
130,411,0.0934346055779,73.5,254,102
131,412,0.00188347715729,73.5,254,102
132,413,0.446111981177,72.5,253,102
133,414,0.118555419975,72.5,253,102
134,415,0.000713051994208,72.5,253,102
135,416,0.330587547243,70.5,254,102
136,417,0.136048920759,70.5,254,102
137,418,0.309669942375,74.5,253,102
138,419,0.091997730333,74.5,253,102
139,420,0.267928955724,72.0,254,102
140,421,0.0338634833298,72.0,254,102
141,422,0.0,72.0,254,102
142,423,0.50404269117,71.5,253,104
143,424,0.0701713469027,71.5,253,104
144,425,0.000430416934565,71.5,253,104
145,426,0.436573070172,75.5,252,104
146,427,0.0771192626777,75.5,252,104
147,428,0.462650599582,73.5,252,104
148,429,0.061099371697,73.5,252,104
149,430,0.0031091185191,73.5,252,104
150,431,0.446438318266,76.5,252,104
151,432,0.0368397672309,76.5,252,104
152,433,0.00013117063863,76.5,252,104
153,434,0.392785277317,73.5,252,104
154,435,0.0752546944214,73.5,252,104
155,436,0.479841059715,74.0,252,105
156,437,0.304831585522,75.0,251,105
157,438,0.446405971009,70.5,252,104
158,439,0.103185076308,69.5,252,104
159,440,0.46918370767,75.5,252,104
160,441,0.0746389639307,75.5,252,104
161,442,0.0609683619986,75.5,252,104
162,443,0.475386899522,71.0,253,104
163,444,0.125021823841,70.0,253,104
164,445,0.00525453208495,70.0,253,104
165,446,0.269088992483,71.5,253,104
166,447,0.080003321754,70.5,253,104
167,448,0.470901774609,74.0,253,104
168,449,0.0289022367681,74.0,253,104
169,450,0.000251972879306,74.0,253,104
170,451,0.0,74.0,253,104
171,452,0.407633391552,68.5,252,103
172,453,0.0728744337202,68.5,252,103
173,454,0.45341100093,73.5,252,103
174,455,0.0618690343294,73.5,252,103
175,456,0.0612761034791,73.5,252,103
176,457,0.443596670211,73.5,253,103
177,458,0.0837570179618,73.5,253,103
178,459,0.264082308579,70.5,253,103
179,460,0.171844546243,70.5,253,103
180,461,0.0825773256996,70.5,253,103
181,462,0.283945303925,76.0,254,103
182,463,0.109493076183,76.0,254,103
183,464,0.0,76.0,254,103
184,465,0.48818980044,77.0,253,103
185,466,0.0241064496203,78.0,253,103
186,467,0.0138795684366,77.0,253,103
187,468,0.473919143988,71.5,254,103
188,469,0.110097866069,71.5,254,103
189,470,0.0137698561086,71.5,254,103
190,471,0.469891897019,70.5,254,103
191,472,0.0465193817446,73.0,254,103
192,473,0.543199134534,72.5,253,103
193,474,0.0238078517466,72.5,253,103
194,475,0.264476018718,71.5,253,103
195,476,0.128245761634,72.5,253,103
196,477,0.3035364779,73.0,253,103
197,478,0.11418382696,74.0,253,103
198,479,0.305032462212,72.5,253,103
199,480,0.0677224077863,72.5,253,103
200,481,0.0179646151269,72.5,253,103
201,482,0.0,72.5,253,103
202,483,0.35142042278,76.0,254,103
203,484,0.109555718016,76.0,254,103
204,485,0.25284355768,75.5,253,103
205,486,0.128337242093,75.5,253,103
206,487,0.0755482223326,75.5,253,103
207,488,0.220312157921,74.5,253,103
208,489,0.0502861004513,74.5,253,103
209,490,0.0727686231489,74.5,253,103
210,491,0.328057959688,75.0,253,103
211,492,0.250149546675,75.0,253,103
212,493,0.0,75.0,253,103
213,494,0.0,75.0,253,103
214,495,0.531068947028,70.5,254,103
215,496,0.105206718067,70.5,254,103
216,497,0.482469768004,71.0,254,103
217,498,0.103883237136,72.0,254,103
218,499,0.0,72.0,254,103
219,500,0.288086159252,75.0,253,103
220,501,0.0,75.0,253,103
221,502,0.395944332948,75.0,253,103
222,503,0.0342145581332,75.0,253,103
223,504,0.140156822722,75.0,253,103
224,505,0.435928375119,70.5,253,103
225,506,0.117810811758,70.5,253,103
226,507,0.000766673261047,70.5,253,103
227,508,0.244208478627,71.0,253,103
228,509,0.0611232007507,72.0,253,103
229,510,0.214055815391,72.5,253,103
230,511,0.0866338787137,72.5,253,103
231,512,0.478453483295,74.0,254,103
232,513,0.188060472066,73.0,254,103
233,514,0.422178385567,68.5,254,103
234,515,0.026578026103,68.5,254,103
235,516,0.232370270858,65.5,254,103
236,517,0.0750009912889,65.5,254,103
237,518,0.00979371632317,65.5,254,103
238,519,0.478753281054,72.0,254,103
239,520,0.119393084635,72.0,254,103
240,521,0.0648118518752,72.0,254,103
241,522,0.0,72.0,254,103
242,523,0.470610168363,68.0,254,103
243,524,0.229625663988,69.0,254,103
244,525,0.268054612467,68.5,254,102
245,526,0.0831386262499,68.5,254,102
246,527,0.271486441862,71.0,254,102
247,528,0.0365071095988,71.0,254,102
248,529,0.0,71.0,254,102
249,530,0.354799276607,71.5,254,103
250,531,0.161924270005,71.5,254,103
251,532,0.000229249854604,71.5,254,103
252,533,0.333297224175,72.0,254,102
253,534,0.213929126806,72.0,254,102
254,535,0.468006986197,70.5,254,102
255,536,0.114481278259,71.0,254,102
256,537,0.00490980826454,71.0,254,102
257,538,0.230756136838,72.5,254,102
258,539,0.118746731944,72.5,254,102
259,540,0.0,72.5,254,102
260,541,0.41876195651,69.5,255,102
261,542,0.118153020351,69.5,255,102
262,543,0.489069503062,73.0,254,103
263,544,0.196063030315,73.0,254,103
264,545,0.0,73.0,254,103
265,546,0.36232876409,70.5,254,103
266,547,0.0371079279119,70.5,254,103
267,548,0.413507802295,73.0,254,103
268,549,0.0721527667779,74.0,254,103
269,550,0.0,74.0,254,103
270,551,0.376706384289,73.0,254,103
271,552,0.148137235327,71.0,254,103
272,553,0.402616654537,76.0,254,103
273,554,0.218322182703,76.0,254,103
274,555,0.459621873043,74.0,254,103
275,556,0.077489558327,74.0,254,103
276,557,0.476659346543,76.0,254,103
277,558,0.0334990542224,77.0,254,103
278,559,0.0217059229801,75.0,254,103
279,560,0.288666633908,70.5,254,102
280,561,0.057172209948,71.5,254,102
281,562,0.0172562013303,71.5,254,102
282,563,0.287264055811,67.0,254,103
283,564,0.0878927765817,67.0,254,103
284,565,0.356303780297,74.0,254,103
285,566,0.107480932913,74.0,254,103
286,567,0.325869900846,71.5,254,103
287,568,0.106797503519,71.5,254,103
288,569,0.0435061906409,71.5,254,103
289,570,0.466123090622,72.0,254,103
290,571,0.0692104912507,72.0,254,103
291,572,0.0,72.0,254,103
292,573,0.475979729861,74.5,254,103
293,574,0.108337188894,73.5,254,103
294,575,0.000163864072335,73.5,254,103
295,576,0.454115512306,72.0,254,103
296,577,0.133404977723,72.0,254,103
297,578,0.285146026549,75.0,254,103
298,579,0.108625044211,75.0,254,103
299,580,9.70729861989e-05,75.0,254,103
300,581,0.0,75.0,254,103
301,582,0.450812879397,72.0,254,103
302,583,0.10887171332,71.0,254,103
303,584,0.00336186112795,71.0,254,103
304,585,0.33223404272,77.0,254,103
305,586,0.210334106252,74.5,254,103
306,587,0.077152518424,74.5,254,103
307,588,0.298883863707,74.0,254,103
308,589,0.0905733786847,73.0,254,103
309,590,0.454029794045,74.0,254,103
310,591,0.0956992849297,74.0,254,103
311,592,0.46252949399,75.5,254,103
312,593,0.0564663336051,75.5,254,103
313,594,0.308170912221,69.5,254,103
314,595,0.0655205802522,70.5,254,103
315,596,0.0221380637577,70.5,254,103
316,597,0.434990939283,72.5,254,103
317,598,0.108109013797,72.5,254,103
318,599,3.09403604806e-05,72.5,254,103
319,600,0.460717296329,73.0,254,103
320,601,0.0833329536373,73.0,254,103
321,602,0.0441598196635,73.0,254,103
322,603,0.252959984883,71.5,254,103
323,604,0.0600103646437,72.5,254,103
324,605,0.239376646558,72.0,254,103
325,606,0.118573847222,72.0,254,103
326,607,0.219338031752,72.0,254,103
327,608,0.0419759319696,71.0,254,103
328,609,0.000247772487155,71.0,254,103
329,610,0.220699645601,69.0,254,103
330,611,0.0687882383447,69.0,254,103
331,612,0.0593909633786,69.0,254,103
332,613,0.265174472286,72.0,254,103
333,614,0.123945525982,72.0,254,103
334,615,0.000215473151083,72.0,254,103
335,616,0.0,72.0,254,103
336,617,0.353509332433,70.5,254,104
337,618,0.026915571313,70.5,254,104
338,619,0.396207289301,74.0,254,104
339,620,0.00942795306772,74.0,254,104
340,621,0.0,74.0,254,104
341,622,0.324855342063,71.5,254,104
342,623,0.0653117541214,71.5,254,104
343,624,0.274270224113,74.0,254,104
344,625,0.162858398379,74.0,254,104
345,626,0.0,74.0,254,104
346,627,0.277419437393,72.5,254,104
347,628,0.147500863299,72.5,254,104
348,629,0.306058744277,74.5,254,104
349,630,0.0542100339127,74.5,254,104
350,631,0.236348451693,75.0,254,104
351,632,0.106101512816,75.0,254,104
352,633,0.295489771821,74.0,254,104
353,634,0.110881018492,73.0,254,104
354,635,3.05468895361e-05,73.0,254,104
355,636,0.250034123736,72.0,255,103
356,637,0.0874067127309,72.0,255,103
357,638,0.0440924457354,72.0,255,103
358,639,0.287836427096,69.5,255,103
359,640,0.0546106114175,69.5,255,103
360,641,0.0138953915044,69.5,255,103
361,642,0.216458163728,67.5,254,103
362,643,0.0790605376672,67.5,254,103
363,644,0.0,67.5,254,103
364,645,0.271452460528,69.5,254,103
365,646,0.0716870344181,69.5,254,103
366,647,0.518539774094,71.5,255,104
367,648,0.17565673972,72.5,255,104
368,649,0.429299016527,70.0,254,104
369,650,0.0881148910255,70.0,254,104
370,651,0.0,70.0,254,104
371,652,0.343113738007,73.0,254,104
372,653,0.082674175627,73.0,254,104
373,654,0.0,73.0,254,104
374,655,0.279964938051,70.5,254,104
375,656,0.104125866846,69.5,254,104
376,657,0.0,69.5,254,104
377,658,0.386751017531,69.5,254,104
378,659,0.12855475908,71.5,254,104
379,660,0.00034563329123,71.5,254,104
380,661,0.451536675824,71.0,254,104
381,662,0.07638741136,71.0,254,104
382,663,0.0137114347081,72.0,254,104
383,664,0.273066114412,67.0,254,103
384,665,0.146293311148,67.0,254,103
385,666,0.019238749906,67.0,254,103
386,667,0.248987544511,70.0,254,103
387,668,0.15155024441,70.0,254,104
388,669,0.253775097316,69.0,254,104
389,670,0.0110377945958,69.0,254,104
390,671,0.219572669333,66.0,255,103
391,672,0.0558086932563,66.0,255,103
392,673,0.340441744536,72.5,254,104
393,674,0.134608229872,72.5,254,104
394,675,0.0797707317634,72.5,254,104
395,676,0.244300369777,71.0,254,104
396,677,0.11919267608,72.5,254,104
397,678,0.0590259789387,71.0,254,104
398,679,0.2085286703,72.5,254,104
399,680,0.134374154282,72.5,254,104
400,681,0.309768917414,72.5,254,104
401,682,0.0415762375757,72.5,254,104
402,683,0.0137230828634,72.5,254,104
403,684,0.250028241575,74.5,254,104
404,685,0.00396694847239,73.5,254,104
405,686,0.275128858697,73.5,254,104
406,687,0.100960139348,73.5,254,104
407,688,0.214616350868,76.0,254,104
408,689,0.0680454314388,76.0,254,104
409,690,0.0,76.0,254,104
410,691,0.319992423916,72.0,254,104
411,692,0.047240270459,72.0,254,104
412,693,0.334880546877,73.5,254,104
413,694,0.0536562361996,73.5,254,104
414,695,0.000255720285121,73.5,254,104
415,696,0.449042764567,73.0,254,104
416,697,0.0587225128349,73.0,254,104
417,698,0.0,73.0,254,104
418,699,0.267679518497,74.0,254,104
419,700,0.0209982044398,73.0,254,104
420,701,0.0,73.0,254,104
421,702,0.0,73.0,254,104
422,703,0.431704149452,74.5,254,104
423,704,0.0982366726494,73.5,255,104
424,705,0.000192451041398,73.5,255,104
425,706,0.271670168223,73.0,254,104
426,707,0.0885164584706,72.0,254,104
427,708,0.294756392193,74.5,254,104
428,709,0.0285303679304,74.5,254,104
429,710,0.266838505677,74.5,255,104
430,711,0.00818091554448,74.5,255,104
431,712,0.247173353714,76.5,254,104
432,713,0.0453486787119,76.5,254,104
433,714,0.0154821901609,76.5,254,104
434,715,0.220894530633,75.0,254,104
435,716,0.089887099506,75.0,254,104
436,717,0.0,75.0,254,104
437,718,0.213437737016,76.0,254,104
438,719,0.025373713712,76.0,254,104
439,720,0.0,76.0,254,104
440,721,0.294532681456,73.5,255,104
441,722,0.105298874514,73.5,255,104
442,723,0.291230378825,73.5,255,104
443,724,0.135150792028,73.5,255,104
444,725,0.330488270825,74.5,255,104
445,726,0.00369981081078,74.5,255,104
446,727,0.311216309048,73.0,255,104
447,728,0.0800154577258,73.0,255,104
448,729,0.272868409859,74.5,254,104
449,730,0.102371111773,74.5,254,104
450,731,0.0021379155938,74.5,254,104
451,732,0.251982741652,74.5,254,104
452,733,0.0420296943639,74.5,254,104
453,734,0.00232613281168,74.5,254,104
454,735,0.235512686656,74.5,254,104
455,736,0.0019698300824,75.5,254,104
456,737,1.79414704297e-06,75.5,254,104
457,738,0.0,75.5,254,104
458,739,0.282829288819,75.0,254,104
459,740,0.0918451783375,75.0,254,104
460,741,0.0464806245532,75.0,254,104
461,742,0.270482775005,74.0,255,104
462,743,0.133539082386,74.0,255,104
463,744,0.000897337681043,74.0,255,104
464,745,0.221335062403,74.5,255,104
465,746,0.0268602899968,74.5,255,104
466,747,0.328643843646,76.5,255,104
467,748,0.128077749872,76.5,255,104
468,749,0.297813908476,75.0,255,104
469,750,0.182459650267,75.0,255,104
470,751,0.0,75.0,255,104
471,752,0.223843948903,74.5,254,104
472,753,0.00505302527115,74.5,254,104
473,754,0.253950134151,76.5,254,104
474,755,0.197605777978,76.5,254,104
475,756,0.113963747278,76.5,254,104
476,757,0.253412321651,75.5,255,104
477,758,0.0665086786154,75.5,255,104
478,759,0.000525584092017,75.5,255,104
479,760,0.313340980154,77.0,254,104
480,761,0.0247587298761,77.0,254,104
481,762,0.000499925358782,77.0,254,104
482,763,0.26663648581,75.5,255,104
483,764,0.0347463183775,75.5,255,104
484,765,0.262193650808,75.0,254,104
485,766,0.0307541728771,75.0,254,104
486,767,0.201456883505,74.0,254,104
487,768,0.0839788498603,75.0,254,104
488,769,0.278987357833,73.5,254,104
489,770,0.0497862641246,73.5,254,104
490,771,0.473369245743,73.5,254,104
491,772,0.114172059308,72.0,254,104
492,773,0.0,72.0,254,104
493,774,0.439706326261,74.0,254,104
494,775,0.0845254064898,75.0,254,104
495,776,0.0,75.0,254,104
496,777,0.355846458115,68.5,254,104
497,778,0.0976713113157,69.5,254,104
498,779,0.0797959951705,69.5,254,104
499,780,0.522879731312,71.5,252,108
500,781,0.0780175099897,71.5,252,108
501,782,0.000268296012633,71.5,252,108
502,783,1.32038423927,58.0,250,114
503,784,0.178667342961,58.0,250,114
504,785,0.0,58.0,250,114
505,786,0.583462731728,59.0,245,121
506,787,0.0575392324227,59.0,245,121
507,788,0.823149491618,65.0,238,127
508,789,0.00397768298449,65.0,238,127
509,790,0.0869300741177,65.0,238,127
510,791,1.07853056684,67.0,231,125
511,792,0.125038044313,67.0,231,125
512,793,0.0429642017836,67.0,231,125
513,794,0.505440005478,61.5,226,124
514,795,0.179398002064,61.5,226,124
515,796,0.943097652231,66.5,216,126
516,797,0.298417960203,66.5,216,126
517,798,0.0,66.5,216,126
518,799,0.0,66.5,216,126
519,800,1.1153864098,58.5,209,123
520,801,0.127165572138,58.5,209,123
521,802,0.330059977707,60.5,208,120
522,803,0.0186397413898,60.5,208,120
523,804,0.348238098559,57.0,210,114
524,805,0.00618314089383,57.0,210,114
525,806,1.1039275926,55.5,214,108
526,807,0.172598706063,56.0,214,108
527,808,0.460344549395,58.0,216,106
528,809,0.00378966072155,58.0,216,106
529,810,0.797253451115,59.5,216,110
530,811,0.141805969221,59.5,216,110
531,812,0.115855480633,59.5,216,110
532,813,1.06478932942,56.5,212,119
533,814,0.0201076721347,56.5,212,119
534,815,0.374881034368,65.0,208,125
535,816,0.0826207479555,66.0,208,125
536,817,0.000390431103089,66.0,208,125
537,818,0.98233121688,71.5,209,130
538,819,0.105728072857,69.5,209,130
539,820,0.00222951627765,70.5,209,130
540,821,0.0,70.5,209,130
541,822,0.291700764197,61.5,209,130
542,823,0.088862145134,61.5,209,130
543,824,0.0803052478906,61.5,209,130
544,825,0.27719465507,67.0,208,130
545,826,0.0383104636992,67.0,208,130
546,827,7.86378811225e-06,66.0,208,130
547,828,0.300631064394,53.0,209,132
548,829,0.0668063002789,53.0,209,132
549,830,2.35465041491e-05,53.0,209,132
550,831,0.276562816458,49.5,208,132
551,832,0.0117764104466,48.5,208,132
552,833,0.285536152207,62.5,208,132
553,834,0.118227241236,62.5,208,132
554,835,0.00186344215613,62.5,208,132
555,836,0.30762003849,64.5,209,131
556,837,0.0822227441348,64.5,209,131
557,838,1.78861812474e-05,64.5,209,131
558,839,0.297636727136,64.5,210,131
559,840,0.112865861793,63.5,210,131
560,841,0.289950040088,57.5,211,131
561,842,0.106182868745,57.5,211,131
562,843,0.307771439796,54.5,210,131
563,844,0.102442518347,54.5,210,131
564,845,0.0,54.5,210,131
565,846,0.329596251599,62.0,211,131
566,847,0.279679735048,58.5,211,130
567,848,0.038270063545,58.5,211,130
568,849,0.312042452085,62.5,211,130
569,850,0.0536247324148,62.5,211,130
570,851,0.31911483708,59.0,211,130
571,852,0.152721243788,59.0,211,130
572,853,0.294279881255,61.5,212,130
573,854,0.075316051393,61.5,212,130
574,855,0.057214802149,61.5,212,130
575,856,0.307323049126,57.5,212,129
576,857,0.0708707937947,57.5,212,129
577,858,0.000110799865882,57.5,212,129
578,859,0.538890624166,64.5,213,129
579,860,0.0504691938265,64.5,213,129
580,861,0.0698462098825,64.5,213,129
581,862,0.0,64.5,213,129
582,863,0.399054587973,66.0,213,129
583,864,0.180005965244,66.0,213,129
584,865,0.412391571472,64.5,213,129
585,866,0.113794421258,64.5,213,129
586,867,0.000110708307343,64.5,213,129
587,868,0.481200008961,58.5,212,129
588,869,0.10598803055,58.5,212,129
589,870,6.58774301175e-05,58.5,212,129
590,871,0.516049941648,60.0,212,128
591,872,0.0409594350509,61.0,212,128
592,873,8.73582544456e-05,61.0,212,128
593,874,0.450341575445,62.0,212,128
594,875,0.157204221342,62.0,212,128
595,876,0.504717751228,52.5,211,128
596,877,0.134833932075,52.5,211,128
597,878,0.0,52.5,211,128
598,879,0.425140338684,55.5,212,128
599,880,0.176559928848,55.0,212,128
600,881,0.562796134955,63.0,212,128
601,882,0.20232064489,63.0,212,128
602,883,0.592642898458,60.5,213,128
603,884,0.1184072693,61.0,213,128
604,885,0.606418602911,59.0,213,128
605,886,0.119086688438,59.0,213,128
606,887,0.626132349483,60.0,212,128
607,888,0.0863606380235,60.0,212,128
608,889,0.462023635898,64.0,212,128
609,890,0.169899776821,64.0,212,128
610,891,0.00188262333816,64.0,212,128
611,892,0.572564633883,59.0,212,128
612,893,0.617029946625,54.0,212,128
613,894,0.130729125092,54.0,212,128
614,895,0.0,54.0,212,128
615,896,0.723191279947,56.5,213,127
616,897,0.110922546546,56.5,213,127
617,898,0.674247518959,60.0,213,127
618,899,0.0294748621358,60.0,213,127
619,900,0.150792217539,60.0,213,127
620,901,0.691215545244,62.0,213,127
621,902,0.0771760724297,62.0,213,127
622,903,0.0,62.0,213,127
623,904,0.610653149899,49.0,214,127
624,905,0.152691608191,49.0,214,127
625,906,0.0344339922801,49.0,214,127
626,907,0.715356780357,60.5,213,127
627,908,0.160411799006,60.5,213,127
628,909,0.0,60.5,213,127
629,910,0.555011957736,55.0,214,127
630,911,0.197906430019,51.5,213,127
631,912,0.000345519916335,51.5,213,127
632,913,0.0,51.5,213,127
633,914,0.751878790684,55.5,213,127
634,915,0.114378351425,55.5,213,127
635,916,0.678697841718,57.5,213,127
636,917,0.319289961221,57.5,213,127
637,918,5.9554533245e-05,57.5,213,127
638,919,0.823359475502,59.5,214,127
639,920,0.164572788227,59.5,214,127
640,921,0.802743908258,60.5,214,127
641,922,0.208671448212,60.0,214,127
642,923,0.627311823295,58.5,213,126
643,924,0.0995927249534,58.5,213,126
644,925,0.716461731219,61.0,216,126
645,926,0.0355947331331,62.0,216,126
646,927,0.713666006531,63.0,216,125
647,928,0.033947953064,63.0,216,125
648,929,0.576438576595,65.5,217,125
649,930,0.05328284504,64.5,217,125
650,931,0.40785090635,56.0,219,124
651,932,0.185033223431,56.0,219,124
652,933,0.475260998598,61.5,220,125
653,934,0.142119359036,61.5,220,125
654,935,0.604598783279,63.0,225,123
655,936,0.144351495719,63.0,225,123
656,937,0.325237536388,62.5,228,122
657,938,0.18098685967,63.0,228,122
658,939,0.0123003094869,63.0,228,122
659,940,0.610350770431,65.5,235,117
660,941,0.0622314407423,64.5,235,117
661,942,0.000185502066804,64.5,235,117
662,943,0.0,64.5,235,117
663,944,1.01053396338,62.5,240,112
664,945,0.12146871428,61.5,240,112
665,946,0.099670770803,61.5,240,112
666,947,0.892228687271,65.5,248,111
667,948,0.00354065408116,65.5,248,111
668,949,0.001494034819,65.5,248,111
669,950,0.0,65.5,248,111
670,951,1.14360113233,66.5,254,111
671,952,0.173320470236,66.5,254,111
672,953,0.000104929442063,66.5,254,111
673,954,0.0,66.5,254,111
674,955,0.668740779647,67.0,257,113
675,956,0.23019873923,66.0,256,113
676,957,0.612016188789,72.0,258,112
677,958,0.135490097526,72.0,258,112
678,959,0.0229059802835,72.0,258,112
679,960,0.665758758691,73.5,260,112
680,961,0.169065386462,73.5,260,112
681,962,0.783382827093,70.0,262,116
682,963,0.221372620803,70.0,262,116
683,964,0.5211250117,76.0,269,116
684,965,0.15564944676,73.5,268,116
685,966,0.0271127896402,74.5,268,116
686,967,0.465936740414,79.5,273,114
687,968,0.511602429663,83.0,274,113
688,969,0.0515447526378,83.0,274,113
689,970,0.0407582480698,83.0,274,113
690,971,0.72396865782,75.5,272,112
691,972,0.0926330530166,74.0,272,112
692,973,0.885047287851,77.5,266,111
693,974,0.413848800275,77.5,266,111
694,975,1.05368139198,65.0,256,114
695,976,0.680988773588,62.0,243,116
696,977,0.0617465181148,60.5,243,116
697,978,0.197061494195,60.5,243,116
698,979,0.699390599012,57.5,230,119
699,980,0.0935988280375,58.0,229,119
700,981,0.308031117404,63.5,223,118
701,982,0.120585158934,62.5,223,118
702,983,0.00464675339922,62.5,223,118
703,984,0.371126370391,46.5,222,119
704,985,0.080197381717,46.5,222,119
705,986,0.00021077551678,46.5,222,119
706,987,0.358807120731,63.5,222,118
707,988,0.137744613638,63.5,222,118
708,989,0.0,63.5,222,118
709,990,0.0,63.5,222,118
710,991,0.261858803744,50.0,224,118
711,992,0.0878025061719,50.0,224,118
712,993,0.0,50.0,224,118
713,994,0.296379145912,55.0,224,119
714,995,0.0997303847491,55.0,224,119
715,996,0.0321960714013,55.0,224,119
716,997,0.27690100218,49.0,225,119
717,998,0.0410655313888,49.0,225,119
718,999,0.0,49.0,225,119
719,1000,0.3035544771,51.0,225,119
720,1001,0.14862414407,51.0,225,119
721,1002,0.0,51.0,225,119
722,1003,0.243082928372,51.5,224,119
723,1004,0.0806571730217,51.5,224,119
724,1005,0.26769204967,56.5,225,119
725,1006,0.260823627461,53.5,225,119
726,1007,0.0358838262803,53.5,225,119
727,1008,6.63852665257e-05,53.5,225,119
728,1009,0.265017763421,53.0,225,119
729,1010,0.288509258008,60.5,226,118
730,1011,0.133152930178,60.5,226,118
731,1012,0.0197775257227,60.5,226,118
732,1013,0.256313431818,58.0,225,118
733,1014,0.0196809258758,58.0,225,118
734,1015,0.283447020304,56.5,227,118
735,1016,0.0973063851252,56.5,227,118
736,1017,0.265705337189,57.5,228,119
737,1018,0.256682594916,54.0,227,119
738,1019,0.134897416485,54.0,227,119
739,1020,0.0,54.0,227,119
740,1021,0.280089265441,57.5,228,119
741,1022,0.0288133932951,57.5,228,119
742,1023,0.26820925896,57.0,229,120
743,1024,0.150792656761,56.0,229,120
744,1025,0.0697081408274,56.0,229,120
745,1026,0.280631102832,58.5,229,120
746,1027,0.0928065195943,57.5,229,120
747,1028,0.0,57.5,229,120
748,1029,0.0,57.5,229,120
749,1030,0.272013306013,54.5,229,120
750,1031,0.0552763430129,54.0,229,120
751,1032,0.0,54.0,229,120
752,1033,0.0,54.0,229,120
753,1034,0.250419182598,58.5,229,120
754,1035,0.104633630593,58.5,229,120
755,1036,0.000111274126308,58.5,229,120
756,1037,0.0,58.5,229,120
757,1038,0.518264749229,59.5,232,118
758,1039,0.0522414978018,59.5,232,118
759,1040,0.00200313600733,59.5,232,118
760,1041,0.56539265185,55.0,239,115
761,1042,0.137023887061,55.0,239,115
762,1043,0.0,55.0,239,115
763,1044,0.0,55.0,239,115
764,1045,0.0,55.0,239,115
765,1046,0.945764781965,61.5,245,111
766,1047,0.181532006215,61.5,245,111
767,1048,1.03884965664,64.0,248,110
768,1049,0.0270089547637,65.0,248,110
769,1050,0.894120697203,77.0,253,108
770,1051,0.000465117874296,77.0,253,108
771,1052,0.372240137524,66.5,256,107
772,1053,0.107210368417,66.5,256,107
773,1054,0.285658080064,72.5,258,108
774,1055,0.129197389774,72.5,258,108
775,1056,0.251153079792,72.5,258,108
776,1057,0.0389481243166,72.0,258,108
777,1058,0.385991775794,70.0,256,109
778,1059,0.0543820258801,70.0,256,109
779,1060,0.00230869833784,70.0,256,109
780,1061,1.22938675954,64.0,249,116
781,1062,0.812147534133,62.5,236,122
782,1063,0.0792529702866,62.5,236,122
783,1064,0.193268235215,62.5,236,122
784,1065,1.41880911839,59.5,220,127
785,1066,0.192260855932,59.5,220,127
786,1067,0.0745322316419,59.5,220,127
787,1068,1.15136001818,65.0,214,129
788,1069,0.267843790193,65.0,214,129
789,1070,0.201336675331,64.0,215,129
790,1071,0.605569807382,63.5,215,129
791,1072,0.129208317226,63.5,215,129
792,1073,0.0201368230818,63.5,215,129
793,1074,0.0,63.5,215,129
794,1075,0.624477283299,57.5,218,130
795,1076,0.0467309980032,58.0,218,130
796,1077,0.0,58.0,218,130
797,1078,0.461517884578,65.5,218,131
798,1079,0.246060163932,64.5,218,131
799,1080,3.15470704438e-05,64.5,218,131
800,1081,0.0,64.5,218,131
801,1082,0.304988845957,63.5,216,131
802,1083,0.139103769247,63.5,216,131
803,1084,0.0268481206985,63.5,216,131
804,1085,0.423639705911,57.0,217,131
805,1086,0.063863727668,59.0,217,131
806,1087,0.31767822146,60.5,217,131
807,1088,0.0630010853543,60.5,217,131
808,1089,0.42044945263,57.5,218,131
809,1090,0.183335550859,57.5,218,131
810,1091,0.0846963621568,57.5,218,131
811,1092,0.605430610909,52.0,217,130
812,1093,3.18274534646e-06,52.0,217,130
813,1094,0.0105565675338,55.5,217,131
814,1095,4.72780417725e-06,54.5,217,131
815,1096,0.0172654923831,50.0,218,130
816,1097,3.44753047873e-05,47.0,218,130
817,1098,0.059841418638,53.5,218,130
818,1099,0.0106355036313,53.5,218,130
819,1520,3.26661733618e-06,721.5,146,148
820,1521,0.00520851998582,723.5,146,148
821,1522,0.171301538905,727.5,146,148
822,1523,0.00131813240774,727.5,146,148
823,1524,2.28348427737e-06,727.5,146,148
824,1525,0.00543710180985,727.5,146,148
825,1526,6.83790317843e-06,727.5,146,148
826,1527,0.136570511648,724.0,146,148
827,1528,0.0350861871292,724.0,146,148
828,1529,0.0,724.0,146,148
829,1530,0.101214705581,725.5,146,148
830,1531,0.00130909794383,725.5,146,148
831,1532,1.06083606939e-06,725.5,146,148
832,1533,0.0,725.5,146,148
833,1534,0.0488559180973,721.5,146,148
834,1535,0.00100882184265,721.5,146,148
835,1536,0.00385794531207,724.5,146,148
836,1537,0.000580868813009,724.5,146,148
837,1538,0.0,724.5,146,148
838,1539,0.0583388631321,722.0,146,148
839,1540,0.000505850761211,722.0,146,148
840,1541,0.000178289000926,722.0,146,148
841,1542,0.0441352519661,721.0,146,148
842,1543,0.0290368243675,721.0,146,148
843,1544,0.0155697088942,728.5,146,148
844,1545,8.05719604953e-05,728.5,146,148
845,1546,0.0553395089268,729.5,146,148
846,1547,0.000812843538894,729.5,146,148
847,1548,0.0958476661928,724.5,145,149
848,1549,0.0238496237506,724.5,145,149
849,1550,0.000276850707912,724.5,145,149
850,1551,2.18187375924e-07,724.5,145,149
851,1552,0.0889183394884,725.5,145,149
852,1553,0.0837431398368,725.5,145,149
853,1554,0.130327111009,725.0,145,149
854,1555,0.00159761197489,725.0,145,149
855,1556,2.45132750226e-06,725.0,145,149
856,1557,0.0699543147106,726.5,145,149
857,1558,0.000733606590482,726.5,145,149
858,1559,0.0717565057821,726.0,145,149
859,1560,0.000632074765934,726.0,145,149
860,1561,0.0816157713435,725.0,145,149
861,1562,0.0255865322573,725.0,145,149
862,1563,0.000233117461454,725.0,145,149
863,1564,0.0960144171318,726.0,145,149
864,1565,8.43782379828e-06,726.0,145,149
865,1566,3.96935389661e-07,726.0,145,149
866,1567,0.0961509515783,727.5,145,149
867,1568,0.00137432217633,727.5,145,149
868,1569,0.113074657107,725.0,145,149
869,1570,0.0300356509753,725.0,145,149
870,1571,0.0,725.0,145,149
871,1572,0.0,725.0,145,149
872,1573,0.186098764445,724.0,145,149
873,1574,0.0899391156094,724.0,145,149
874,1575,0.000607483145804,724.0,145,149
875,1576,0.00330717427732,727.0,145,149
876,1577,0.0112602378314,727.0,145,149
877,1578,0.00116753311804,726.0,145,149
878,1579,7.88618478993e-06,726.0,145,149
879,1580,6.63894253953e-07,726.0,145,149
880,1581,0.114977999517,731.0,145,148
881,1582,0.000166692206682,731.0,145,148
882,1583,0.149770765074,726.0,146,148
883,1584,0.000862172975729,726.0,146,148
884,1585,0.0996062120223,729.0,146,148
885,1586,0.000615960522867,729.0,146,148
886,1587,0.150330237582,725.0,145,148
887,1588,3.30770675515e-06,725.0,145,148
888,1589,2.27417499198e-06,725.0,145,148
889,1590,0.160768072774,726.5,145,148
890,1591,0.00111650799961,726.5,145,148
891,1592,0.0,726.5,145,148
892,1593,0.0466554329792,725.5,145,148
893,1594,0.00652943010698,726.0,145,148
894,1595,0.00538647272332,726.0,145,148
895,1596,0.00339376156283,724.0,145,148
896,1597,0.000988623946131,724.0,145,148
897,1598,0.0593293485338,725.0,145,148
898,1599,0.00141551021985,725.0,145,148
899,1600,0.0,725.0,145,148
900,1601,0.106186549197,724.0,146,148
901,1602,0.137548451836,724.0,146,148
902,1603,0.135254363827,724.5,146,148
903,1604,0.0523402463733,724.5,146,148
904,1605,0.000157245327204,724.5,146,148
905,1606,0.160901724628,725.0,145,148
906,1607,0.0011865358636,725.0,145,148
907,1608,0.000387465875663,725.0,145,148
908,1609,0.100042862726,723.5,146,148
909,1610,0.00513448284202,724.5,146,148
910,1611,0.0,724.5,146,148
911,1612,0.311000396113,722.0,145,148
912,1613,0.00326767702126,722.0,145,148
913,1614,0.0,722.0,145,148
914,1615,0.208845195026,722.5,146,148
915,1616,0.0160710401258,722.5,146,148
916,1617,0.107490476418,727.0,146,148
917,1618,0.0346313491824,727.0,146,148
918,1619,0.0,727.0,146,148
919,1620,0.122805079928,722.0,146,148
920,1621,0.0018617798324,722.0,146,148
921,1622,1.32826889898e-06,722.0,146,148
922,1623,0.153530109643,721.5,146,148
923,1624,0.0508739857622,721.5,146,148
924,1625,0.177863377823,718.5,146,148
925,1626,0.0592991261003,718.5,146,148
926,1627,0.113755752866,720.5,146,148
927,1628,0.000347145243343,720.5,146,148
928,1629,0.148248264294,722.5,146,147
929,1630,0.0578424637224,722.5,146,147
930,1631,0.000494799094248,722.5,146,147
931,1632,0.0875627194065,722.5,146,147
932,1633,0.0598848251213,722.5,146,147
933,1634,0.000187308498063,722.5,146,147
934,1635,0.0795371182262,723.5,146,147
935,1636,0.00234846593666,723.5,146,147
936,1637,0.000690791672259,723.5,146,147
937,1638,0.0453754416627,725.5,146,147
938,1639,0.0837754361425,725.5,146,147
939,1640,0.0455214534729,722.0,146,147
940,1641,0.000457124986266,722.0,146,147
941,1642,0.153665487187,725.0,146,148
942,1643,0.00106660402969,725.0,146,148
943,1644,0.0,725.0,146,148
944,1645,0.186291580685,723.5,146,148
945,1646,0.086033637393,723.5,146,148
946,1647,0.234027470174,721.5,146,148
947,1648,0.00183941033664,721.5,146,148
948,1649,0.0,721.5,146,148
949,1650,0.0964894197995,723.0,146,148
950,1651,0.161313127391,724.0,146,148
951,1652,0.000177006438619,724.0,146,148
952,1653,0.167920498435,721.0,146,148
953,1654,0.0515476492556,721.0,146,148
954,1655,0.0303702009803,721.0,146,148
955,1656,0.142211740072,724.5,146,148
956,1657,0.115333923056,724.5,146,148
957,1658,4.79172462825e-05,724.5,146,148
958,1659,0.205577957521,725.5,146,147
959,1660,0.0301643405296,725.5,146,147
960,1661,0.0995838214761,725.5,145,147
961,1662,0.0763556911401,725.5,145,147
962,1663,0.000706646073857,725.5,145,147
963,1664,0.227194591016,725.5,146,147
964,1665,0.0160822458427,725.5,146,147
965,1666,0.223198832928,722.0,146,148
966,1667,0.0453770456323,722.0,146,148
967,1668,0.158039088414,723.0,145,148
968,1669,0.00219267373856,723.0,145,148
969,1670,0.000143910541236,723.0,145,148
970,1671,0.224771540713,722.5,145,148
971,1672,0.0640769963817,722.5,145,148
972,1673,0.000375515323384,722.5,145,148
973,1674,0.140635848363,724.0,146,148
974,1675,0.00062137984922,724.0,146,148
975,1676,0.0835577152586,725.0,146,148
976,1677,0.00126626830859,725.0,146,148
977,1678,0.0518282540611,725.0,146,148
978,1679,0.185345525392,725.5,145,148
979,1680,0.00198135791496,725.5,145,148
980,1681,0.0417569289961,726.5,146,148
981,1682,0.00142094069297,726.5,146,148
982,1683,0.000420761690387,726.5,146,148
983,1684,0.00898645831102,723.0,146,148
984,1685,0.00129763533543,723.0,146,148
985,1686,0.000319035141295,723.0,146,148
986,1687,0.158280458185,723.5,146,148
987,1688,0.102542712143,723.5,146,148
988,1689,0.114447043912,723.5,146,148
989,1690,0.00294759952076,722.5,146,148
990,1691,0.000366684241186,722.5,146,148
991,1692,0.119168326289,725.0,146,148
992,1693,0.00248589041698,725.0,146,148
993,1694,0.0,725.0,146,148
994,1695,0.0783373820523,725.0,146,148
995,1696,0.00123780742506,725.0,146,148
996,1697,0.0,725.0,146,148
997,1698,0.0572684448681,722.0,146,148
998,1699,0.0955811033793,722.0,146,148
999,1700,0.000776062279648,722.0,146,148
1000,1701,0.148010482422,728.0,146,148
1001,1702,0.0420748244301,728.0,146,148
1002,1703,0.12996168484,728.0,146,148
1003,1704,0.141239417668,728.0,146,148
1004,1705,0.179757369944,723.5,146,148
1005,1706,0.0364125651559,723.5,146,148
1006,1707,0.194633335551,723.5,146,148
1007,1708,0.129457133147,723.5,146,148
1008,1709,0.0,723.5,146,148
1009,1710,0.280643553867,729.5,146,148
1010,1711,0.00123153423672,729.5,146,148
1011,1712,0.0,729.5,146,148
1012,1713,0.246271634788,722.5,146,148
1013,1714,0.108307604431,722.5,146,148
1014,1715,0.0980116210933,719.5,146,148
1015,1716,0.0772042982398,719.5,146,148
1016,1717,0.0,719.5,146,148
1017,1718,0.247601963288,729.0,146,148
1018,1719,0.0760555684753,729.0,146,148
1019,1720,0.159975628555,729.0,146,148
1020,1721,0.0287823321552,729.0,146,148
1021,1722,0.0,729.0,146,148
1022,1723,0.0,729.0,146,148
1023,1724,0.197438634498,725.0,146,148
1024,1725,0.126295422889,725.0,146,148
1025,1726,0.164713345433,722.5,146,148
1026,1727,0.000978651934976,722.5,146,148
1027,1728,0.000213401532825,722.5,146,148
1028,1729,0.0,722.5,146,148
1029,1730,0.211295045644,725.0,146,148
1030,1731,0.0514107529863,725.0,146,148
1031,1732,0.178674105549,725.5,146,148
1032,1733,0.0328868094389,725.5,146,148
1033,1734,0.0,725.5,146,148
1034,1735,0.150737908892,718.5,146,148
1035,1736,0.0456421473296,718.5,146,148
1036,1737,0.0,718.5,146,148
1037,1738,0.282215517057,718.5,146,148
1038,1739,0.175128436017,718.5,146,148
1039,1740,0.174351056882,716.0,147,148
1040,1741,0.0890564910307,716.0,147,148
1041,1742,0.423568220259,713.0,148,148
1042,1743,0.152242725268,713.0,148,148
1043,1744,0.0503266555861,713.0,148,148
1044,1745,0.251739249289,713.5,148,148
1045,1746,0.00524646959389,713.5,148,148
1046,1747,0.326984488409,719.5,147,148
1047,1748,0.0614351543746,719.5,147,148
1048,1749,0.336396854593,711.0,148,148
1049,1750,0.179688293198,711.0,148,148
1050,1751,0.0256782673799,711.0,148,148
1051,1752,0.0,711.0,148,148
1052,1753,0.745738520366,645.5,163,147
1053,1754,0.00434150786789,645.5,163,147
1054,1755,0.0919494602073,645.5,163,147
1055,1756,0.704541381064,608.5,175,145
1056,1757,0.0354117949648,608.5,175,145
1057,1758,0.534396620462,579.5,181,145
1058,1759,0.136922770342,579.5,181,145
1059,1760,0.00263169806483,579.5,181,145
1060,1761,0.894817750366,556.0,186,144
1061,1762,0.0180246316916,556.0,186,144
1062,1763,0.0275456266959,556.0,186,144
1063,1764,0.242850630619,554.0,188,144
1064,1765,0.0206529323957,554.0,188,144
1065,1766,0.0,554.0,188,144
1066,2066,0.0116022348682,49.0,215,176
1067,2067,0.23255960352,51.5,215,176
1068,2068,0.000322075301478,51.5,215,176
1069,2069,0.165801131636,49.5,215,176
1070,2070,0.0895279570455,49.5,215,176
1071,2071,0.138876121657,49.5,215,176
1072,2072,0.00756381402465,49.5,215,176
1073,2073,0.225077551962,52.0,215,176
1074,2074,0.0277797570466,52.0,215,176
1075,2075,0.238042592368,49.0,215,176
1076,2076,0.108039917635,49.0,215,176
1077,2077,0.193154109523,50.5,216,176
1078,2078,0.0502833548509,50.5,216,176
1079,2079,0.00308614074574,50.5,216,176
1080,2080,0.230309484651,53.0,216,176
1081,2081,0.0303343224379,53.0,216,176
1082,2082,0.0308752032985,53.0,216,176
1083,2083,0.213574612614,51.0,216,176
1084,2084,0.0464312331843,51.0,216,176
1085,2085,0.0,51.0,216,176
1086,2086,0.206625886243,51.0,216,175
1087,2087,0.0379742600201,51.0,216,175
1088,2088,0.0,51.0,216,175
1089,2089,0.0,51.0,216,175
1090,2090,0.176850595517,48.5,216,175
1091,2091,0.1151378584,48.5,216,175
1092,2092,0.00253007197579,48.5,216,175
1093,2093,0.204202796455,50.5,216,176
1094,2094,0.0308305790321,50.5,216,176
1095,2095,0.0,50.5,216,176
1096,2096,0.0,50.5,216,176
1097,2097,0.228172058439,49.5,216,175
1098,2098,0.111697418204,49.5,216,175
1099,2099,0.0,49.5,216,175
1100,2100,0.231585840276,50.5,216,175
1101,2101,0.109227407098,50.5,216,175
1102,2102,0.00480343364798,50.5,216,175
1103,2103,0.172793640001,53.5,216,176
1104,2104,0.0387942084996,53.5,216,176
1105,2105,0.152399676293,52.5,216,175
1106,2106,0.0436170875838,52.5,216,175
1107,2107,0.0930880481661,51.5,216,175
1108,2108,0.00849296066606,51.5,216,175
1109,2109,0.141896768124,51.5,216,175
1110,2110,0.0116578671377,51.5,216,175
1111,2111,0.125504482363,50.5,216,175
1112,2112,0.0438833065623,50.5,216,175
1113,2113,0.122649093408,48.5,216,175
1114,2114,0.00709879159566,48.5,216,175
1115,2115,0.104441961801,48.5,216,175
1116,2116,0.0124878164589,48.5,216,175
1117,2117,0.135348761261,51.5,216,175
1118,2118,0.0796755213536,51.5,216,175
1119,2119,3.36100281108e-05,51.5,216,175
1120,2120,0.112304322364,50.0,216,175
1121,2121,0.00407643522896,50.0,216,175
1122,2122,0.0,50.0,216,175
1123,2123,0.088793567867,51.5,216,175
1124,2124,0.0190214569069,51.5,216,175
1125,2125,0.130656324577,48.0,216,175
1126,2126,0.0368644370781,48.0,216,175
1127,2127,0.18056982163,51.5,216,175
1128,2128,0.0344815027461,51.5,216,175
1129,2129,0.0,51.5,216,175
1130,2130,0.16280362351,50.0,216,175
1131,2131,0.0580763769042,50.0,216,175
1132,2132,0.0343109269554,50.0,216,175
1133,2133,0.177767898758,48.0,216,175
1134,2134,0.0269569575291,48.0,216,175
1135,2135,0.0,48.0,216,175
1136,2136,0.0,48.0,216,175
1137,2137,0.184201637865,52.0,216,175
1138,2138,0.005153330151,52.0,216,175
1139,2139,0.0,52.0,216,175
1140,2140,0.157943288521,49.0,216,175
1141,2141,0.0128175995887,49.0,216,175
1142,2142,0.0,49.0,216,175
1143,2143,0.198414923009,53.5,216,175
1144,2144,0.0481005741215,53.5,216,175
1145,2145,0.0481407202558,53.5,216,175
1146,2146,0.181732756904,51.0,216,175
1147,2147,0.0328726459067,51.0,216,175
1148,2148,0.173329825722,53.0,216,175
1149,2149,0.070232111336,53.0,216,175
1150,2150,0.165992585553,51.0,216,175
1151,2151,0.0719965644293,51.0,216,175
1152,2152,0.190871489473,56.5,216,175
1153,2153,0.0512409219599,56.5,216,175
1154,2154,0.188868341449,52.0,216,175
1155,2155,0.0937814115901,52.0,216,175
1156,2156,0.160651029217,53.0,216,175
1157,2157,0.094156606375,53.0,216,175
1158,2158,0.0,53.0,216,175
1159,2159,0.166411736142,54.5,216,175
1160,2160,0.00786335292558,54.5,216,175
1161,2161,0.182187178739,53.5,216,175
1162,2162,0.0561584118153,53.5,216,175
1163,2163,0.000149919590397,53.5,216,175
1164,2164,0.177191308342,52.0,216,175
1165,2165,0.0606873501326,52.0,216,175
1166,2166,0.0,52.0,216,175
1167,2167,0.159433178589,51.0,216,175
1168,2168,0.039617913918,50.0,216,175
1169,2169,0.142021918227,54.0,216,175
1170,2170,0.0600058161072,54.0,216,175
1171,2171,0.00280706134265,54.0,216,175
1172,2172,0.202024945157,52.0,216,175
1173,2173,0.0494460207183,52.0,216,175
1174,2174,0.0,52.0,216,175
1175,2175,0.18823322748,53.5,216,175
1176,2176,0.0307621209962,53.5,216,175
1177,2177,0.0342898147598,52.5,216,175
1178,2178,0.0021504347087,53.5,216,175
1179,2179,0.232275705808,53.0,216,175
1180,2180,0.0605021919672,53.0,216,175
1181,2181,0.0,53.0,216,175
1182,2182,0.165811035414,52.0,216,175
1183,2183,0.0120091980707,53.0,216,175
1184,2184,0.00321774730567,53.0,216,175
1185,2185,0.210906706389,53.5,216,175
1186,2186,0.00585608900703,53.5,216,175
1187,2187,0.193740756411,51.0,216,175
1188,2188,0.00818540215817,51.0,216,175
1189,2189,0.214551073953,52.0,216,175
1190,2190,0.0191028951713,52.0,216,175
1191,2191,0.1545056969,50.0,216,175
1192,2192,0.141958010134,51.0,216,175
1193,2193,0.00223734227345,51.0,216,175
1194,2194,0.162525146392,53.0,216,175
1195,2195,0.213399364977,48.0,216,175
1196,2196,0.0595214784839,48.0,216,175
1197,2197,0.0398265317918,48.0,216,175
1198,2198,0.19025414594,52.0,216,175
1199,2199,0.0670204415087,52.0,216,175
1200,2200,0.000369982224777,52.0,216,175
1201,2201,0.28617514447,54.0,216,175
1202,2202,0.00805389754034,54.0,216,175
1203,2203,0.0,54.0,216,175
1204,2204,0.194515409504,52.5,216,175
1205,2205,0.0513786289543,52.5,216,175
1206,2206,0.0,52.5,216,175
1207,2207,0.135470995787,52.5,216,175
1208,2208,0.0279486638648,51.5,216,174
1209,2209,0.115875063724,50.5,216,174
1210,2210,0.0632042124998,50.5,216,174
1211,2211,0.256470414687,46.5,216,175
1212,2212,0.0690384372537,47.0,216,175
1213,2213,0.0,47.0,216,175
1214,2214,0.172522578298,49.0,216,175
1215,2215,0.00158519288491,49.0,216,175
1216,2216,0.00279730412587,49.0,216,175
1217,2217,0.250132235638,48.5,216,175
1218,2218,0.00503366997404,48.5,216,175
1219,2219,0.0,48.5,216,175
1220,2220,0.0,48.5,216,175
1221,2221,0.157967531424,47.5,216,175
1222,2222,0.038712975815,47.5,216,175
1223,2223,0.000537945855446,47.5,216,175
1224,2224,0.160037101382,49.5,216,175
1225,2225,0.00986725360232,49.5,216,175
1226,2226,0.0657896936136,49.5,216,175
1227,2227,0.264568723135,52.5,216,175
1228,2228,0.0307166911846,52.5,216,175
1229,2229,0.203074856296,52.0,216,175
1230,2230,0.00423757309794,52.0,216,175
1231,2231,0.188067876094,51.0,216,175
1232,2232,0.0391618720691,51.0,216,175
1233,2233,0.213671322757,50.0,216,175
1234,2234,0.0321478709825,50.0,216,175
1235,2235,0.15352284261,49.0,216,175
1236,2236,0.0853922616859,49.0,216,175
1237,2237,0.000431295210393,49.0,216,175
1238,2238,0.169929052625,51.0,216,175
1239,2239,0.00240597711739,51.0,216,175
1240,2240,0.1085518353,53.0,216,175
1241,2241,0.0498071693354,53.0,216,175
1242,2242,0.137471919563,51.0,216,175
1243,2243,0.0917842985807,51.0,216,175
1244,2244,0.0451731282067,51.0,216,175
1245,2245,0.217530801113,50.0,216,175
1246,2246,0.0450009974912,50.0,216,175
1247,2247,0.00164613521776,50.0,216,175
1248,2248,0.159172580102,52.0,216,175
1249,2249,0.0553359502803,52.0,216,175
1250,2250,0.191960173958,50.0,216,175
1251,2251,0.0,50.0,216,175
1252,2252,0.223054067144,50.0,216,175
1253,2253,0.192211290887,50.0,216,175
1254,2254,0.204489460869,50.0,216,175
1255,2255,0.247974453962,52.0,216,175
1256,2256,0.122962025095,52.0,216,175
1257,2257,3.21090703681e-05,52.0,216,175
1258,2258,0.302861396628,48.5,216,175
1259,2259,0.12462723331,48.5,216,175
1260,2260,0.00365665580414,48.5,216,175
1261,2261,2.45611311946e-05,48.5,216,175
1262,2262,0.207664305211,47.0,216,175
1263,2263,0.0263663877399,47.0,216,175
1264,2264,0.0,47.0,216,175
1265,2265,0.0,47.0,216,175
1266,2266,0.187988361363,49.0,216,175
1267,2267,0.159005128652,49.0,216,175
1268,2268,0.134018302829,49.0,216,175
1269,2269,0.281548316348,51.0,216,175
1270,2270,0.0278345177088,51.0,216,175
1271,2271,0.207046841391,48.0,216,175
1272,2272,0.0403981379555,48.0,216,175
1273,2273,0.23781862289,48.0,216,175
1274,2274,0.0375104589112,48.0,216,175
1275,2275,0.240681488591,52.0,216,175
1276,2276,0.0268518416239,52.0,216,175
1277,2277,0.208352541237,51.0,216,175
1278,2278,0.110109035349,52.0,216,175
1279,2279,0.00233033238364,52.0,216,175
1280,2280,0.269739854209,53.0,216,175
1281,2281,0.0427139576386,52.0,216,175
1282,2282,0.00156988720656,52.0,216,175
1283,2283,0.28186276826,48.5,216,175
1284,2284,0.0276626346405,48.5,216,175
1285,2285,0.0,48.5,216,175
1286,2286,0.280822694078,49.5,216,175
1287,2287,0.157751273614,49.5,216,175
1288,2288,0.22106357575,48.0,216,175
1289,2289,0.12458232646,48.0,216,175
1290,2290,0.00165516368648,48.0,216,175
1291,2291,0.193810428211,48.5,216,175
1292,2292,0.00334422422892,48.5,216,175
1293,2293,0.278050304093,50.5,216,175
1294,2294,0.0022506637075,50.5,216,175
1295,2295,0.28012457455,51.5,216,176
1296,2296,0.0373050359778,50.5,216,176
1297,2297,0.0,50.5,216,176
1298,2298,0.21225655336,51.5,216,176
1299,2299,0.00716088071852,51.5,216,176
1300,2300,0.00602341353488,51.5,216,176
1301,2301,0.256636737437,49.5,216,175
1302,2302,0.0664966058686,49.5,216,175
1303,2303,0.0245188670203,49.5,216,175
1304,2304,0.000257238422345,49.5,216,175
1305,2305,0.183587903617,49.0,216,175
1306,2306,0.12272045919,49.0,216,175
1307,2307,8.64805736642e-05,49.0,216,175
1308,2308,0.296933457857,53.0,216,176
1309,2309,0.0874240439358,53.0,216,176
1310,2310,0.289598829017,51.5,216,176
1311,2311,0.0177162251517,51.5,216,176
1312,2312,0.307115782572,49.5,216,175
1313,2313,0.0943947569435,49.5,216,175
1314,2314,0.27262589375,50.5,216,175
1315,2315,0.0043354417543,50.5,216,175
1316,2316,0.259862987912,52.0,216,176
1317,2317,0.243815357516,52.0,216,176
1318,2318,0.0,52.0,216,176
1319,2319,0.217178081799,52.5,216,176
1320,2320,0.0789470403719,53.5,216,176
1321,2321,0.000803913331628,53.5,216,176
1322,2322,0.209918886083,51.0,216,176
1323,2323,0.0121199578554,52.0,216,176
1324,2324,0.000622668452074,52.0,216,176
1325,2325,0.266978989157,50.5,216,175
1326,2326,0.0805635561009,50.5,216,175
1327,2327,0.290421658056,49.5,216,175
1328,2328,0.157099607449,49.5,216,175
1329,2329,0.00376509705805,49.5,216,175
1330,2330,0.240164306749,50.0,216,175
1331,2331,0.0302663058215,50.0,216,175
1332,2332,0.24734199886,54.5,216,176
1333,2333,0.104524178131,54.5,216,176
1334,2334,0.028377484265,54.5,216,176
1335,2335,0.267412046353,50.0,216,175
1336,2336,0.00526783000833,50.0,216,175
1337,2337,0.269463138885,49.0,216,175
1338,2338,0.0558687447903,49.0,216,175
1339,2339,0.0,49.0,216,175
1340,2340,0.243043895326,50.0,216,175
1341,2341,0.012463723957,50.0,216,175
1342,2342,0.0,50.0,216,175
1343,2343,0.0,50.0,216,175
1344,2344,0.194511230404,46.0,216,175
1345,2345,0.00321228100273,46.0,216,175
1346,2346,0.00112549727614,46.0,216,175
1347,2347,0.182544325403,48.0,216,175
1348,2348,0.0234540584072,48.0,216,175
1349,2349,0.00515058869714,48.0,216,175
1350,2350,0.427385013254,44.0,216,174
1351,2351,1.61593308894e-06,44.0,216,174
1352,2352,0.0114434288831,42.5,216,174
1353,2353,0.0150660577066,42.5,216,174
1354,2354,0.00111946018561,43.5,216,174
1355,2355,0.0141120070172,43.5,216,174
1356,2716,0.0,614.5,253,135
1357,2717,0.0191944231294,614.5,253,135
1358,2718,0.018455830165,614.5,253,135
1359,2719,0.000278666785603,613.5,253,135
1360,2720,6.14845326911e-05,613.5,253,135
1361,2721,0.0136018538693,613.0,253,135
1362,2722,0.0131865843166,613.0,253,135
1363,2723,0.000585704489163,613.5,253,134
1364,2724,0.00046890264455,612.5,253,134
1365,2725,0.0,612.5,253,134
1366,2726,0.000643686128152,611.5,253,134
1367,2727,4.88928122018e-05,611.5,253,134
1368,2728,0.0,611.5,253,134
1369,2729,0.00628416295637,613.5,253,134
1370,2730,0.0183867651079,613.5,253,134
1371,2731,0.0250469240691,616.5,253,135
1372,2732,4.86411017277e-05,616.5,253,135
1373,2733,0.0,616.5,253,135
1374,2734,0.000660436032998,615.5,253,134
1375,2735,1.35181510709e-05,615.5,253,134
1376,2736,0.000451878484048,612.5,253,134
1377,2737,5.90731081851e-05,612.5,253,134
1378,2738,0.000777235350482,614.5,253,134
1379,2739,7.43676905361e-05,614.5,253,134
1380,2740,0.0903091550639,613.5,253,134
1381,2741,2.95446994391e-05,613.5,253,134
1382,2742,0.0,613.5,253,134
1383,2743,0.00148144811467,615.0,253,134
1384,2744,4.6691454314e-05,615.0,253,134
1385,2745,0.0,615.0,253,134
1386,2746,0.0,615.0,253,134
1387,2747,0.0902008240003,615.5,253,134
1388,2748,1.33497147451e-05,615.5,253,134
1389,2749,0.0,615.5,253,134
1390,2750,0.000289370427944,615.5,253,134
1391,2751,5.31347669252e-06,616.5,253,134
1392,2752,1.94626275097e-06,616.5,253,134
1393,2753,0.000630416459684,614.0,253,134
1394,2754,2.71638146253e-05,614.0,253,134
1395,2755,5.91262489179e-05,614.0,253,134
1396,2756,0.000453364051512,614.5,253,134
1397,2757,4.56556396595e-05,614.5,253,134
1398,2758,0.00052480952108,613.0,253,134
1399,2759,2.07894295585e-05,613.0,253,134
1400,2760,0.000394154779004,615.0,253,134
1401,2761,2.67245381741e-05,615.0,253,134
1402,2762,0.0,615.0,253,134
1403,2763,0.000422748922883,614.0,253,134
1404,2764,2.58591047244e-05,614.0,253,134
1405,2765,0.000261752124834,614.0,253,134
1406,2766,3.82439576786e-05,614.0,253,134
1407,2767,0.0,614.0,253,134
1408,2768,0.0905803005059,616.0,253,134
1409,2769,6.65283517086e-05,616.0,253,134
1410,2770,0.0,616.0,253,134
1411,2771,0.116632119494,617.0,253,134
1412,2772,0.0260638678314,617.0,253,134
1413,2773,0.0,617.0,253,134
1414,2774,0.045373414857,614.5,253,134
1415,2775,0.0279112600876,614.5,253,134
1416,2776,0.000273164903719,614.5,253,134
1417,2777,0.0,614.5,253,134
1418,2778,0.0826045914735,614.5,253,134
1419,2779,0.00047398485955,614.5,253,134
1420,2780,0.0322276117265,613.5,253,134
1421,2781,0.0463708142889,613.5,253,134
1422,2782,0.0,613.5,253,134
1423,2783,0.0938900417995,614.5,253,134
1424,2784,0.00153610331827,614.5,253,134
1425,2785,0.0,614.5,253,134
1426,2786,0.0886563982867,614.0,254,134
1427,2787,0.0200769761406,614.0,254,134
1428,2788,0.00547754072027,614.0,254,134
1429,2789,0.0386538049437,613.0,253,134
1430,2790,0.045072523915,613.0,253,134
1431,2791,0.0,613.0,253,134
1432,2792,0.0204393458168,615.5,253,134
1433,2793,4.68500520568e-05,615.5,253,134
1434,2794,0.0,615.5,253,134
1435,2795,0.0938354508313,614.0,253,134
1436,2796,0.0108861116686,614.0,253,134
1437,2797,0.0558520000125,616.5,253,134
1438,2798,0.000102069427079,616.5,253,134
1439,2799,0.0,616.5,253,134
1440,2800,0.0700056664623,614.5,254,134
1441,2801,9.71893771388e-05,614.5,254,134
1442,2802,0.0449836710758,613.0,253,134
1443,2803,0.000134064849825,613.0,253,134
1444,2804,0.0,613.0,253,134
1445,2805,0.0536309503996,615.0,253,134
1446,2806,0.013703512625,615.0,253,134
1447,2807,9.42959936671e-05,615.0,253,134
1448,2808,0.0489324396176,615.5,253,134
1449,2809,0.0277508722041,615.5,253,134
1450,2810,0.0,615.5,253,134
1451,2811,0.0283370414388,616.5,253,134
1452,2812,0.0239836514771,616.5,253,134
1453,2813,0.0210107786728,617.0,253,134
1454,2814,5.39301996947e-05,617.0,253,134
1455,2815,0.0,617.0,253,134
1456,2816,0.0270532630283,617.0,254,134
1457,2817,0.000158421495353,617.0,254,134
1458,2818,0.0267618504796,615.0,253,134
1459,2819,0.00881478056908,615.0,253,134
1460,2820,0.0,615.0,253,134
1461,2821,0.0262602211291,616.0,253,134
1462,2822,0.00821684364019,616.0,253,134
1463,2823,8.61066838746e-07,616.0,253,134
1464,2824,0.0722874398441,615.0,253,134
1465,2825,0.0459329839174,615.0,253,134
1466,2826,7.700432377e-07,615.0,253,134
1467,2827,0.0244062682503,614.5,253,134
1468,2828,0.0682834954495,614.5,253,134
1469,2829,0.0916989588226,614.0,253,134
1470,2830,0.00573248822881,614.0,253,134
1471,2831,0.0,614.0,253,134
1472,2832,0.0,614.0,253,134
1473,2833,0.0312424127608,615.0,253,134
1474,2834,0.00265000262168,615.0,253,134
1475,2835,0.0,615.0,253,134
1476,2836,0.121447470816,617.0,253,134
1477,2837,3.62906674628e-06,617.0,253,134
1478,2838,6.32947275536e-07,617.0,253,134
1479,2839,0.0728530123614,616.0,253,134
1480,2840,0.0917792619431,618.0,253,134
1481,2841,0.000222092508066,618.0,253,134
1482,2842,0.000153228061437,618.0,253,134
1483,2843,0.0406467832493,615.5,253,134
1484,2844,8.38447796216e-05,615.5,253,134
1485,2845,0.0878201444355,616.5,253,134
1486,2846,0.0014615169749,616.5,253,134
1487,2847,0.000939201676073,616.5,253,134
1488,2848,0.153647978135,615.0,253,134
1489,2849,0.0121240126397,615.0,253,134
1490,2850,0.0,615.0,253,134
1491,2851,0.0852216941397,615.0,253,134
1492,2852,0.0748404110134,615.0,253,134
1493,2853,0.0378306730048,615.0,253,134
1494,2854,0.00823656336466,615.0,253,134
1495,2855,0.026398827442,617.0,253,134
1496,2856,0.000396390973635,617.0,253,134
1497,2857,0.019752699833,616.0,253,134
1498,2858,0.0267296579031,616.0,253,134
1499,2859,0.129503973637,617.5,253,134
1500,2860,0.000308806473899,617.5,253,134
1501,2861,2.55585264761e-05,617.5,253,134
1502,2862,0.0200221760893,616.0,253,134
1503,2863,0.000814473159774,616.0,253,134
1504,2864,0.0,616.0,253,134
1505,2865,0.261156704596,601.5,251,134
1506,2866,0.0960076443381,601.5,251,134
1507,2867,0.000227821103927,601.5,251,134
1508,2868,0.403122062387,571.0,239,134
1509,2869,0.142061000803,571.0,239,134
1510,2870,0.00534129033081,571.0,239,134
1511,2871,0.536583046852,549.5,229,135
1512,2872,0.00567934867983,549.5,229,135
1513,2873,0.174162058615,549.5,229,135
1514,2874,0.323356997873,539.5,223,135
1515,2875,0.114283351706,539.5,223,135
1516,2876,0.756886420822,532.0,221,135
1517,2877,0.0306647708266,532.0,221,135
1518,2878,2.03934326915e-06,532.0,221,135
1519,2879,0.0500511020419,527.0,221,134
1520,2880,9.79336616108e-05,527.0,221,134
1521,2881,0.177052917125,532.5,223,135
1522,2882,5.35136768101e-06,532.5,223,135
1523,2883,0.0,532.5,223,135
1524,3304,0.00279540608193,403.5,208,98
1525,3305,0.00332201839879,403.5,208,98
1526,3306,0.0638230976814,404.5,208,98
1527,3307,0.000600727027471,404.5,208,98
1528,3308,0.0,404.5,208,98
1529,3309,0.0800887896694,404.5,208,98
1530,3310,0.000274924307201,404.5,208,98
1531,3311,0.106205847203,408.0,208,98
1532,3312,0.000578346547776,408.0,208,98
1533,3313,0.0416328149183,407.0,209,98
1534,3314,0.00135050756706,406.0,209,98
1535,3315,0.0,406.0,209,98
1536,3316,0.0113792244766,409.0,209,98
1537,3317,0.000310640249662,409.0,209,98
1538,3318,0.009356906115,406.0,209,98
1539,3319,0.000127510700634,406.0,209,98
1540,3320,0.013525784378,407.0,209,98
1541,3321,0.0294657770706,407.0,209,98
1542,3322,0.0372344281228,407.0,209,98
1543,3323,0.000196416326655,407.0,209,98
1544,3324,0.0258077001086,407.0,209,98
1545,3325,4.9400785981e-06,407.0,209,98
1546,3326,1.96746997434e-06,407.0,209,98
1547,3327,0.0071276773725,407.0,209,98
1548,3328,1.4207018017e-06,407.0,209,98
1549,3329,0.0,407.0,209,98
1550,3330,0.00348781896745,408.0,208,98
1551,3331,1.73667985733e-06,408.0,208,98
1552,3332,0.0,408.0,208,98
1553,3333,0.027734339582,407.0,208,98
1554,3334,0.0214485688828,407.0,208,98
1555,3335,2.3917969769e-06,407.0,208,98
1556,3336,0.00918566068709,406.0,209,98
1557,3337,0.0170431533333,406.0,209,98
1558,3338,0.0877498352028,406.5,208,98
1559,3339,0.00047604349543,406.5,208,98
1560,3340,0.0,406.5,208,98
1561,3341,0.0818093562522,407.0,209,98
1562,3342,0.00174844106873,407.0,209,98
1563,3343,1.2023571273e-06,407.0,209,98
1564,3344,0.0,407.0,209,98
1565,3345,0.195280881744,407.0,208,98
1566,3346,0.0721135062749,407.0,208,98
1567,3347,0.134897305485,406.5,208,98
1568,3348,0.0908558717899,406.5,208,98
1569,3349,0.103360966836,406.5,208,98
1570,3350,0.100702499097,405.5,208,98
1571,3351,0.00192987195407,405.5,208,98
1572,3352,0.157319437291,407.5,208,98
1573,3353,5.66036699031e-06,407.5,208,98
1574,3354,0.0906141125738,406.5,208,98
1575,3355,0.00216882734807,406.5,208,98
1576,3356,6.85375683835e-07,406.5,208,98
1577,3357,0.0377600326301,408.0,208,98
1578,3358,0.00154247050121,408.0,208,98
1579,3359,0.00862185853297,407.5,208,98
1580,3360,0.0279531463268,407.5,208,98
1581,3361,0.0703652597662,405.5,208,98
1582,3362,0.0446554823731,405.5,208,98
1583,3363,0.0520784766981,407.5,208,98
1584,3364,2.11521676859e-05,407.5,208,98
1585,3365,1.81959125041e-05,407.5,208,98
1586,3366,0.186303430797,407.0,209,98
1587,3367,0.00201722892268,407.0,209,98
1588,3368,0.0,407.0,209,98
1589,3369,0.198255895002,406.5,208,99
1590,3370,0.0639439498988,406.5,208,99
1591,3371,0.108984098831,406.5,208,99
1592,3372,0.35654233319,404.5,209,104
1593,3373,0.0602830778123,404.5,209,104
1594,3374,0.00528346402744,404.5,209,104
1595,3375,0.290945849888,397.5,209,108
1596,3376,0.0120631950718,397.5,209,108
1597,3377,0.00159478628033,397.5,209,108
1598,3378,0.375255868711,392.5,210,112
1599,3379,0.177018294271,392.5,210,112
1600,3380,0.0542425845052,392.5,210,112
1601,3381,0.447687780447,391.5,210,113
1602,3382,0.0590878198417,391.5,210,113
1603,3383,0.24050426895,388.5,209,114
1604,3384,0.00112914628744,388.5,209,114
1605,3385,0.000343773864042,388.5,209,114
1606,3386,0.224354236621,385.5,209,114
1607,3387,0.166994248373,385.5,209,114
1608,3388,0.0,385.5,209,114
1609,3389,0.285531835502,387.0,208,115
1610,3390,0.0860647349698,387.0,208,115
1611,3391,0.346738091347,382.5,208,115
1612,3392,0.00374425370792,382.5,208,115
1613,3393,0.12105717778,383.5,208,114
1614,3394,0.00583142544905,383.5,208,114
1615,3395,0.120226321842,384.0,208,115
1616,3396,0.0329385642924,384.0,208,115
1617,3397,0.106580232344,383.0,208,115
1618,3398,0.0438823144648,383.0,208,115
1619,3399,0.282853517543,385.5,208,114
1620,3400,0.0106551748189,386.5,208,114
1621,3401,0.086985486656,387.5,208,114
1622,3402,0.0206437209536,387.5,208,114
1623,3403,0.00053724581968,387.5,208,114
1624,3404,0.188266235899,388.5,208,113
1625,3405,0.00653384903247,388.5,208,113
1626,3406,0.000556908290232,388.5,208,113
1627,3407,0.165389162202,387.5,208,113
1628,3408,0.00424284571978,387.5,208,113
1629,3409,0.154724421577,389.5,208,113
1630,3410,0.0175451147885,389.5,208,113
1631,3411,0.00627985662634,389.5,208,113
1632,3412,0.0,389.5,208,113
1633,3413,0.371691123912,389.5,208,112
1634,3414,0.000570016024533,389.5,208,112
1635,3415,2.24712728299e-06,389.5,208,112
1636,3416,0.370018826061,389.0,208,111
1637,3417,0.0469517898532,389.0,208,111
1638,3418,1.22337449551e-06,389.0,208,111
1639,3419,0.404425880695,393.5,208,109
1640,3420,0.129520825408,393.5,208,109
1641,3421,0.000266150751296,393.5,208,109
1642,3422,0.444071822808,391.0,208,107
1643,3423,0.0238688159532,391.0,208,107
1644,3424,0.0233896867516,391.0,208,107
1645,3425,0.298105691178,402.5,208,104
1646,3426,0.22417046755,402.5,208,104
1647,3427,0.000490122344019,402.5,208,104
1648,3428,0.345315858141,401.0,208,102
1649,3429,0.0883787111834,401.0,208,102
1650,3430,0.000471874457129,401.0,208,102
1651,3431,0.36269059929,400.5,208,101
1652,3432,0.174334642235,400.5,208,101
1653,3433,0.257399273394,401.0,208,101
1654,3434,0.0756214344583,401.0,208,101
1655,3435,0.298759052806,405.0,209,100
1656,3436,0.128035125325,405.0,209,100
1657,3437,0.191758860903,405.5,209,100
1658,3438,0.159414964457,405.5,209,100
1659,3439,0.165872064262,404.5,209,100
1660,3440,0.0178879173337,404.5,209,100
1661,3441,0.282344655615,404.0,210,100
1662,3442,0.157767697259,404.0,210,100
1663,3443,0.215353390714,404.0,210,100
1664,3444,0.19679381892,404.0,210,100
1665,3445,0.193284267505,402.0,209,100
1666,3446,0.00498840573384,402.0,209,100
1667,3447,0.000445428406703,402.0,209,100
1668,3448,0.160199339081,399.0,209,101
1669,3449,0.0741557404569,399.0,209,101
1670,3450,0.00152446686996,399.0,209,101
1671,3451,0.282123852187,399.5,209,102
1672,3452,0.144448360303,399.5,209,102
1673,3453,0.0301438570957,399.5,209,102
1674,3454,0.52892958984,401.0,208,109
1675,3455,0.0814114572976,401.0,208,109
1676,3456,0.0850372076202,401.0,208,109
1677,3457,0.729662785793,400.5,209,122
1678,3458,0.038603757389,400.5,209,122
1679,3459,0.188358192325,400.5,209,122
1680,3460,0.341114326394,395.5,209,125
1681,3461,0.205960753618,395.5,209,125
1682,3462,0.0242666885407,395.5,209,125
1683,3463,0.313454976839,397.5,210,123
1684,3464,0.0660396392887,397.5,210,123
1685,3465,0.067983915614,397.5,210,123
1686,3466,0.326177794004,391.0,210,123
1687,3467,0.145590129924,391.0,210,123
1688,3468,0.13601542911,391.0,210,123
1689,3469,0.502735789164,389.5,210,124
1690,3470,0.00284743570332,389.5,210,124
1691,3471,0.203692116098,390.5,209,125
1692,3472,0.0101220308455,390.5,209,125
1693,3473,0.199162748188,391.5,209,124
1694,3474,0.000472781918651,391.5,209,124
1695,3475,0.107146254426,390.5,209,123
1696,3476,9.95504349614e-05,390.5,209,123
1697,3898,0.0523051460713,32.5,235,114
1698,3899,0.0,32.5,235,114
1699,3900,0.153336520305,36.0,235,114
1700,3901,0.0228488588846,36.5,235,114
1701,3902,0.111234091465,36.5,235,114
1702,3903,0.00147472151091,36.0,235,114
1703,3904,0.118488880222,35.0,235,114
1704,3905,0.108100665044,35.0,235,114
1705,3906,0.0,35.0,235,114
1706,3907,0.152445213049,35.0,235,114
1707,3908,0.0461344471965,35.0,235,114
1708,3909,0.0,35.0,235,114
1709,3910,0.14512885066,34.5,235,114
1710,3911,0.000366924089092,35.0,235,114
1711,3912,0.000397769797202,35.0,235,114
1712,3913,0.0,35.0,235,114
1713,3914,0.143529009889,34.5,235,114
1714,3915,0.0888246250772,34.5,235,114
1715,3916,0.0,34.5,235,114
1716,3917,0.139215979793,35.0,235,114
1717,3918,0.0932416930583,35.0,235,114
1718,3919,0.0,35.0,235,114
1719,3920,0.0,35.0,235,114
1720,3921,0.148264973822,32.0,236,114
1721,3922,0.0,32.0,236,114
1722,3923,0.140649358097,35.5,235,114
1723,3924,0.108465103468,35.5,235,114
1724,3925,0.115943380105,34.0,235,115
1725,3926,0.123992015608,34.0,235,115
1726,3927,0.0989487609449,34.0,235,115
1727,3928,0.06498020237,34.0,235,115
1728,3929,0.166465561821,36.0,235,114
1729,3930,0.112032817664,36.0,235,114
1730,3931,0.0,36.0,235,114
1731,3932,0.0466610401241,34.0,235,115
1732,3933,0.0149422054665,34.0,235,115
1733,3934,0.123615583566,35.5,235,114
1734,3935,0.119471724416,35.5,235,114
1735,3936,0.0,35.5,235,114
1736,3937,0.0,35.5,235,114
1737,3938,0.185278032622,32.5,235,114
1738,3939,1.72549146866e-05,32.5,235,114
1739,3940,0.126173938208,33.5,235,114
1740,3941,0.0016625397854,33.5,235,114
1741,3942,0.0830169073951,36.0,235,114
1742,3943,0.055390276819,36.0,235,114
1743,3944,0.13313494918,36.0,235,114
1744,3945,0.102021069517,36.0,235,114
1745,3946,0.0,36.0,235,114
1746,3947,0.158287017445,34.5,235,114
1747,3948,0.000519997410642,34.5,235,114
1748,3949,0.155722456093,34.5,235,114
1749,3950,0.00252542673729,34.5,235,114
1750,3951,0.0,34.5,235,114
1751,3952,0.0,34.5,235,114
1752,3953,0.121672016474,36.0,235,114
1753,3954,0.000548679072676,36.0,235,114
1754,3955,0.0,36.0,235,114
1755,3956,0.121311460659,36.5,235,114
1756,3957,0.112583082432,36.0,235,114
1757,3958,0.112875928385,36.0,235,114
1758,3959,0.16202156022,36.0,235,114
1759,3960,0.107810580931,36.0,235,114
1760,3961,0.0,36.0,235,114
1761,3962,0.128292391877,37.0,235,114
1762,3963,0.0107555771522,37.0,235,114
1763,3964,0.148098083404,37.0,235,114
1764,3965,0.000372261872677,37.0,235,114
1765,3966,0.161694074162,36.0,235,114
1766,3967,0.0968761719,36.0,235,114
1767,3968,0.0,36.0,235,114
1768,3969,0.123604362111,36.0,235,114
1769,3970,0.000523761977739,36.0,235,114
1770,3971,0.12583971974,36.0,235,114
1771,3972,0.0,36.0,235,114
1772,3973,0.0854828450303,35.0,235,114
1773,3974,0.147751890542,36.0,235,114
1774,3975,0.1154522449,36.0,235,114
1775,3976,0.0,36.0,235,114
1776,3977,0.124547166431,36.0,235,114
1777,3978,0.000604959289854,36.0,235,114
1778,3979,0.0,36.0,235,114
1779,3980,0.0924068344531,36.0,235,114
1780,3981,0.000450559024554,36.0,235,114
1781,3982,0.139950219326,36.0,235,114
1782,3983,0.000290427600307,36.0,235,114
1783,3984,0.125355223823,37.0,235,114
1784,3985,0.000191133015753,37.0,235,114
1785,3986,0.0,37.0,235,114
1786,3987,0.124844976489,36.0,235,114
1787,3988,0.000240791167878,36.0,235,114
1788,3989,0.1031026711,37.0,235,114
1789,3990,0.107404414357,37.0,235,114
1790,3991,0.000271539508145,37.0,235,114
1791,3992,0.146318292913,35.5,235,114
1792,3993,0.0222031630319,35.5,235,114
1793,3994,0.0,35.5,235,114
1794,3995,0.152559676864,36.0,235,114
1795,3996,0.000358960633606,36.0,235,114
1796,3997,0.0,36.0,235,114
1797,3998,0.17590167988,34.5,235,114
1798,3999,0.119981560564,34.5,235,114
1799,4000,0.0560479398997,34.5,235,114
1800,4001,0.0,34.5,235,114
1801,4002,0.103007743623,36.0,235,114
1802,4003,0.0,36.0,235,114
1803,4004,0.120658748947,34.0,235,115
1804,4005,0.0947432715732,34.0,235,115
1805,4006,0.127407839909,34.5,235,115
1806,4007,0.0176776350591,34.5,235,115
1807,4008,0.118742470183,35.0,235,115
1808,4009,0.000105737478004,35.0,235,115
1809,4010,0.0452036189643,35.0,235,115
1810,4011,0.115956338009,35.0,235,115
1811,4012,0.0,35.0,235,115
1812,4013,0.0419890325221,34.5,235,115
1813,4014,0.000505391864766,34.5,235,115
1814,4015,0.0,34.5,235,115
1815,4016,0.152778203353,37.0,235,115
1816,4017,0.085301002286,35.5,235,115
1817,4018,0.000359156819076,35.5,235,115
1818,4019,0.130788831314,34.5,235,115
1819,4020,0.0280605491479,34.5,235,115
1820,4021,0.142263195573,36.0,235,115
1821,4022,0.0480275261943,36.0,235,115
1822,4023,0.0,36.0,235,115
1823,4024,0.138709801844,33.5,235,115
1824,4025,0.0086169752628,33.5,235,115
1825,4026,0.14960203998,33.5,235,115
1826,4027,0.000177168759187,33.5,235,115
1827,4028,0.0,33.5,235,115
1828,4029,0.11930098237,33.5,235,115
1829,4030,0.0,33.5,235,115
1830,4031,0.000352247415344,33.5,235,115
1831,4032,0.0759524613943,33.5,235,115
1832,4033,0.0523763661505,33.5,235,115
1833,4034,0.0,33.5,235,115
1834,4035,0.0,33.5,235,115
1835,4036,0.213766792545,34.5,235,115
1836,4037,0.00140101982272,34.5,235,115
1837,4038,0.0,34.5,235,115
1838,4039,0.0361022286383,34.5,235,114
1839,4040,0.000124579205957,34.5,235,114
1840,4041,0.0,34.5,235,114
1841,4371,0.0245447906251,74.5,206,167
1842,4372,0.00232986090254,74.5,206,167
1843,4373,0.366740807846,76.5,206,167
1844,4374,0.0937316971103,75.5,206,167
1845,4375,0.33280351197,75.5,206,167
1846,4376,0.164223061751,75.5,206,167
1847,4377,0.00032439555531,75.5,206,167
1848,4378,0.217124072682,75.0,206,167
1849,4379,0.10527289109,75.0,206,167
1850,4380,0.0,75.0,206,167
1851,4381,0.361993564645,75.5,206,167
1852,4382,0.0767672618089,75.5,206,167
1853,4383,0.0345433657906,75.5,206,167
1854,4384,0.241085735234,76.5,206,167
1855,4385,0.013507560942,76.5,206,167
1856,4386,0.214182362878,75.5,206,167
1857,4387,0.140195302345,75.5,206,167
1858,4388,0.334348885794,73.0,206,167
1859,4389,0.0778510324085,71.5,207,167
1860,4390,0.00770171337687,71.5,207,167
1861,4391,0.296009374981,73.5,206,167
1862,4392,0.0335257700084,73.5,206,167
1863,4393,0.0433607426286,73.5,206,167
1864,4394,0.263825283992,74.5,206,167
1865,4395,0.0976357902295,73.5,206,167
1866,4396,0.0221067388889,73.5,206,167
1867,4397,0.28450631265,71.5,206,168
1868,4398,0.0698261862061,71.5,206,168
1869,4399,0.0,71.5,206,168
1870,4400,0.202642947766,76.5,206,167
1871,4401,0.0434797926434,75.5,206,167
1872,4402,0.0026642425287,75.5,206,167
1873,4403,0.208826505666,74.5,206,168
1874,4404,0.0282421940199,74.5,206,168
1875,4405,0.259619192314,72.0,206,168
1876,4406,0.11558918798,73.0,206,168
1877,4407,0.00192451981289,73.0,206,168
1878,4408,0.238122410349,76.0,206,168
1879,4409,0.10257161978,76.0,206,168
1880,4410,0.249409304544,76.0,206,168
1881,4411,0.0446788276338,76.0,206,168
1882,4412,0.301905260352,75.5,206,167
1883,4413,0.139482127403,75.5,206,167
1884,4414,0.0905344964968,75.5,206,167
1885,4415,0.32646776058,74.5,206,167
1886,4416,0.0990716189159,74.5,206,167
1887,4417,0.326715371965,73.0,207,167
1888,4418,0.0845912533645,73.0,207,167
1889,4419,0.0264634159054,73.0,207,167
1890,4420,0.0,73.0,207,167
1891,4421,0.317864888682,73.5,206,167
1892,4422,0.0263980341297,73.5,206,167
1893,4423,0.0699537083509,74.5,206,167
1894,4424,0.226816279612,73.5,206,167
1895,4425,0.0662516521881,74.5,206,167
1896,4426,0.317250890798,77.5,206,167
1897,4427,0.0447075659453,77.5,206,167
1898,4428,0.192380304192,75.5,206,167
1899,4429,0.139000374474,75.5,206,167
1900,4430,0.0,75.5,206,167
1901,4431,0.275958760842,78.0,206,167
1902,4432,0.0646635075387,77.0,206,167
1903,4433,0.0262148304597,78.0,206,167
1904,4434,0.242488705907,73.5,206,167
1905,4435,0.022113203605,73.5,206,167
1906,4436,0.263608971503,82.0,206,167
1907,4437,0.0621969891173,82.0,206,167
1908,4438,0.0251273106099,82.0,206,167
1909,4439,0.0,82.0,206,167
1910,4440,0.216306853475,83.0,205,167
1911,4441,0.0279922117395,83.0,205,167
1912,4442,0.000225750992932,83.0,205,167
1913,4443,0.260397758761,79.5,206,167
1914,4444,0.128630717775,79.5,206,167
1915,4445,0.00235302620316,79.5,206,167
1916,4446,0.300875005094,81.0,206,167
1917,4447,0.0810055322776,81.0,206,167
1918,4448,0.178756447798,81.5,206,167
1919,4449,0.00273340767657,82.5,206,167
1920,4450,0.25046021157,83.0,206,167
1921,4451,0.0890640469538,83.0,206,167
1922,4452,0.0158256997813,83.0,206,167
1923,4453,0.283534323888,81.5,205,167
1924,4454,0.103181589061,81.5,205,167
1925,4455,0.00113815315623,81.5,205,167
1926,4456,0.175587831416,81.5,206,167
1927,4457,0.0634463344717,81.5,206,167
1928,4458,0.0011219008165,82.5,206,167
1929,4459,0.16540615767,80.0,205,167
1930,4460,0.0157674425743,80.0,205,167
1931,4461,0.256192452645,75.5,205,167
1932,4462,0.0268180073422,73.0,206,167
1933,4463,0.249333533257,73.5,206,167
1934,4464,0.0794788818142,73.5,206,167
1935,4465,0.000300616706731,73.5,206,167
1936,4466,0.261933169951,82.0,205,167
1937,4467,0.0328994252621,82.0,205,167
1938,4468,0.288551921159,79.5,206,167
1939,4469,0.0586295057892,79.5,206,167
1940,4470,0.339207614977,80.5,206,167
1941,4471,0.102139192551,80.5,206,167
1942,4472,0.0,80.5,206,167
1943,4473,0.212866983443,82.0,205,167
1944,4474,0.0999527766574,82.0,205,167
1945,4475,0.0,82.0,205,167
1946,4476,0.238196877826,80.0,205,167
1947,4477,0.0726951653253,80.0,205,167
1948,4478,0.0,80.0,205,167
1949,4479,0.220041892262,78.0,206,167
1950,4480,0.11859451083,78.0,206,167
1951,4481,0.0350416538015,78.0,206,167
1952,4482,0.242072759251,80.0,205,167
1953,4483,0.0527312459126,80.0,205,167
1954,4484,0.0,80.0,205,167
1955,4485,0.246288826435,81.5,206,167
1956,4486,0.080998554038,82.5,206,167
1957,4487,0.213962894991,80.0,205,167
1958,4488,0.0992662932506,79.0,205,167
1959,4489,0.0491908639591,80.0,205,167
1960,4490,0.349111035916,78.5,206,167
1961,4491,0.321487070747,72.5,207,167
1962,4492,0.0514696413804,72.5,207,167
1963,4493,0.0226223965619,72.5,207,167
1964,4494,0.330408695509,76.0,206,167
1965,4495,0.127415841739,77.0,206,167
1966,4496,0.00525125610978,76.0,206,167
1967,4497,0.351070669547,74.0,206,167
1968,4498,0.115472771563,74.0,206,167
1969,4499,0.00186205514951,74.0,206,167
1970,4500,0.31310815972,74.0,206,167
1971,4501,0.00193609088925,74.0,206,167
1972,4502,0.0,74.0,206,167
1973,4503,0.338803199214,73.5,206,167
1974,4504,0.319008694625,75.0,206,167
1975,4505,0.091570494463,74.0,206,167
1976,4506,0.000878327674752,74.0,206,167
1977,4507,0.359831547791,77.5,205,167
1978,4508,0.0601017456041,77.5,205,167
1979,4509,0.226222562743,78.5,206,167
1980,4510,0.142694463993,78.5,206,167
1981,4511,0.0735964398897,78.5,206,167
1982,4512,0.257025330587,78.5,206,167
1983,4513,0.0906383798163,78.5,206,167
1984,4514,0.000462604882234,78.5,206,167
1985,4515,0.250457760923,76.5,206,167
1986,4516,0.119713485816,77.5,206,167
1987,4517,0.0754482209235,77.5,206,167
1988,4518,0.197142034522,75.0,206,167
1989,4519,0.00207493360044,75.0,206,167
1990,4520,0.0,75.0,206,167
1991,4521,0.234614779528,73.5,206,167
1992,4522,0.110412347805,73.5,206,167
1993,4523,0.0253771881279,73.5,206,167
1994,4524,0.260389224727,70.0,206,167
1995,4525,0.131037932299,70.0,206,167
1996,4526,0.249119027273,70.5,206,167
1997,4527,0.0741021252095,71.5,206,167
1998,4528,0.291200343771,71.0,206,167
1999,4529,0.0968990104393,71.0,206,167
2000,4530,0.26526182609,72.5,206,166
2001,4531,0.156472600025,72.5,206,166
2002,4532,0.0577935613085,72.5,206,166
2003,4533,0.197986735056,72.5,207,166
2004,4534,0.0157799392208,72.5,207,166
2005,4535,0.377426290406,71.5,206,167
2006,4536,0.0229138704272,71.5,206,167
2007,4537,0.0156016062795,71.5,206,167
2008,4538,0.36392918146,78.5,206,167
2009,4539,0.0203721092433,78.5,206,167
2010,4540,0.000996817876348,78.5,206,167
2011,4541,0.244296005395,73.5,206,167
2012,4542,0.0286975122519,73.5,206,167
2013,4543,0.315149811555,74.0,206,167
2014,4544,0.0893761466992,74.0,206,167
2015,4545,0.0,74.0,206,167
2016,4546,0.315413465328,74.5,206,167
2017,4547,0.0760055619663,74.5,206,167
2018,4548,0.343361625115,72.5,206,166
2019,4549,0.0914899473149,72.5,206,166
2020,4550,0.000423948537886,72.5,206,166
2021,4551,0.250615914318,71.5,207,166
2022,4552,0.100493586128,71.5,207,166
2023,4553,0.0404105861977,71.5,207,166
2024,4554,0.243687823209,73.5,207,166
2025,4555,0.10726234909,73.5,207,166
2026,4556,0.211547554689,73.5,207,166
2027,4557,0.0756980271093,72.5,207,166
2028,4558,7.75634821839e-05,72.5,207,166
2029,4559,0.371339948771,74.0,206,167
2030,4560,0.0918852015967,74.0,206,167
2031,4561,0.00363478031842,74.0,206,167
2032,4562,0.320963647146,74.5,206,167
2033,4563,0.156398739108,74.5,206,167
2034,4564,0.0938739298033,74.5,206,167
2035,4565,0.201790658617,74.5,206,167
2036,4566,0.0852693725413,74.5,206,167
2037,4567,0.262075270486,71.5,206,167
2038,4568,0.137766026649,72.5,206,167
2039,4569,0.347867746815,80.0,206,167
2040,4570,0.171034163558,80.0,206,167
2041,4571,0.0,80.0,206,167
2042,4572,0.211467592848,71.0,206,167
2043,4573,0.132042306236,73.0,206,167
2044,4574,0.242495266571,77.0,205,167
2045,4575,0.0758437024427,77.0,205,167
2046,4576,0.0,77.0,205,167
2047,4577,0.245868007657,81.0,206,167
2048,4578,0.11638651297,81.0,206,167
2049,4579,0.00267705061702,81.0,206,167
2050,4580,0.255868703402,83.0,205,167
2051,4581,0.139059849673,82.0,205,167
2052,4582,0.263704924684,83.0,205,167
2053,4583,0.0647068965858,83.0,205,167
2054,4584,0.00622725130269,82.0,206,167
2055,4585,0.256096891753,74.5,206,167
2056,4586,0.21346202705,78.0,206,167
2057,4587,0.0707169427692,79.0,206,167
2058,4588,0.000383217238066,79.0,206,167
2059,4589,0.25958931109,76.5,206,167
2060,4590,0.0970533527039,76.5,206,167
2061,4591,0.0,76.5,206,167
2062,4592,0.234001567388,73.0,206,167
2063,4593,0.0662879235801,73.0,206,167
2064,4594,0.0,73.0,206,167
2065,4595,0.507386350757,76.5,204,169
2066,4596,0.106362941236,76.5,204,169
2067,4597,0.00902182942274,76.5,204,169
2068,4598,0.444180698773,81.5,204,169
2069,4599,0.00561610520034,81.5,204,169
2070,4600,0.0172201737234,81.5,204,169
2071,4601,0.0,81.5,204,169
2072,4602,0.867203729582,81.5,198,173
2073,4603,0.198121899824,83.5,198,173
2074,4604,0.0740325028837,83.5,198,173
2075,4605,0.883623283,87.0,193,176
2076,4606,0.349330155938,88.0,193,176
2077,4607,0.942009113639,85.5,186,178
2078,4608,0.123817523595,83.5,186,178
2079,4609,0.599804895792,88.5,182,182
2080,4610,0.00886729716305,89.5,182,182
2081,4611,0.426441908098,94.0,179,184
2082,4612,0.133566625021,94.0,179,184
2083,4613,0.301188864046,100.0,176,186
2084,4614,0.103106454134,100.0,176,186
2085,4615,0.0762941463119,100.0,176,186
2086,4616,0.251587833769,98.0,177,186
2087,4617,0.0783526158137,98.0,177,186
2088,4618,0.0114948100803,99.5,177,186
2089,4619,0.346589929246,99.5,180,186
2090,4620,0.166457315619,99.5,180,186
2091,4621,0.00419307579956,99.5,180,186
2092,4622,0.32001243311,98.0,182,185
2093,4623,0.569012253803,90.5,187,182
2094,4624,0.243041448641,90.5,187,182
2095,4625,0.0152283519594,90.5,187,182
2096,4626,0.514437815274,93.0,191,179
2097,4627,0.153674587011,92.0,191,179
2098,4628,0.121209290615,92.0,191,179
2099,4629,0.755485216448,81.5,196,176
2100,4630,0.2425165477,81.5,196,176
2101,4631,0.00274176686136,81.5,196,176
2102,4632,1.16681562326,76.0,205,172
2103,4633,0.0501319694013,76.0,205,172
2104,4634,0.0854831771092,76.0,205,172
2105,4635,0.446892801076,79.0,208,171
2106,4636,0.135540083973,79.0,208,171
2107,4637,0.0,79.0,208,171
2108,4638,0.290391716088,75.0,208,169
2109,4639,0.106310779043,75.0,208,169
2110,4640,0.0198823722305,75.0,208,169
2111,4641,0.300573388433,77.0,206,169
2112,4642,0.0859346478628,77.0,206,169
2113,4643,0.0235180813545,77.0,206,169
2114,4644,0.443560387395,82.0,205,169
2115,4645,0.0658668835246,82.0,205,169
2116,4646,0.386309031013,81.5,205,169
2117,4647,0.0759264365613,81.5,205,169
2118,4648,0.327787772525,78.5,206,168
2119,4649,0.0884774351288,78.5,206,168
2120,4650,0.236138192037,75.0,206,168
2121,4651,0.0698040077521,74.0,206,168
2122,4652,0.0779598337683,75.0,206,168
2123,4653,0.530511880297,70.0,205,168
2124,4654,0.0,70.0,205,168
2125,4655,0.322771439806,70.5,205,164
2126,4656,0.00213322069373,70.5,205,164
2127,4657,0.000625938015361,70.5,205,164
2128,4658,0.0948167106855,69.0,206,163
2129,4659,0.00110160481816,69.0,206,163
2130,5050,0.0971905415881,45.5,234,169
2131,5051,0.0342629930375,45.5,234,169
2132,5052,0.141661916441,45.0,234,170
2133,5053,0.04100627924,45.0,234,170
2134,5054,0.0386557864209,45.0,234,170
2135,5055,0.134648287865,45.5,234,170
2136,5056,0.00025256040103,45.5,234,170
2137,5057,0.160611312559,43.5,234,170
2138,5058,0.0723576814409,43.5,234,170
2139,5059,0.107487413065,42.5,234,170
2140,5060,0.0017368542611,42.5,234,170
2141,5061,4.16276100827e-06,42.5,234,170
2142,5062,0.131038825921,43.5,234,170
2143,5063,0.0,43.5,234,170
2144,5064,0.0,43.5,234,170
2145,5065,0.161199605419,42.5,234,170
2146,5066,0.0759109746865,42.5,234,170
2147,5067,0.0,42.5,234,170
2148,5068,0.154547178014,45.5,234,170
2149,5069,0.0329483037367,45.5,234,170
2150,5070,0.120505570179,44.0,234,170
2151,5071,0.0683960681746,44.0,234,170
2152,5072,0.000592254249858,44.0,234,170
2153,5073,0.0,44.0,234,170
2154,5074,0.0971780948355,43.0,234,170
2155,5075,0.0733938764874,43.0,234,170
2156,5076,0.0659424639526,43.0,234,170
2157,5077,0.0862331422002,44.0,234,170
2158,5078,0.0121372392263,44.0,234,170
2159,5079,0.150170016877,45.0,234,170
2160,5080,0.0954188454283,45.0,234,170
2161,5081,0.0,45.0,234,170
2162,5082,0.160327477201,43.0,234,170
2163,5083,0.083170743036,43.0,234,170
2164,5084,0.0960235336286,42.5,234,170
2165,5085,0.000467097819812,42.5,234,170
2166,5086,0.172224585196,45.5,234,170
2167,5087,0.00119251530828,45.5,234,170
2168,5088,0.103183862363,45.0,234,170
2169,5089,0.0339768132269,45.0,234,170
2170,5090,0.0,45.0,234,170
2171,5091,0.106813144842,44.5,234,170
2172,5092,0.166361953884,43.0,232,171
2173,5093,0.0523356660921,42.5,232,171
2174,5094,0.0,42.5,232,171
2175,5095,0.244869202995,43.0,226,172
2176,5096,7.35448237294e-05,43.0,226,172
2177,5097,0.0346331611958,43.0,226,172
2178,5098,0.665194106976,42.5,219,174
2179,5099,0.0729530100168,42.5,219,174
2180,5100,0.0680216630819,42.5,219,174
2181,5101,0.403122210337,45.0,217,176
2182,5102,0.0278130832678,45.0,217,176
2183,5103,0.328949263046,43.0,216,178
2184,5104,0.000880195868286,43.0,216,178
2185,5105,0.0,43.0,216,178
2186,5106,0.190972402811,50.5,215,179
2187,5107,0.00158348321607,50.5,215,179
2188,5108,0.00220386977609,50.5,215,179
2189,5109,0.190016088545,48.0,212,183
2190,5110,0.0908319624423,48.0,212,183
2191,5111,2.27764628531e-05,48.0,212,183
2192,5112,0.364210987648,47.5,209,186
2193,5113,0.000585332058815,47.0,209,186
2194,5114,0.0,47.0,209,186
2195,5115,0.0,47.0,209,186
2196,5116,0.391511068282,49.0,208,186
2197,5117,0.179569498777,49.0,208,186
2198,5118,0.35472169631,50.5,209,185
2199,5119,0.128042816381,50.5,209,185
2200,5120,0.00799918121659,50.5,209,185
2201,5121,0.0,50.5,209,185
2202,5122,0.362988917786,47.0,211,187
2203,5123,0.00404021263598,47.0,211,187
2204,5124,0.199397917041,49.0,212,183
2205,5125,0.0781387480178,49.0,212,183
2206,5126,0.194214084144,48.5,214,184
2207,5127,0.0697400275348,48.5,214,184
2208,5128,0.181190977638,50.0,215,182
2209,5129,0.0182179226531,49.0,215,182
2210,5130,0.188084542865,47.0,216,180
2211,5131,0.0292269571848,47.0,216,180
2212,5132,0.159814926214,48.5,216,180
2213,5133,0.0678550748416,48.5,216,180
2214,5134,0.160511734093,45.0,216,180
2215,5135,0.109910652997,45.0,216,180
2216,5136,0.0953541531072,45.0,216,180
2217,5137,0.183237722276,50.0,216,179
2218,5138,0.0,50.0,216,179
2219,5139,0.208307283652,44.0,216,177
2220,5140,0.012110821575,44.0,216,177
2221,5141,0.000178934228067,44.0,216,177
2222,5142,0.111548450351,44.0,216,177
2223,5143,0.404174867701,44.0,218,175
2224,5144,0.0910885089612,44.0,218,175
2225,5145,0.429978548921,41.0,219,171
2226,5146,0.0550851139721,41.0,219,171
2227,5147,0.0,41.0,219,171
2228,5148,0.159200239752,42.0,219,171
2229,5149,0.098757313019,42.0,219,171
2230,5150,8.46965413763e-06,42.0,219,171
2231,5151,0.193485350843,42.5,220,170
2232,5152,3.79063133169e-05,42.5,220,170
2233,5153,0.0,42.5,220,170
2234,5154,0.350408055359,41.0,221,170
2235,5155,0.148327754905,41.0,221,170
2236,5156,0.172263717438,42.0,221,170
2237,5157,0.039580573433,42.0,221,170
2238,5158,0.0,42.0,221,170
2239,5159,0.313407083964,45.0,221,170
2240,5160,0.0172969850372,44.0,221,170
2241,5161,0.0,44.0,221,170
2242,5162,0.378540759815,45.0,222,170
2243,5163,0.0813967038624,45.0,222,170
2244,5164,0.354770665765,44.0,223,169
2245,5165,0.00145948691838,44.0,223,169
2246,5166,0.335282644436,45.0,223,169
2247,5167,0.0965053498195,45.0,223,169
2248,5168,0.368169143142,43.0,224,170
2249,5169,0.0683665645408,43.0,224,170
2250,5170,0.354393776564,43.0,223,170
2251,5171,0.0779282013864,43.0,223,170
2252,5172,0.252955502972,43.0,223,170
2253,5173,0.0149455982168,43.0,223,170
2254,5174,0.0,43.0,223,170
2255,5175,0.308411427301,44.0,223,170
2256,5176,0.0117299129495,44.0,223,170
2257,5177,0.43211643539,38.5,224,170
2258,5178,0.00263280383054,38.5,224,170
2259,5179,0.0,38.5,224,170
2260,5180,0.0486407882534,35.5,224,169
2261,5181,2.67767923896e-05,36.5,224,170
2262,5182,0.0,36.5,224,170
2263,5362,1.23781644504e-05,33.5,248,128
2264,5363,0.00746294815001,33.0,248,128
2265,5364,2.75926599798e-06,33.0,248,128
2266,5365,0.011826582771,33.0,248,128
2267,5366,5.73442450777e-06,33.0,248,128
2268,5367,0.000191322392509,34.0,249,127
2269,5368,9.30825652515e-06,34.0,249,127
2270,5369,0.00019540036034,32.0,249,127
2271,5370,4.73288060151e-05,32.0,249,127
2272,5371,0.000160426722216,33.0,248,127
2273,5372,4.89690940823e-06,33.0,248,127
2274,5373,0.00157882217027,32.5,248,127
2275,5374,0.0,32.5,248,127
2276,5375,0.00898383533127,32.5,248,127
2277,5376,0.00147179867153,32.5,248,127
2278,5377,0.00306330513163,33.5,249,127
2279,5378,9.85364119158e-05,33.5,249,127
2280,5379,0.0,33.5,249,127
2281,5380,0.0205351910977,33.0,249,127
2282,5381,0.0192982923887,33.0,249,127
2283,5382,0.0,33.0,249,127
2284,5383,0.00304387304414,34.0,249,127
2285,5384,0.0141463099628,34.0,249,127
2286,5385,0.00266477613725,34.0,249,127
2287,5386,0.0185929919971,32.5,248,127
2288,5387,8.58112437657e-07,32.5,248,127
2289,5388,0.0,32.5,248,127
2290,5389,0.027713243573,33.0,249,127
2291,5390,0.00139702140883,33.0,249,127
2292,5391,0.0,33.0,249,127
2293,5392,0.0,33.0,249,127
2294,5393,0.0297862863806,32.5,249,127
2295,5394,0.00561638071261,32.5,249,127
2296,5395,4.33406560973e-06,32.5,249,127
2297,5396,0.0138497188363,33.5,249,127
2298,5397,7.74434918327e-05,33.5,249,127
2299,5398,0.0,33.5,249,127
2300,5399,0.087082970569,33.0,249,127
2301,5400,0.0518703611834,33.0,249,127
2302,5401,0.0243744256287,33.0,249,127
2303,5402,0.0312593452875,33.5,249,127
2304,5403,0.00163800256454,33.5,249,127
2305,5404,0.0299471233225,34.0,249,127
2306,5405,0.000122682453476,34.0,249,127
2307,5406,0.0543114322426,35.0,249,127
2308,5407,0.0,35.0,249,127
2309,5408,0.0137813958358,34.5,249,127
2310,5409,0.0,34.5,249,127
2311,5410,0.0326075502931,33.0,249,127
2312,5411,0.0241826639986,33.0,249,127
2313,5412,0.0376341979176,33.0,248,127
2314,5413,0.007717593528,33.0,248,127
2315,5414,0.022560261841,33.5,249,127
2316,5415,0.00869968020903,33.5,249,127
2317,5416,0.0337088044162,36.0,249,127
2318,5417,0.00291252641129,36.5,249,127
2319,5418,0.0,36.5,249,127
2320,5419,0.080223869084,34.0,249,127
2321,5420,0.0284544533505,34.0,249,127
2322,5421,0.0,34.0,249,127
2323,5422,0.0637097655108,36.0,249,127
2324,5423,0.00361296698598,36.0,249,127
2325,5424,0.0,36.0,249,127
2326,5425,0.105244330822,33.5,249,127
2327,5426,0.0466784081751,33.5,249,127
2328,5427,0.0,33.5,249,127
2329,5428,0.0707165542039,37.5,249,127
2330,5429,0.00853834550513,37.5,249,127
2331,5430,0.00565499262112,37.5,249,127
2332,5431,0.185322803784,34.5,249,127
2333,5432,0.133864508838,34.5,249,127
2334,5433,0.00182747380555,34.5,249,127
2335,5434,0.170593629626,34.5,249,127
2336,5435,0.0094459971492,34.5,249,127
2337,5436,0.0,34.5,249,127
2338,5437,0.101684341362,33.0,249,127
2339,5438,0.0461461399171,33.0,249,127
2340,5439,0.0,33.0,249,127
2341,5440,0.103772981744,34.0,249,127
2342,5441,0.0031405398657,34.0,249,127
2343,5442,0.0,34.0,249,127
2344,5443,0.10479661445,34.0,249,127
2345,5444,0.0,34.0,249,127
2346,5445,0.0,34.0,249,127
2347,5446,0.0585608782741,33.0,249,127
2348,5447,0.0252877939333,33.0,249,127
2349,5448,0.0492709092122,33.0,249,127
2350,5449,0.0279989522156,33.0,249,127
2351,5450,0.190122906363,31.5,248,127
2352,5451,0.0922862575559,31.5,248,127
2353,5452,0.104496025083,33.0,249,127
2354,5453,0.00468387200196,33.0,249,127
2355,5454,0.0864169326946,33.0,249,127
2356,5455,0.00420519497808,33.0,249,127
2357,5456,0.108889138695,33.0,248,127
2358,5457,0.0123910913316,33.0,248,127
2359,5458,0.0336999132487,33.0,248,127
2360,5459,0.211013239695,32.0,245,129
2361,5460,0.0916373456741,32.0,245,129
2362,5461,0.34820158749,32.5,235,130
2363,5462,0.172590984448,32.5,235,130
2364,5463,0.0,32.5,235,130
2365,5464,0.199100040607,31.0,230,131
2366,5465,0.000824946392696,31.0,230,131
2367,5466,9.93301231779e-05,31.0,230,131
2368,5467,0.233887144861,32.0,224,131
2369,5468,0.00194039931556,32.0,224,131
2370,5469,0.0,32.0,224,131
2371,5470,0.202060548952,30.0,222,131
2372,5471,1.31767232638e-06,30.0,222,131
2373,5472,0.0,30.0,222,131
2374,5473,0.0864483341004,29.5,224,131
2375,5474,0.0,29.5,224,131
2376,5475,0.0,29.5,224,131
