,index,emd_ani_sal,emd_ani_gaze,label
0,215,6.4723381996154785,6.177905559539795,0
1,216,6.2711687088012695,6.177905559539795,0
2,217,6.183218479156494,6.190181732177734,0
3,218,6.427656173706055,4.273873805999756,0
4,219,6.041520118713379,3.543142318725586,0
5,220,6.169700622558594,3.543142318725586,0
6,221,5.964974880218506,3.498786687850952,0
7,222,6.2273993492126465,5.990535259246826,0
8,223,6.185377597808838,6.088648319244385,0
9,224,6.036024570465088,4.744400978088379,0
10,225,6.226998329162598,4.744400978088379,0
11,226,6.308712482452393,6.2320146560668945,0
12,227,5.865416049957275,6.37326717376709,0
13,228,6.182932376861572,6.271252632141113,0
14,229,5.807198524475098,6.764175891876221,0
15,230,6.3275933265686035,6.614303112030029,0
16,231,5.7703423500061035,6.614303112030029,0
17,232,6.092181205749512,6.486574172973633,0
18,233,5.915131568908691,5.241469383239746,0
19,234,6.05604887008667,6.308448791503906,0
20,235,6.1326823234558105,6.790404796600342,0
21,236,6.070863723754883,6.522830963134766,0
22,237,6.180241584777832,3.8855488300323486,0
23,238,6.204091548919678,4.094601154327393,0
24,239,6.45707368850708,4.094601154327393,0
25,240,6.354035377502441,4.6191864013671875,0
26,241,6.722279071807861,4.168924331665039,0
27,242,6.426284313201904,4.505241394042969,0
28,243,6.315084934234619,6.215735912322998,0
29,244,6.23433780670166,4.697037696838379,0
30,245,6.4214558601379395,4.697037696838379,0
31,246,6.593980312347412,4.920068740844727,0
32,247,6.089254379272461,4.920068740844727,0
33,248,6.484842777252197,4.887357234954834,0
34,249,6.4703688621521,4.929925441741943,0
35,250,6.509558200836182,6.924674034118652,0
36,251,6.4109883308410645,6.433370590209961,0
37,252,6.565216541290283,4.385110855102539,0
38,253,6.519692420959473,4.5071821212768555,0
39,254,6.54770040512085,4.5071821212768555,0
40,255,6.476156234741211,6.248819828033447,0
41,256,6.699879169464111,5.739127159118652,0
42,257,6.346193313598633,5.739127159118652,0
43,258,6.474210739135742,7.265411376953125,0
44,259,6.5972466468811035,7.248091220855713,0
45,260,6.518256187438965,6.529269695281982,0
46,261,6.458634376525879,5.5675153732299805,0
47,262,6.679965019226074,6.079685688018799,0
48,263,6.666430473327637,7.032405853271484,0
49,264,6.766592979431152,7.032405853271484,0
50,265,6.305315971374512,7.042979717254639,0
51,266,6.626713752746582,4.429847717285156,0
52,267,6.100852966308594,6.148374080657959,0
53,268,6.4267191886901855,6.148374080657959,0
54,269,6.2723069190979,6.3015031814575195,0
55,270,6.463016033172607,6.240549564361572,0
56,271,6.415491104125977,6.331090927124023,0
57,272,5.956272602081299,5.491157054901123,0
58,273,6.43876838684082,5.404719352722168,0
59,274,6.512311935424805,5.727139949798584,0
60,275,6.546619415283203,6.001861095428467,0
61,276,6.262620449066162,5.5328450202941895,0
62,277,6.445816516876221,5.5328450202941895,0
63,278,6.048768043518066,5.613018989562988,0
64,279,6.3729095458984375,5.770374298095703,0
65,280,6.280820846557617,5.7441840171813965,0
66,281,6.137689113616943,4.550013542175293,0
67,282,6.305474758148193,5.520760536193848,0
68,283,5.525018692016602,5.520760536193848,0
69,284,6.403125762939453,4.929304599761963,0
70,285,5.7638654708862305,4.333738327026367,0
71,286,6.452286720275879,5.323147773742676,0
72,287,5.759037971496582,5.190107345581055,0
73,288,6.458268165588379,5.190107345581055,0
74,289,5.53283166885376,5.457202911376953,0
75,290,6.192962169647217,5.6657867431640625,0
76,291,5.379734516143799,5.614947319030762,0
77,292,5.918600559234619,5.5925984382629395,0
78,293,5.650266170501709,4.957160472869873,0
79,294,6.004435062408447,5.005557060241699,0
80,295,5.557971000671387,5.371156692504883,0
81,296,5.9810285568237305,5.371156692504883,0
82,297,5.597428321838379,5.411832809448242,0
83,298,6.405619144439697,5.443847179412842,0
84,299,6.013096809387207,4.191248893737793,0
85,300,6.210207939147949,5.674777507781982,0
86,301,5.529912948608398,5.674777507781982,0
87,302,6.178614616394043,5.751981735229492,0
88,303,5.684415817260742,4.297348976135254,0
89,304,6.481629371643066,5.542475700378418,0
90,305,6.052557945251465,7.538904666900635,0
91,306,6.678394317626953,6.000145435333252,0
92,307,6.622186660766602,6.000145435333252,0
93,308,6.889560222625732,5.160758018493652,0
94,309,6.821611404418945,5.6139326095581055,0
95,310,6.981733322143555,6.284793853759766,0
96,311,6.971805572509766,5.991239070892334,0
97,312,7.0315680503845215,5.932900428771973,0
98,313,6.749121189117432,7.510306358337402,0
99,314,6.790696620941162,3.114225149154663,0
100,315,6.696078300476074,1.2508066892623901,1
101,324,4.5005202293396,1.4014147520065308,0
102,569,7.176571846008301,8.898462295532227,0
103,570,7.430662631988525,8.898462295532227,0
104,571,6.776292324066162,9.558579444885254,0
105,572,7.392932415008545,9.547464370727539,0
106,573,6.949972152709961,8.713306427001953,0
107,574,7.159698009490967,8.72421932220459,0
108,575,7.106396198272705,8.729045867919922,0
109,576,6.7532830238342285,8.767195701599121,0
110,577,6.980288982391357,8.681039810180664,0
111,578,6.437466144561768,8.942388534545898,0
112,579,6.696436405181885,9.561005592346191,0
113,580,6.657051086425781,7.831850528717041,0
114,581,6.57612419128418,7.831056118011475,0
115,582,6.436894416809082,7.814268112182617,0
116,583,6.159583568572998,9.881673812866211,0
117,584,6.033389568328857,10.531730651855469,0
118,585,6.387395858764648,10.531730651855469,0
119,586,5.636508941650391,9.147960662841797,0
120,587,5.932243824005127,8.460052490234375,0
121,588,5.493314743041992,10.303654670715332,0
122,589,6.213967800140381,10.362259864807129,0
123,590,5.404257774353027,9.37702465057373,0
124,591,5.886385917663574,9.375439643859863,0
125,592,5.997851848602295,9.468149185180664,0
126,593,5.901574611663818,10.376513481140137,0
127,594,5.531524658203125,8.533262252807617,0
128,595,5.981388568878174,8.533262252807617,0
129,596,6.325069904327393,10.884218215942383,0
130,597,5.672966003417969,10.944564819335938,0
131,598,5.601492404937744,9.982973098754883,0
132,599,5.52365779876709,7.906900405883789,0
133,600,5.66506290435791,7.908188343048096,0
134,601,4.745566368103027,7.984169006347656,0
135,602,4.957005023956299,9.808422088623047,0
136,603,4.596071720123291,9.730605125427246,0
137,604,5.073454856872559,9.552490234375,0
138,605,4.836702823638916,9.514547348022461,0
139,606,4.891064167022705,9.767534255981445,0
140,607,5.325813293457031,9.767534255981445,0
141,608,5.0992889404296875,9.749634742736816,0
142,609,5.265530586242676,9.787805557250977,0
143,610,5.317660331726074,9.663455963134766,0
144,611,5.015257835388184,9.642770767211914,0
145,612,5.563122272491455,9.750178337097168,0
146,613,5.257323741912842,9.78587818145752,0
147,614,5.712587356567383,9.78587818145752,0
148,615,5.656711101531982,9.78058910369873,0
149,616,5.930652141571045,9.719809532165527,0
150,617,5.8015546798706055,9.706377029418945,0
151,618,5.589686870574951,7.42123556137085,0
152,619,5.911251544952393,8.278106689453125,0
153,620,5.9134674072265625,8.278106689453125,0
154,621,6.076607704162598,7.622586250305176,0
155,622,5.801116943359375,6.9774885177612305,0
156,623,6.120274543762207,7.6333327293396,0
157,624,6.111606121063232,8.11154842376709,0
158,625,6.554781913757324,8.360511779785156,0
159,626,5.897665023803711,8.716147422790527,0
160,627,6.391055583953857,7.730679035186768,0
161,628,6.230106353759766,5.14259147644043,0
162,629,6.2221174240112305,5.14259147644043,0
163,630,6.037412166595459,5.730175018310547,0
164,631,6.041395664215088,5.469763278961182,0
165,632,5.938612461090088,5.746733665466309,0
166,633,6.140011310577393,6.398382663726807,0
167,634,5.375070571899414,6.1753621101379395,0
168,635,5.645648956298828,6.171112060546875,0
169,636,5.563645839691162,5.273514270782471,0
170,637,5.140832424163818,7.412761211395264,0
171,638,4.980519771575928,6.610072612762451,0
172,639,5.084475517272949,6.610072612762451,0
173,640,4.8863677978515625,5.547138214111328,0
174,641,4.814941883087158,7.0563578605651855,0
175,642,4.558353424072266,6.661060810089111,0
176,643,4.400276184082031,5.904355049133301,0
177,644,4.623505115509033,5.582319259643555,0
178,645,4.431243896484375,5.582319259643555,0
179,646,4.459278583526611,6.008029460906982,0
180,647,4.643924713134766,6.300180912017822,0
181,648,4.683178424835205,6.094826698303223,0
182,649,4.676416873931885,6.094826698303223,0
183,650,4.604824066162109,6.317124366760254,0
184,651,4.812817096710205,6.31952428817749,0
185,652,4.554762840270996,5.868565082550049,0
186,653,4.9878973960876465,5.7972588539123535,0
187,654,4.597486972808838,6.769512176513672,0
188,655,5.120024681091309,6.772622108459473,0
189,656,4.370385646820068,6.8643646240234375,0
190,657,5.069137096405029,6.047344207763672,0
191,658,5.009278774261475,4.415351390838623,0
192,659,5.222765922546387,4.433643341064453,0
193,660,4.619889736175537,4.399294376373291,0
194,661,5.010863780975342,6.4397759437561035,0
195,662,4.781036376953125,6.089588642120361,0
196,663,4.963885307312012,6.046738624572754,0
197,664,4.650557041168213,6.046738624572754,0
198,665,5.086824893951416,6.086879253387451,0
199,666,4.9797844886779785,6.110535144805908,0
200,667,4.893642425537109,6.139754772186279,0
201,668,4.83635950088501,6.080733776092529,0
202,669,5.606086730957031,6.080733776092529,0
203,670,5.495413303375244,5.956958293914795,0
204,671,5.399825572967529,5.739636421203613,0
205,672,5.344735622406006,5.910951614379883,0
206,673,5.957643985748291,6.606815338134766,0
207,674,6.164227485656738,6.606815338134766,0
208,675,6.185927391052246,6.477039813995361,0
209,676,6.0309929847717285,6.286078453063965,0
210,677,6.227121829986572,6.598355293273926,0
211,678,6.08456563949585,6.5971174240112305,0
212,679,5.89370059967041,8.734184265136719,0
213,680,5.969549655914307,8.895491600036621,0
214,681,6.411279678344727,8.467671394348145,0
215,682,6.1711859703063965,7.584141731262207,0
216,683,6.484227180480957,8.8961820602417,0
217,684,6.546716213226318,8.52135181427002,0
218,685,6.465240478515625,9.20199966430664,0
219,686,5.962114334106445,9.20498275756836,0
220,687,5.766720771789551,9.002165794372559,0
221,688,5.7299017906188965,7.482893943786621,0
222,689,5.899526119232178,1.9790501594543457,0
223,690,5.634271621704102,1.2302417755126953,0
224,691,5.522892475128174,0.39721283316612244,0
225,692,5.358434677124023,0.40347209572792053,0
226,693,5.319025993347168,0.5805643200874329,0
227,694,4.629579544067383,0.446299284696579,0
228,695,4.369856834411621,1.386728286743164,0
229,696,4.6623921394348145,1.3908898830413818,0
230,697,3.862583637237549,1.8112776279449463,0
231,698,3.0646543502807617,2.3831353187561035,0
232,699,3.1914210319519043,3.0536816120147705,0
233,700,2.2862372398376465,3.105034112930298,0
234,701,1.6186143159866333,2.7358860969543457,0
235,702,1.3363441228866577,2.7186801433563232,0
236,703,1.2530730962753296,3.3869361877441406,0
237,704,1.1760952472686768,2.9045467376708984,0
238,705,0.8474165201187134,2.9084763526916504,0
239,706,0.49835580587387085,2.883632183074951,0
240,707,0.6832284331321716,1.3538100719451904,0
241,708,0.5499981641769409,0.4222894608974457,0
242,709,0.7616629600524902,0.48113396763801575,0
243,920,6.3669962882995605,3.689452886581421,0
244,921,6.476434230804443,4.117299556732178,0
245,922,6.66146183013916,4.117299556732178,0
246,923,6.797718524932861,4.107324600219727,0
247,924,6.5169997215271,3.8179850578308105,0
248,925,6.632550239562988,4.306543350219727,0
249,926,6.477181434631348,4.306543350219727,0
250,927,6.5876336097717285,4.178443908691406,0
251,928,6.2610249519348145,5.698021411895752,0
252,929,6.418381214141846,5.69939661026001,0
253,930,6.301300048828125,5.608965873718262,0
254,931,6.649190902709961,5.585940837860107,0
255,932,6.711523532867432,5.585940837860107,0
256,933,6.642781734466553,6.4376959800720215,0
257,934,6.281311511993408,8.082902908325195,0
258,935,6.677679061889648,8.406489372253418,0
259,936,6.410841941833496,7.093069076538086,0
260,937,6.645957946777344,6.729955196380615,0
261,938,6.408140659332275,6.668924808502197,0
262,939,6.529036998748779,6.484828472137451,0
263,940,6.245189666748047,6.484828472137451,0
264,941,6.686613082885742,6.613822937011719,0
265,942,6.26285457611084,6.675756454467773,0
266,943,6.490736484527588,6.582728862762451,0
267,944,6.620153903961182,6.582728862762451,0
268,945,6.3820037841796875,6.529158592224121,0
269,946,6.535201549530029,6.429323673248291,0
270,947,6.145852565765381,6.416354656219482,0
271,948,7.028713703155518,8.676669120788574,0
272,949,6.493860244750977,7.135738372802734,0
273,950,6.944786071777344,6.3385491371154785,0
274,951,6.848947048187256,6.3385491371154785,0
275,952,7.069177150726318,7.273689270019531,0
276,953,7.131460666656494,7.312065124511719,0
277,954,7.384514808654785,8.457924842834473,0
278,955,7.245186805725098,8.561067581176758,0
279,956,7.479671001434326,5.9747209548950195,0
280,957,7.515260219573975,5.882039546966553,0
281,958,7.849213123321533,6.961680889129639,0
282,959,7.48529577255249,7.0834269523620605,0
283,960,7.631287574768066,7.092098712921143,0
284,961,7.562040328979492,6.492323875427246,0
285,962,7.579800605773926,6.812843322753906,0
286,963,7.572249412536621,7.234980583190918,0
287,964,7.342033386230469,7.234980583190918,0
288,965,7.711779594421387,7.247777938842773,0
289,966,7.290040969848633,7.517825126647949,0
290,967,8.0980224609375,7.495141506195068,0
291,968,7.584046363830566,7.542400360107422,0
292,969,7.773338317871094,7.418950080871582,0
293,970,7.568572521209717,7.364863395690918,0
294,971,7.898801803588867,6.817986965179443,0
295,972,7.678478717803955,6.817986965179443,0
296,973,8.061491012573242,6.898583889007568,0
297,974,7.544425964355469,7.017007350921631,0
298,975,7.846553325653076,7.810752868652344,0
299,976,7.46196174621582,7.80011510848999,0
300,977,7.97817850112915,7.856785297393799,0
301,978,7.358823776245117,7.867546081542969,0
302,979,7.506138324737549,5.833067417144775,0
303,980,6.747949123382568,5.877493858337402,0
304,981,7.338993072509766,5.877493858337402,0
305,982,6.957262992858887,7.981172561645508,0
306,983,7.379909038543701,7.665207386016846,0
307,984,6.835762023925781,7.109127998352051,0
308,985,7.428538799285889,6.620508670806885,0
309,986,6.705240249633789,5.404701232910156,0
310,987,7.027642726898193,5.404701232910156,0
311,988,6.7788987159729,5.1970977783203125,0
312,989,7.361029148101807,4.414883136749268,0
313,990,6.800981521606445,5.379112243652344,0
314,991,6.88936185836792,5.351491928100586,0
315,992,6.708261489868164,5.249943733215332,0
316,993,6.889962673187256,5.181053638458252,0
317,994,6.65444278717041,5.1860737800598145,0
318,995,7.184513092041016,5.1860737800598145,0
319,996,6.624536514282227,5.4321980476379395,0
320,997,7.30673885345459,4.575554370880127,0
321,998,7.025779724121094,4.6950364112854,0
322,999,7.607858180999756,6.531168460845947,0
323,1000,7.469159126281738,5.693930149078369,0
324,1001,7.76558256149292,5.537163734436035,0
325,1002,7.308779716491699,5.544851303100586,0
326,1003,7.375729084014893,5.5330610275268555,0
327,1004,7.369068622589111,5.566961765289307,0
328,1005,7.496338367462158,5.799600601196289,0
329,1006,7.541967868804932,5.7795820236206055,0
330,1007,7.896349906921387,4.77238130569458,0
331,1008,7.322835922241211,6.3924455642700195,0
332,1009,7.663989067077637,6.590381622314453,0
333,1010,7.470054626464844,9.950254440307617,0
334,1011,8.03243350982666,9.950254440307617,0
335,1012,7.507129669189453,9.577858924865723,0
336,1013,7.790122985839844,8.688719749450684,0
337,1014,7.148314476013184,7.110419273376465,0
338,1015,7.664670467376709,6.594566345214844,0
339,1016,7.1631269454956055,7.485157012939453,0
340,1017,7.368142604827881,7.485157012939453,0
341,1018,7.108831405639648,8.413734436035156,0
342,1019,7.324344158172607,7.346746444702148,0
343,1020,7.173443794250488,1.1539231538772583,0
344,1021,7.047876834869385,0.8629547953605652,1
345,1030,4.427094459533691,0.5787918567657471,0
346,1364,8.16987419128418,6.198657989501953,0
347,1365,7.535142421722412,6.198657989501953,0
348,1366,8.215304374694824,6.2171549797058105,0
349,1367,7.6919965744018555,6.138765811920166,0
350,1368,8.194477081298828,6.136632442474365,0
351,1369,7.887277603149414,5.831241607666016,0
352,1370,7.811402320861816,5.986958026885986,0
353,1371,8.115378379821777,5.923936367034912,0
354,1372,7.795557498931885,5.925887107849121,0
355,1373,8.197366714477539,4.583214282989502,0
356,1374,7.871728897094727,3.9873883724212646,0
357,1375,8.182656288146973,4.8399834632873535,0
358,1376,7.599454402923584,6.797658443450928,0
359,1377,8.310351371765137,6.797658443450928,0
360,1378,7.435554027557373,6.816927909851074,0
361,1379,8.068211555480957,6.661349296569824,0
362,1380,7.659544944763184,6.661349296569824,0
363,1381,7.5665693283081055,6.6808013916015625,0
364,1382,7.885751247406006,6.6808013916015625,0
365,1383,7.9595561027526855,5.147768497467041,0
366,1384,7.6976542472839355,5.138272762298584,0
367,1385,6.9736151695251465,5.138272762298584,0
368,1386,7.751739025115967,5.1913299560546875,0
369,1387,6.681832313537598,5.1913299560546875,0
370,1388,7.336956024169922,4.709859848022461,0
371,1389,6.959104061126709,4.843013763427734,0
372,1390,7.454050064086914,5.610994815826416,0
373,1391,6.787431240081787,5.473811626434326,0
374,1392,6.508927822113037,5.475692272186279,0
375,1393,6.961658477783203,5.689962387084961,0
376,1394,6.711960792541504,6.150216579437256,0
377,1395,7.368708610534668,5.992964744567871,0
378,1396,6.623246669769287,5.647655010223389,0
379,1397,8.016490936279297,5.6501688957214355,0
380,1398,6.91831111907959,5.729735851287842,0
381,1399,7.803685188293457,6.147150993347168,0
382,1400,6.941217422485352,5.729527473449707,0
383,1401,7.8488054275512695,5.860424041748047,0
384,1402,7.238367080688477,5.832789897918701,0
385,1403,7.1803789138793945,6.895002841949463,0
386,1404,7.705862522125244,6.067716598510742,0
387,1405,7.018470287322998,6.063957214355469,0
388,1406,7.589477062225342,5.757768630981445,0
389,1407,7.378592491149902,8.857926368713379,0
390,1408,7.861496925354004,8.280346870422363,0
391,1409,6.884302139282227,8.641011238098145,0
392,1410,7.848407745361328,7.468339443206787,0
393,1411,7.367782115936279,7.476162433624268,0
394,1412,7.73626184463501,7.274781227111816,0
395,1413,7.162981986999512,7.139583110809326,0
396,1414,6.605117321014404,6.929043769836426,0
397,1415,7.867086410522461,6.772356986999512,0
398,1416,7.140546798706055,7.017691135406494,0
399,1417,7.922990322113037,7.017691135406494,0
400,1418,7.528497219085693,7.1254563331604,0
401,1419,8.229496002197266,7.252642631530762,0
402,1420,7.590353012084961,6.913200378417969,0
403,1421,8.543079376220703,6.913200378417969,0
404,1422,7.832735061645508,6.6856794357299805,0
405,1423,8.24201488494873,6.4811320304870605,0
406,1424,8.181737899780273,7.353248119354248,0
407,1425,7.23867654800415,7.863989353179932,0
408,1426,8.143425941467285,7.875631332397461,0
409,1427,7.536609172821045,7.091175079345703,0
410,1428,8.283775329589844,7.091392517089844,0
411,1429,7.590926170349121,6.759251117706299,0
412,1430,8.421212196350098,6.886592388153076,0
413,1431,7.349836826324463,6.657341480255127,0
414,1432,8.435614585876465,6.589852333068848,0
415,1433,7.711630821228027,6.589852333068848,0
416,1434,8.632516860961914,7.865908145904541,0
417,1435,7.9111480712890625,6.886612892150879,0
418,1436,7.472876071929932,6.91256856918335,0
419,1437,8.063094139099121,7.574024677276611,0
420,1438,7.739848613739014,7.570404529571533,0
421,1439,8.336174964904785,6.836428642272949,0
422,1440,7.963228702545166,7.068352699279785,0
423,1441,8.402517318725586,7.169041633605957,0
424,1442,7.9790940284729,7.178075790405273,0
425,1443,8.535300254821777,7.178075790405273,0
426,1444,8.33493709564209,6.808689594268799,0
427,1445,8.638145446777344,7.545673370361328,0
428,1446,8.384960174560547,7.545673370361328,0
429,1447,8.227248191833496,9.178935050964355,0
430,1448,7.908779144287109,9.543476104736328,0
431,1449,7.898631572723389,9.579093933105469,0
432,1450,8.096660614013672,9.693756103515625,0
433,1451,8.202299118041992,9.693756103515625,0
434,1452,7.926819801330566,7.354813098907471,0
435,1453,8.130955696105957,7.718384742736816,0
436,1454,7.776195049285889,7.111729621887207,0
437,1455,8.529928207397461,5.861338138580322,0
438,1456,8.281923294067383,5.861338138580322,0
439,1457,8.643035888671875,8.354145050048828,0
440,1458,8.255255699157715,7.554973125457764,0
441,1459,8.284170150756836,7.6626715660095215,0
442,1460,8.267712593078613,8.295062065124512,0
443,1461,8.15772819519043,7.789211750030518,0
444,1462,8.21623420715332,7.813441276550293,0
445,1463,8.320613861083984,6.746911525726318,0
446,1464,8.251296043395996,6.5991530418396,0
447,1465,8.016963958740234,6.5991530418396,0
448,1466,8.205022811889648,6.600778579711914,0
449,1467,8.24674129486084,6.531541347503662,0
450,1468,8.225993156433105,6.270246982574463,0
451,1469,7.965100288391113,8.010100364685059,0
452,1470,7.824512004852295,8.071853637695312,0
453,1471,8.450366973876953,7.0613226890563965,0
454,1472,7.598206520080566,7.403976917266846,0
455,1473,8.0565824508667,5.137128829956055,0
456,1474,7.5696587562561035,5.518740653991699,0
457,1475,8.277055740356445,6.1300201416015625,0
458,1476,7.633944511413574,6.1300201416015625,0
459,1477,8.392474174499512,6.666040897369385,0
460,1478,7.68254280090332,6.734325885772705,0
461,1479,8.249321937561035,7.3325324058532715,0
462,1480,7.555593013763428,8.331827163696289,0
463,1481,7.438590049743652,6.547624111175537,0
464,1482,8.066448211669922,6.547624111175537,0
465,1483,7.479360580444336,6.3297247886657715,0
466,1484,8.057256698608398,9.525809288024902,0
467,1485,7.71899938583374,9.4271240234375,0
468,1486,8.008968353271484,9.4271240234375,0
469,1487,7.680122375488281,9.294953346252441,0
470,1488,8.063811302185059,7.79165506362915,0
471,1489,8.212109565734863,7.401711940765381,0
472,1490,8.190423965454102,7.401711940765381,0
473,1491,8.462610244750977,7.409721851348877,0
474,1492,6.849273681640625,7.161649703979492,0
475,1493,8.06360149383545,7.43766450881958,0
476,1494,6.886405944824219,7.457189559936523,0
477,1495,8.288315773010254,7.336761951446533,0
478,1496,6.9268951416015625,7.3750224113464355,0
479,1497,8.007030487060547,7.328387260437012,0
480,1498,7.454676628112793,7.328387260437012,0
481,1499,8.077996253967285,7.328893184661865,0
482,1500,7.88503360748291,7.442953586578369,0
483,1501,7.900404453277588,7.815405368804932,0
484,1502,7.863983154296875,3.7948877811431885,0
485,1503,7.436582565307617,2.1399078369140625,0
486,1504,8.342550277709961,1.9913017749786377,0
487,1505,7.599465370178223,0.4702260494232178,0
488,1506,8.139406204223633,0.582020103931427,0
489,1507,6.987500190734863,0.6497923731803894,0
490,1508,7.622665882110596,0.6451687812805176,0
491,1509,7.164712429046631,0.6183749437332153,0
492,1510,7.409482955932617,0.7243984937667847,0
493,1511,6.854201793670654,1.7069371938705444,0
494,1512,6.883426666259766,1.7069371938705444,0
495,1513,6.428772449493408,2.0233805179595947,0
496,1514,5.526900291442871,2.1854090690612793,0
497,1515,5.605926513671875,2.4171602725982666,0
498,1516,4.659343719482422,3.1123335361480713,0
499,1517,5.446856498718262,3.1123335361480713,0
500,1518,4.60810661315918,3.3575456142425537,0
501,1519,5.012218952178955,3.3575456142425537,0
502,1520,4.3449296951293945,3.458348274230957,0
503,1521,4.643669605255127,3.479121208190918,0
504,1522,4.688961505889893,2.2147603034973145,0
505,1523,4.423796653747559,2.335630416870117,0
506,1524,4.1879048347473145,2.335630416870117,0
507,1525,3.806072950363159,1.592098355293274,0
508,1526,4.1202006340026855,0.9947091937065125,0
509,1527,3.7603847980499268,0.27584874629974365,0
510,1528,3.8628435134887695,0.27584874629974365,0
511,1529,3.581433057785034,0.28806939721107483,0
512,1530,3.6784887313842773,0.198054239153862,0
513,1531,3.530416965484619,0.2417001724243164,0
514,1682,3.7478349208831787,4.125084400177002,0
515,1683,4.030857086181641,3.8964250087738037,0
516,1684,3.7861804962158203,3.8589210510253906,0
517,1685,3.4594202041625977,3.893871307373047,0
518,1686,3.5257883071899414,3.9984216690063477,0
519,1687,3.4961485862731934,3.9984216690063477,0
520,1688,4.391877174377441,3.949906587600708,0
521,1689,3.641430377960205,3.835120439529419,0
522,1690,3.726520299911499,3.8743247985839844,0
523,1691,3.6874542236328125,3.574282169342041,0
524,1692,5.238310813903809,3.574282169342041,0
525,1693,4.156894683837891,3.724684715270996,0
526,1694,5.537597179412842,3.6820068359375,0
527,1695,4.508204460144043,3.6187949180603027,0
528,1696,5.7559285163879395,3.548358917236328,0
529,1697,3.862764596939087,2.1024105548858643,0
530,1698,6.341532230377197,2.1024105548858643,0
531,1699,3.655472755432129,2.2425453662872314,0
532,1700,5.856538772583008,2.3842952251434326,0
533,1701,4.356022834777832,2.3318850994110107,0
534,1702,5.423455715179443,2.316652297973633,0
535,1703,4.973567485809326,2.2472147941589355,0
536,1704,4.279103755950928,2.4446628093719482,0
537,1705,5.390341281890869,2.5250120162963867,0
538,1706,5.101910591125488,2.5529356002807617,0
539,1707,6.230294704437256,2.5529356002807617,0
540,1708,4.824240684509277,2.5914571285247803,0
541,1709,6.175543308258057,2.693466901779175,0
542,1710,5.11008358001709,2.554859161376953,0
543,1711,5.1640496253967285,2.8059792518615723,0
544,1712,5.1270623207092285,2.8059792518615723,0
545,1713,5.392912864685059,2.144007682800293,0
546,1714,5.632349967956543,2.468477249145508,0
547,1715,4.920745849609375,2.361809015274048,0
548,1716,5.5160136222839355,5.534585952758789,0
549,1717,5.519618034362793,5.16511344909668,0
550,1718,5.694063663482666,5.174055099487305,0
551,1719,5.4147868156433105,5.586549758911133,0
552,1720,5.951911449432373,5.6822099685668945,0
553,1721,5.270402431488037,5.8877363204956055,0
554,1722,5.128206729888916,5.850001335144043,0
555,1723,4.640965461730957,5.843524932861328,0
556,1724,5.478124141693115,5.843524932861328,0
557,1725,5.902573585510254,5.031938076019287,0
558,1726,4.573766231536865,5.259008407592773,0
559,1727,4.727660655975342,5.984269618988037,0
560,1728,4.515516757965088,7.261178493499756,0
561,1729,5.22736120223999,7.251636981964111,0
562,1730,3.6387038230895996,6.868305683135986,0
563,1731,4.970730781555176,6.868305683135986,0
564,1732,3.5846056938171387,6.5509209632873535,0
565,1733,5.857614040374756,5.622529983520508,0
566,1734,4.785728454589844,5.226355075836182,0
567,1735,6.1425580978393555,5.294617652893066,0
568,1736,4.819256782531738,5.294617652893066,0
569,1737,5.311706066131592,5.696167945861816,0
570,1738,5.455956935882568,5.8231964111328125,0
571,1739,5.01698112487793,4.883205413818359,0
572,1740,5.8030924797058105,4.807507514953613,0
573,1741,5.2684478759765625,4.807507514953613,0
574,1742,6.815831184387207,4.429701805114746,0
575,1743,5.117604732513428,5.62754487991333,0
576,1744,4.894870281219482,4.508846282958984,0
577,1745,4.655294418334961,4.4011945724487305,0
578,1746,5.033721446990967,5.113132476806641,0
579,1747,6.189054012298584,5.3996453285217285,0
580,1748,4.798591613769531,4.6338791847229,0
581,1749,5.988332748413086,4.634609222412109,0
582,1750,4.387831687927246,5.088033676147461,0
583,1751,6.65714693069458,4.97859525680542,0
584,1752,4.301966667175293,4.4545512199401855,0
585,1753,6.668612957000732,4.350996971130371,0
586,1754,4.639698505401611,4.384143829345703,0
587,1755,5.623349666595459,4.35134220123291,0
588,1756,5.697661876678467,4.409115314483643,0
589,1757,6.513419151306152,4.409115314483643,0
590,1758,5.576522350311279,4.352148056030273,0
591,1759,5.6058526039123535,4.402912616729736,0
592,1760,6.111701488494873,4.411158084869385,0
593,1761,5.274569988250732,4.353184223175049,0
594,1762,5.338712215423584,3.8096935749053955,0
595,1763,5.493622779846191,2.2384815216064453,0
596,1764,5.63801908493042,2.5117504596710205,0
597,1765,4.8546247482299805,2.245480537414551,0
598,1766,5.115867614746094,2.245480537414551,0
599,1767,4.434654712677002,2.1030941009521484,0
600,1768,4.870314121246338,2.181530475616455,0
601,1769,5.545571804046631,2.3176257610321045,0
602,1770,4.721729278564453,2.502721071243286,0
603,1771,5.846298694610596,2.5675387382507324,0
604,1772,4.885073661804199,5.261479377746582,0
605,1773,5.684410095214844,5.261479377746582,0
606,1774,4.363409042358398,5.114250183105469,0
607,1775,6.042181968688965,4.702627182006836,0
608,1776,4.206573009490967,4.7419562339782715,0
609,1777,5.129563331604004,4.6946306228637695,0
610,1778,3.5106265544891357,4.732979774475098,0
611,1779,4.548245906829834,4.732979774475098,0
612,1780,4.478245258331299,4.60051155090332,0
613,1781,4.89155387878418,4.974820137023926,0
614,1782,4.622818470001221,5.665858745574951,0
615,1783,5.400912284851074,5.665858745574951,0
616,1784,4.383057117462158,5.61427640914917,0
617,1785,4.50995397567749,5.486713886260986,0
618,1786,3.6148386001586914,5.5232954025268555,0
619,1787,5.56606388092041,5.391225337982178,0
620,1788,4.139795780181885,5.391225337982178,0
621,1789,4.614904403686523,5.393526077270508,0
622,1790,4.828171730041504,5.299229621887207,0
623,1791,5.883340358734131,4.41847562789917,0
624,1792,4.247378349304199,4.139376640319824,0
625,1793,4.732415199279785,4.860525131225586,0
626,1794,5.705146312713623,4.1328253746032715,0
627,1795,5.804405689239502,4.238675117492676,0
628,1796,4.947714328765869,4.238675117492676,0
629,1797,5.226868629455566,4.432985305786133,0
630,1798,6.40549898147583,3.9983036518096924,0
631,1799,6.027369976043701,4.0026750564575195,0
632,1800,5.292007923126221,4.021823406219482,0
633,1801,6.2316484451293945,4.021823406219482,0
634,1802,6.096168518066406,4.139667987823486,0
635,1803,6.677548885345459,4.139954566955566,0
636,1804,6.053598880767822,4.293483734130859,0
637,1805,6.790587902069092,4.293483734130859,0
638,1806,5.556918144226074,4.089449405670166,0
639,1807,6.626031398773193,3.999455213546753,0
640,1808,5.374576091766357,5.068295478820801,0
641,1809,6.012255668640137,5.068295478820801,0
642,1810,5.357975006103516,3.4222145080566406,0
643,1811,5.750410556793213,3.513925075531006,0
644,1812,5.755447864532471,3.968827962875366,0
645,1813,7.776349067687988,3.9597771167755127,0
646,1814,5.942093372344971,3.9386556148529053,0
647,1815,5.835041046142578,3.631007194519043,0
648,1816,6.127561092376709,3.168044328689575,0
649,1817,6.969027519226074,2.8981575965881348,0
650,1818,6.124752521514893,3.0342466831207275,0
651,1819,5.882378101348877,2.9997386932373047,0
652,1820,5.735286712646484,3.0171310901641846,0
653,1821,6.042389869689941,3.1635262966156006,0
654,1822,5.680339336395264,3.1635262966156006,0
655,1823,4.591360569000244,3.1093268394470215,0
656,1824,5.658364295959473,3.1240313053131104,0
657,1825,6.317298412322998,3.0802714824676514,0
658,1826,5.416745185852051,2.706158399581909,0
659,1827,6.147632598876953,2.5083234310150146,0
660,1828,4.939675331115723,2.5083234310150146,0
661,1829,6.826248645782471,3.109848976135254,0
662,1830,4.960605144500732,2.6393840312957764,0
663,1831,6.7378997802734375,3.79396390914917,0
664,1832,5.189873695373535,3.7852632999420166,0
665,1833,5.899160861968994,4.687200546264648,0
666,1834,4.858214855194092,4.687200546264648,0
667,1835,6.949910640716553,4.397212982177734,0
668,1836,5.200403690338135,4.686990261077881,0
669,1837,5.928458213806152,4.353591442108154,0
670,1838,5.955029010772705,4.3764190673828125,0
671,1839,6.185365200042725,4.405381202697754,0
672,1840,5.570453643798828,4.405381202697754,0
673,1841,5.425596714019775,4.433192729949951,0
674,1842,6.183279037475586,4.453422546386719,0
675,1843,5.57927131652832,4.659217834472656,0
676,1844,4.987180233001709,4.659217834472656,0
677,1845,4.748862266540527,4.629762172698975,0
678,1846,5.178621292114258,5.747749328613281,0
679,1847,5.141879558563232,5.501033306121826,0
680,1848,4.896765232086182,5.496436595916748,0
681,1849,5.110008716583252,5.416815280914307,0
682,1850,4.859637260437012,5.4981303215026855,0
683,1851,5.307822227478027,5.423291206359863,0
684,1852,4.8996782302856445,5.423291206359863,0
685,1853,3.7247278690338135,5.374856948852539,0
686,1854,4.849025249481201,5.392030239105225,0
687,1855,4.2106852531433105,5.4519734382629395,0
688,1856,4.476332664489746,4.425566673278809,0
689,1857,4.331405162811279,4.421038627624512,0
690,1858,4.163182258605957,4.4708075523376465,0
691,1859,4.783485412597656,4.909579277038574,0
692,1860,3.869765043258667,4.328778266906738,0
693,1861,3.698869228363037,4.320311546325684,0
694,1862,4.435761451721191,4.320311546325684,0
695,1863,3.803102970123291,6.108555316925049,0
696,1864,4.14745569229126,6.092276573181152,0
697,1865,3.776566505432129,5.883849620819092,0
698,1866,4.7348313331604,5.6827521324157715,0
699,1867,4.046854019165039,5.6949639320373535,0
700,1868,4.675879001617432,5.6949639320373535,0
701,1869,3.738591432571411,5.730515480041504,0
702,1870,4.955049514770508,5.779175758361816,0
703,1871,5.094587326049805,5.797977924346924,0
704,1872,5.15101957321167,5.372369766235352,0
705,1873,5.734069347381592,5.372369766235352,0
706,1874,4.987514495849609,5.515488147735596,0
707,1875,5.0845537185668945,5.433202266693115,0
708,1876,4.632996559143066,5.4496750831604,0
709,1877,4.928984642028809,5.439694881439209,0
710,1878,4.972556114196777,5.439694881439209,0
711,1879,4.7436041831970215,5.570959091186523,0
712,1880,5.822272300720215,3.944786310195923,0
713,1881,5.140947341918945,3.6119844913482666,0
714,1882,6.373756408691406,3.506906509399414,0
715,1883,4.862202167510986,3.506906509399414,0
716,1884,5.803303241729736,3.506906509399414,0
717,1885,5.211075782775879,4.244193077087402,0
718,1886,5.66355037689209,3.279499053955078,0
719,1887,4.576328277587891,3.186959981918335,0
720,1888,4.682029724121094,3.1854825019836426,0
721,1889,4.879530429840088,3.158409833908081,0
722,1890,4.996953010559082,3.095747709274292,0
723,1891,5.582111835479736,3.133496046066284,0
724,1892,4.850118160247803,3.142076253890991,0
725,1893,5.320237636566162,3.0518364906311035,0
726,1894,5.285428047180176,3.0518364906311035,0
727,1895,5.159565448760986,3.068878412246704,0
728,1896,4.590620517730713,3.2053258419036865,0
729,1897,4.408857822418213,3.2520880699157715,0
730,1898,4.468344688415527,3.2769510746002197,0
731,1899,4.482791900634766,5.86509370803833,0
732,1900,4.125655651092529,4.924896717071533,0
733,1901,4.119199752807617,6.0923686027526855,0
734,1902,4.5215983390808105,6.0923686027526855,0
735,1903,4.475521087646484,6.132195949554443,0
736,1904,4.102490425109863,5.040737628936768,0
737,1905,4.794010639190674,4.642834663391113,0
738,1906,4.327813148498535,4.640883445739746,0
739,1907,5.025757312774658,6.343507766723633,0
740,1908,4.960836887359619,6.256891250610352,0
741,1909,5.64677095413208,6.225424289703369,0
742,1910,5.107210636138916,5.940648555755615,0
743,1911,5.918168067932129,5.940648555755615,0
744,1912,5.4269843101501465,6.133110046386719,0
745,1913,6.1399335861206055,5.821552753448486,0
746,1914,6.389181613922119,5.842231273651123,0
747,1915,5.947136402130127,5.88742733001709,0
748,1916,6.695705890655518,4.997888565063477,0
749,1917,5.5130085945129395,4.952099323272705,0
750,1918,5.938078880310059,4.952099323272705,0
751,1919,5.923089504241943,5.020077228546143,0
752,1920,5.923108100891113,5.158785343170166,0
753,1921,5.495874404907227,5.0772271156311035,0
754,1922,5.07393741607666,5.1242828369140625,0
755,1923,6.074584484100342,5.163760662078857,0
756,1924,5.639754772186279,5.220959186553955,0
757,1925,6.290799617767334,6.228844165802002,0
758,1926,5.080071926116943,6.226293087005615,0
759,1927,6.841104030609131,6.210610389709473,0
760,1928,5.5626726150512695,5.718237400054932,0
761,1929,5.88052225112915,5.775291919708252,0
762,1930,4.819905757904053,4.857985019683838,0
763,1931,5.992304801940918,4.6056671142578125,0
764,1932,5.410317420959473,4.542597770690918,0
765,1933,4.691904544830322,4.484268665313721,0
766,1934,4.734516143798828,4.50324821472168,0
767,1935,4.640398025512695,4.50324821472168,0
768,1936,5.226830005645752,4.657336711883545,0
769,1937,3.9789533615112305,4.727755069732666,0
770,1938,5.561339378356934,4.727755069732666,0
771,1939,4.185009002685547,4.35136079788208,0
772,1940,5.125962734222412,3.25651216506958,0
773,1941,3.973151922225952,3.377941370010376,0
774,1942,4.450383186340332,3.781646251678467,0
775,1943,4.747681617736816,3.781646251678467,0
776,1944,4.063910484313965,3.914846181869507,0
777,1945,4.271088123321533,3.075767755508423,0
778,1946,4.754852294921875,3.0868825912475586,0
779,1947,5.667247295379639,2.8926634788513184,0
780,1948,3.9991252422332764,2.8926634788513184,0
781,1949,5.521243572235107,4.542862415313721,0
782,1950,4.991921901702881,5.900113105773926,0
783,1951,5.431854724884033,6.142763137817383,0
784,1952,4.942406177520752,6.176777362823486,0
785,1953,5.4751434326171875,6.198877811431885,0
786,1954,4.856435775756836,6.153319835662842,0
787,1955,4.818276405334473,6.145003795623779,0
788,1956,5.032453536987305,4.0432538986206055,0
789,1957,4.9473748207092285,3.5343520641326904,0
790,1958,6.325981140136719,3.5343520641326904,0
791,1959,4.773543834686279,3.729870319366455,0
792,1960,6.476455211639404,4.557313919067383,0
793,1961,4.554684638977051,4.5548529624938965,0
794,1962,6.125222682952881,4.676456451416016,0
795,1963,4.094324111938477,4.078030109405518,0
796,1964,5.625727653503418,4.078030109405518,0
797,1965,4.329470634460449,4.0014214515686035,0
798,1966,4.738212585449219,4.0067853927612305,0
799,1967,4.631084442138672,4.007544994354248,0
800,1968,5.559607982635498,4.059605121612549,0
801,1969,5.570003509521484,4.135309219360352,0
802,1970,4.8111572265625,4.158267498016357,0
803,1971,5.811493873596191,3.855800151824951,0
804,1972,4.572706699371338,3.977731943130493,0
805,1973,5.5093207359313965,4.066580295562744,0
806,1974,3.8654978275299072,4.057648658752441,0
807,1975,5.560671806335449,4.057648658752441,0
808,1976,3.794771671295166,4.0673322677612305,0
809,1977,4.7194013595581055,4.062280178070068,0
810,1978,4.170463562011719,4.13020658493042,0
811,1979,5.513613224029541,4.108719825744629,0
812,1980,4.876063346862793,4.108719825744629,0
813,1981,4.672970771789551,4.05658483505249,0
814,1982,4.861067771911621,4.561084270477295,0
815,1983,4.465027809143066,4.232059001922607,0
816,1984,5.518518924713135,4.234582901000977,0
817,1985,4.674803733825684,4.259317398071289,0
818,1986,4.792636871337891,4.285858154296875,0
819,1987,4.833614349365234,4.297884941101074,0
820,1988,4.315183162689209,4.332572937011719,0
821,1989,4.770637035369873,4.332572937011719,0
822,1990,4.732120037078857,4.31240177154541,0
823,1991,5.188877105712891,4.3333210945129395,0
824,1992,4.552135944366455,4.329975128173828,0
825,1993,5.144768238067627,3.2311925888061523,0
826,1994,4.2022705078125,3.085983991622925,0
827,1995,5.2312235832214355,3.085983991622925,0
828,1996,4.192426681518555,3.1061854362487793,0
829,1997,5.223796844482422,3.1488845348358154,0
830,1998,4.150164604187012,3.1351380348205566,0
831,1999,4.539237022399902,3.176010847091675,0
832,2000,4.077085018157959,3.1309261322021484,0
833,2001,5.337379455566406,3.1505277156829834,0
834,2002,5.302767276763916,3.178309440612793,0
835,2003,5.015750408172607,4.6052656173706055,0
836,2004,5.8709492683410645,4.237527847290039,0
837,2005,5.740383625030518,4.242309093475342,0
838,2006,6.083160400390625,4.099749565124512,0
839,2007,5.033309459686279,4.016214370727539,0
840,2008,5.609053611755371,4.016214370727539,0
841,2009,4.846460819244385,4.144463062286377,0
842,2010,5.103931903839111,4.100297451019287,0
843,2011,5.175562381744385,4.159686088562012,0
844,2012,4.958043098449707,4.122796535491943,0
845,2013,5.1610589027404785,3.8277454376220703,0
846,2014,5.481869220733643,3.8277454376220703,0
847,2015,5.065935134887695,2.532060384750366,0
848,2016,6.400712013244629,3.6516177654266357,0
849,2017,5.425064563751221,4.185181617736816,0
850,2018,5.469797611236572,4.0731024742126465,0
851,2019,5.5218353271484375,3.3707547187805176,0
852,2020,5.526961326599121,3.3707547187805176,0
853,2021,5.4749674797058105,2.3742337226867676,0
854,2022,5.423140048980713,2.3072891235351562,0
855,2023,5.443997383117676,3.1135106086730957,0
856,2024,5.764002799987793,4.791569709777832,0
857,2025,6.051970481872559,4.791569709777832,0
858,2026,5.049250602722168,5.431187152862549,0
859,2027,5.546947956085205,3.4020168781280518,0
860,2028,4.372448444366455,3.4020168781280518,0
861,2029,6.011002540588379,4.568053722381592,0
862,2030,4.794979572296143,4.425190448760986,0
863,2031,5.239403247833252,4.316340446472168,0
864,2032,4.817324161529541,4.391238689422607,0
865,2033,5.6669511795043945,4.391238689422607,0
866,2034,4.623280048370361,4.472246170043945,0
867,2035,5.6369242668151855,4.56782865524292,0
868,2036,5.152949333190918,4.637721061706543,0
869,2037,5.5111799240112305,4.709230899810791,0
870,2038,5.685088634490967,4.7024312019348145,0
871,2039,5.362006187438965,4.74143123626709,0
872,2040,6.320347785949707,4.733055114746094,0
873,2041,5.6162495613098145,5.51622200012207,0
874,2042,5.909007549285889,5.517094612121582,0
875,2043,5.353274822235107,6.0888519287109375,0
876,2044,5.361188888549805,5.945788383483887,0
877,2045,5.7688188552856445,6.186354637145996,0
878,2046,5.401322841644287,6.238670825958252,0
879,2047,6.687612533569336,5.737437725067139,0
880,2048,4.990939617156982,3.9179751873016357,0
881,2049,6.670590400695801,4.0755720138549805,0
882,2050,5.3700971603393555,4.0755720138549805,0
883,2051,6.156141757965088,4.517453193664551,0
884,2052,5.042191028594971,4.297976493835449,0
885,2053,6.55950403213501,3.150251865386963,0
886,2054,5.2420196533203125,4.539827823638916,0
887,2055,5.946586608886719,4.539827823638916,0
888,2056,5.157865524291992,4.525734901428223,0
889,2057,6.261324405670166,4.127443313598633,0
890,2058,6.03943395614624,3.4876227378845215,0
891,2059,5.787402629852295,3.8625423908233643,0
892,2060,6.465030670166016,4.657311916351318,0
893,2061,6.124234676361084,4.657311916351318,0
894,2062,6.666008949279785,4.536193370819092,0
895,2063,5.5931077003479,4.581214427947998,0
896,2064,6.548654556274414,4.717435359954834,0
897,2065,5.867527008056641,4.717435359954834,0
898,2066,6.190789222717285,4.458926677703857,0
899,2067,6.158807754516602,4.795746326446533,0
900,2068,6.3623247146606445,4.612527847290039,0
901,2069,6.624099254608154,4.578406810760498,0
902,2070,5.896725177764893,4.578406810760498,0
903,2071,7.20111608505249,4.474834442138672,0
904,2072,6.008995532989502,4.565793991088867,0
905,2073,7.632290840148926,4.521683216094971,0
906,2074,6.129225730895996,4.521683216094971,0
907,2075,7.420846462249756,4.491370677947998,0
908,2076,6.019314765930176,4.5262322425842285,0
909,2077,6.633858680725098,4.5719990730285645,0
910,2078,5.671292304992676,4.5534844398498535,0
911,2079,6.031310558319092,4.5534844398498535,0
912,2080,6.338335990905762,4.419834136962891,0
913,2081,6.0036468505859375,5.560640335083008,0
914,2082,6.571752548217773,5.382826328277588,0
915,2083,5.691237926483154,4.301340103149414,0
916,2084,6.716217041015625,4.838354110717773,0
917,2085,6.100955486297607,4.53459358215332,0
918,2086,6.61090612411499,4.527706146240234,0
919,2087,5.726954460144043,4.527706146240234,0
920,2088,5.374266147613525,4.505163192749023,0
921,2089,5.750329971313477,4.453103065490723,0
922,2090,5.908297061920166,4.55581521987915,0
923,2091,6.146045207977295,4.55581521987915,0
924,2092,5.538311958312988,4.732934951782227,0
925,2093,6.36382532119751,4.624892711639404,0
926,2094,5.559978008270264,4.7022013664245605,0
927,2095,6.793464183807373,5.294104099273682,0
928,2096,5.056577682495117,4.645705699920654,0
929,2097,5.816703796386719,4.666942119598389,0
930,2098,4.807387351989746,4.666942119598389,0
931,2099,5.789334297180176,4.903082370758057,0
932,2100,4.879542350769043,4.903082370758057,0
933,2101,5.508718967437744,4.741418838500977,0
934,2102,4.745147705078125,5.602574825286865,0
935,2103,4.8875956535339355,5.790773868560791,0
936,2104,5.208637237548828,5.567812919616699,0
937,2105,4.8740081787109375,5.053903579711914,0
938,2106,5.002989292144775,5.053903579711914,0
939,2107,4.803194999694824,5.6407928466796875,0
940,2108,4.570357322692871,5.699615955352783,0
941,2109,4.390678882598877,5.675017833709717,0
942,2110,4.3820061683654785,5.7790069580078125,0
943,2111,4.365774154663086,4.883228778839111,0
944,2112,4.950334072113037,5.001805782318115,0
945,2113,5.199863910675049,5.295763969421387,0
946,2114,4.694611072540283,5.295763969421387,0
947,2115,5.805886745452881,5.675578594207764,0
948,2116,4.89248514175415,5.554664611816406,0
949,2117,5.488006591796875,5.055022239685059,0
950,2118,4.556756973266602,4.925403594970703,0
951,2119,4.70651912689209,4.867983818054199,0
952,2120,5.424126625061035,4.867983818054199,0
953,2121,5.383049011230469,4.937978267669678,0
954,2122,6.077364444732666,4.828493595123291,0
955,2123,5.435357570648193,4.551480293273926,0
956,2124,6.257151126861572,4.4349284172058105,0
957,2125,5.684875965118408,4.4349284172058105,0
958,2126,6.421581268310547,4.315937519073486,0
959,2127,6.008561134338379,4.2694854736328125,0
960,2128,6.380529403686523,3.6942083835601807,0
961,2129,6.234593868255615,3.3764753341674805,0
962,2130,5.966768741607666,3.3888916969299316,0
963,2131,5.535813808441162,3.3178131580352783,0
964,2132,5.559780120849609,3.4548234939575195,0
965,2133,6.2897772789001465,3.1634254455566406,0
966,2134,6.161940097808838,3.365729331970215,0
967,2135,6.932441711425781,3.365729331970215,0
968,2136,6.121723651885986,5.037901878356934,0
969,2137,6.480737209320068,4.980885982513428,0
970,2138,6.973174095153809,4.9378252029418945,0
971,2139,6.731767654418945,5.042424201965332,0
972,2140,6.738326549530029,4.760617733001709,0
973,2141,6.031585693359375,4.02262020111084,0
974,2142,6.94840669631958,4.02262020111084,0
975,2143,6.209415435791016,4.481270790100098,0
976,2144,5.82020902633667,4.851889133453369,0
977,2145,5.451902389526367,4.865096569061279,0
978,2146,5.940068244934082,4.061460018157959,0
979,2147,6.847745418548584,4.070844650268555,0
980,2148,5.435460567474365,4.306110858917236,0
981,2149,6.320346355438232,4.306110858917236,0
982,2150,5.185707092285156,4.302343368530273,0
983,2151,6.566031455993652,4.3168416023254395,0
984,2152,5.324280738830566,4.337273120880127,0
985,2153,6.089197158813477,4.149739742279053,0
986,2154,5.258873462677002,4.055521011352539,0
987,2155,6.4900078773498535,4.144163131713867,0
988,2156,5.36744499206543,4.120800495147705,0
989,2157,6.134252548217773,4.101093292236328,0
990,2158,6.275516033172607,4.101093292236328,0
991,2159,6.514995574951172,4.807192802429199,0
992,2160,5.679490089416504,6.17510986328125,0
993,2161,6.338639259338379,6.17510986328125,0
994,2162,5.413375377655029,5.8069305419921875,0
995,2163,6.159604072570801,6.037161350250244,0
996,2164,6.540014743804932,5.935857772827148,0
997,2165,6.48187255859375,4.329541206359863,0
998,2166,6.265384197235107,4.329541206359863,0
999,2167,6.695982933044434,4.30769681930542,0
1000,2168,6.439111232757568,5.776113510131836,0
1001,2169,6.81648063659668,5.758037567138672,0
1002,2170,5.504958152770996,4.5615081787109375,0
1003,2171,7.011450290679932,4.501651287078857,0
1004,2172,5.0746636390686035,4.449706554412842,0
1005,2173,6.909453392028809,3.7015182971954346,0
1006,2174,5.339223861694336,3.7015182971954346,0
1007,2175,7.187648773193359,3.8041205406188965,0
1008,2176,5.0931925773620605,3.627512216567993,0
1009,2177,6.21098518371582,3.62990403175354,0
1010,2178,5.289112091064453,3.791074514389038,0
1011,2179,6.042433738708496,3.445704221725464,0
1012,2180,5.517723560333252,3.4400744438171387,0
1013,2181,5.418203830718994,3.427170515060425,0
1014,2182,5.708615303039551,4.323544025421143,0
1015,2183,5.306270122528076,4.227660179138184,0
1016,2184,5.843408584594727,4.227660179138184,0
1017,2185,5.582487106323242,3.503737688064575,0
1018,2186,6.329392910003662,3.5246973037719727,0
1019,2187,5.773568153381348,3.5481481552124023,0
1020,2188,6.086128234863281,4.2657999992370605,0
1021,2189,5.238274574279785,3.7219057083129883,0
1022,2190,5.780168533325195,3.7219057083129883,0
1023,2191,5.858578681945801,3.5632874965667725,0
1024,2192,5.900866985321045,3.5999982357025146,0
1025,2193,5.549495697021484,3.5999982357025146,0
1026,2194,6.0467376708984375,4.42791748046875,0
1027,2195,6.066024303436279,3.6132166385650635,0
1028,2196,5.476110935211182,6.408985614776611,0
1029,2197,5.374211311340332,6.408985614776611,0
1030,2198,5.535707473754883,6.298492908477783,0
1031,2199,5.2442402839660645,5.66414737701416,0
1032,2200,5.0380024909973145,5.66414737701416,0
1033,2201,4.912289142608643,5.654078483581543,0
1034,2202,6.45371150970459,5.654078483581543,0
1035,2203,5.069806098937988,5.673281192779541,0
1036,2204,6.877458095550537,5.666650295257568,0
1037,2205,4.603427410125732,6.062877655029297,0
1038,2206,6.529542922973633,6.271604537963867,0
1039,2207,4.015189170837402,6.212080955505371,0
1040,2208,5.93917989730835,5.668023586273193,0
1041,2209,4.2287917137146,5.546752452850342,0
1042,2210,5.430103302001953,5.161487102508545,0
1043,2211,4.3858137130737305,5.042562484741211,0
1044,2212,5.795577526092529,5.042562484741211,0
1045,2213,4.974130630493164,4.927361488342285,0
1046,2214,4.570947170257568,4.9614338874816895,0
1047,2215,5.149188041687012,4.937427997589111,0
1048,2216,4.5160980224609375,4.753975868225098,0
1049,2217,5.271576881408691,4.7825608253479,0
1050,2218,4.5833420753479,4.965358734130859,0
1051,2219,5.08318567276001,4.521652698516846,0
1052,2220,4.422619342803955,4.521652698516846,0
1053,2221,4.8457207679748535,4.6897969245910645,0
1054,2222,4.948271751403809,4.6897969245910645,0
1055,2223,4.785487174987793,4.644334316253662,0
1056,2224,4.948155403137207,4.7723307609558105,0
1057,2225,4.632421970367432,4.935863971710205,0
1058,2226,5.451601028442383,4.280682563781738,0
1059,2227,5.036685943603516,4.280682563781738,0
1060,2228,5.951706886291504,4.299231052398682,0
1061,2229,5.151133060455322,4.204644680023193,0
1062,2230,5.23928165435791,3.1021575927734375,0
1063,2231,4.862875461578369,3.210995674133301,0
1064,2232,4.9585185050964355,3.210995674133301,0
1065,2233,5.283629417419434,3.833021879196167,0
1066,2234,4.359105110168457,3.3953592777252197,0
1067,2235,4.900409698486328,3.2918152809143066,0
1068,2236,4.730639457702637,3.234112024307251,0
1069,2237,6.055943489074707,3.3707809448242188,0
1070,2238,4.3180155754089355,3.3707809448242188,0
1071,2239,5.641263008117676,4.249524116516113,0
1072,2240,4.436037063598633,4.301126956939697,0
1073,2241,5.711751937866211,4.8889007568359375,0
1074,2242,4.212601661682129,4.597538471221924,0
1075,2243,4.817139625549316,4.60446834564209,0
1076,2244,4.434089183807373,4.635555267333984,0
1077,2245,4.807655334472656,4.598127365112305,0
1078,2246,3.7733869552612305,4.602910041809082,0
1079,2247,4.367892265319824,4.8014068603515625,0
1080,2248,4.4289093017578125,4.354204177856445,0
1081,2249,4.779970645904541,4.3927178382873535,0
1082,2250,4.399182319641113,4.987767696380615,0
1083,2251,4.544374942779541,4.987767696380615,0
1084,2252,4.334771633148193,4.628940582275391,0
1085,2253,4.616100788116455,4.6053619384765625,0
1086,2254,4.017726421356201,4.592471599578857,0
1087,2255,4.405810832977295,4.627857208251953,0
1088,2256,3.9007742404937744,4.470102787017822,0
1089,2257,4.395537853240967,4.464416980743408,0
1090,2258,4.200170516967773,4.159010887145996,0
1091,2259,4.738792419433594,4.048186302185059,0
1092,2260,4.0389180183410645,4.0609917640686035,0
1093,2261,4.863072395324707,4.086575031280518,0
1094,2262,3.8546338081359863,4.086575031280518,0
1095,2263,4.455439567565918,4.067554950714111,0
1096,2264,3.908761978149414,4.0672454833984375,0
1097,2265,4.143970966339111,4.016244888305664,0
1098,2266,4.099164962768555,4.077536582946777,0
1099,2267,4.275071144104004,4.077536582946777,0
1100,2268,4.578775882720947,4.1292033195495605,0
1101,2269,4.683812618255615,4.0492634773254395,0
1102,2270,4.813612461090088,4.125866413116455,0
1103,2271,4.661350727081299,4.125866413116455,0
1104,2272,5.171422004699707,4.088735580444336,0
1105,2273,4.987555503845215,4.325516223907471,0
1106,2274,5.087771892547607,4.358441352844238,0
1107,2275,4.505760669708252,4.378502368927002,0
1108,2276,5.0017242431640625,4.363770484924316,0
1109,2277,4.900169849395752,4.263082027435303,0
1110,2278,4.478227615356445,3.493917465209961,0
1111,2279,4.748531818389893,3.493917465209961,0
1112,2280,5.335947036743164,3.6157422065734863,0
1113,2281,5.802551746368408,3.4825916290283203,0
1114,2282,4.5931596755981445,3.4825916290283203,0
1115,2283,5.85677433013916,3.4307074546813965,0
1116,2284,5.183604717254639,3.4626505374908447,0
1117,2285,5.910007476806641,4.121634483337402,0
1118,2286,4.95148229598999,4.255329132080078,0
1119,2287,6.408587455749512,4.271810054779053,0
1120,2288,5.8276166915893555,4.122079849243164,0
1121,2289,6.26286506652832,3.359684467315674,0
1122,2290,4.964995384216309,3.349911689758301,0
1123,2291,6.278999328613281,3.363112449645996,0
1124,2292,5.717194080352783,3.348517894744873,0
1125,2293,5.877254009246826,3.459225654602051,0
1126,2294,6.180330753326416,3.5407888889312744,0
1127,2295,5.414350986480713,4.269634246826172,0
1128,2296,6.317368507385254,4.273736000061035,0
1129,2297,5.1756720542907715,4.470583915710449,0
1130,2298,6.549350738525391,4.728209018707275,0
1131,2299,5.2601423263549805,5.174149513244629,0
1132,2300,5.902697563171387,4.954382419586182,0
1133,2301,5.4683146476745605,4.954382419586182,0
1134,2302,5.174912929534912,4.875286102294922,0
1135,2303,6.52770471572876,4.922336101531982,0
1136,2304,5.1941304206848145,4.904810428619385,0
1137,2305,6.425166130065918,5.038544178009033,0
1138,2306,4.8863911628723145,5.075438499450684,0
1139,2307,5.9088873863220215,4.958228588104248,0
1140,2308,4.37795877456665,5.7412567138671875,0
1141,2309,5.907534122467041,5.7412567138671875,0
1142,2310,4.504474639892578,6.022051811218262,0
1143,2311,5.481799602508545,5.836333751678467,0
1144,2312,4.397316932678223,5.842147350311279,0
1145,2313,6.326871395111084,5.735054016113281,0
1146,2314,5.275513172149658,5.735054016113281,0
1147,2315,4.799159526824951,5.816250324249268,0
1148,2316,4.17794132232666,5.772982120513916,0
1149,2317,5.042669773101807,5.6537699699401855,0
1150,2318,4.4273271560668945,5.054687023162842,0
1151,2319,4.497927188873291,5.054687023162842,0
1152,2320,4.513895511627197,4.674805164337158,0
1153,2321,5.3512139320373535,4.937536239624023,0
1154,2322,4.82942533493042,5.068930149078369,0
1155,2323,4.87885856628418,5.15317964553833,0
1156,2324,4.526693344116211,4.820333003997803,0
1157,2325,6.151642799377441,4.722076892852783,0
1158,2326,4.294425010681152,4.715939044952393,0
1159,2327,5.560755252838135,4.455184459686279,0
1160,2328,4.050674915313721,4.241240501403809,0
1161,2329,5.342167377471924,4.252133846282959,0
1162,2330,3.680851936340332,3.546048879623413,0
1163,2331,5.115619659423828,3.0356037616729736,0
1164,2332,4.060817241668701,2.5518441200256348,0
1165,2333,4.940173149108887,2.5700578689575195,0
1166,2334,4.112633228302002,3.2535693645477295,0
1167,2335,5.046940803527832,3.22178053855896,0
1168,2336,4.208001136779785,3.2484560012817383,0
1169,2337,5.2116899490356445,4.377906799316406,0
1170,2338,4.6264543533325195,4.596796035766602,0
1171,2339,5.119198799133301,4.993688106536865,0
1172,2340,4.083580493927002,4.780429840087891,0
1173,2341,4.6920166015625,4.797131538391113,0
1174,2342,4.027332782745361,4.797131538391113,0
1175,2343,4.7582316398620605,4.787193298339844,0
1176,2344,3.8784260749816895,4.738330841064453,0
1177,2345,4.806947231292725,4.738330841064453,0
1178,2346,4.072487831115723,4.822269916534424,0
1179,2347,4.978960037231445,6.368016242980957,0
1180,2348,4.377546310424805,6.21346378326416,0
1181,2349,4.654496192932129,5.8354926109313965,0
1182,2350,3.9906206130981445,4.954418659210205,0
1183,2351,4.486872673034668,4.580864429473877,0
1184,2352,4.114378452301025,4.535698890686035,0
1185,2353,4.093952655792236,4.529434680938721,0
1186,2354,4.258421421051025,4.73117208480835,0
1187,2355,4.441266059875488,4.795339107513428,0
1188,2356,4.646481037139893,3.5031349658966064,0
1189,2357,4.273073673248291,3.4975717067718506,0
1190,2358,4.275850772857666,3.7480621337890625,0
1191,2359,5.0907511711120605,3.9004342555999756,0
1192,2360,4.245274543762207,3.9103963375091553,0
1193,2361,5.12198543548584,4.077359676361084,0
1194,2362,4.942759990692139,3.8856394290924072,0
1195,2363,6.346160411834717,3.8484947681427,0
1196,2364,4.445766925811768,3.7725820541381836,0
1197,2365,6.511239528656006,4.861877918243408,0
1198,2366,4.48976469039917,5.697041988372803,0
1199,2367,4.8049187660217285,5.697041988372803,0
1200,2368,4.619595050811768,5.8675336837768555,0
1201,2369,5.63755464553833,5.637106418609619,0
1202,2370,6.533229351043701,5.469574451446533,0
1203,2371,4.653017997741699,5.469574451446533,0
1204,2372,5.673211574554443,5.254675388336182,0
1205,2373,5.4368205070495605,5.127295970916748,0
1206,2374,6.151043891906738,5.12968635559082,0
1207,2375,4.216296195983887,5.07962703704834,0
1208,2376,5.199490070343018,5.07962703704834,0
1209,2377,4.866294860839844,5.135145664215088,0
1210,2378,4.866189956665039,5.162683486938477,0
1211,2379,5.308985710144043,5.1180500984191895,0
1212,2380,4.847322940826416,5.1180500984191895,0
1213,2381,5.929349422454834,3.507192850112915,0
1214,2382,4.163486003875732,2.8371400833129883,0
1215,2383,6.169947147369385,1.2553622722625732,0
1216,2384,4.1403093338012695,1.2280259132385254,0
1217,2385,5.6210408210754395,1.3398983478546143,0
1218,2386,4.041816711425781,1.2904633283615112,0
1219,2387,6.2577738761901855,2.1037025451660156,0
1220,2388,3.889188528060913,3.5604653358459473,0
1221,2389,4.574016571044922,3.7686281204223633,0
1222,2390,3.9972710609436035,4.009191989898682,0
1223,2391,4.936019420623779,4.009191989898682,0
1224,2392,4.4474687576293945,4.542048454284668,0
1225,2393,4.19647216796875,4.084171295166016,0
1226,2394,4.797665596008301,4.252932548522949,0
1227,2395,4.657685279846191,4.639811038970947,0
1228,2396,4.75929069519043,4.640227317810059,0
1229,2397,4.379899024963379,6.151322841644287,0
1230,2398,4.977235317230225,5.449096202850342,0
1231,2399,4.655064582824707,5.510678768157959,0
1232,2400,4.497812271118164,5.510678768157959,0
1233,2401,4.637213230133057,4.8234333992004395,1
1234,2410,5.215137958526611,2.034205675125122,0
1235,2564,4.6587815284729,4.035874843597412,0
1236,2565,3.7706398963928223,4.035874843597412,0
1237,2566,4.561664581298828,3.9914886951446533,0
1238,2567,4.116042613983154,4.3742218017578125,0
1239,2568,4.759757995605469,5.143701076507568,0
1240,2569,3.085841417312622,5.143078327178955,0
1241,2570,3.7193284034729004,5.00301456451416,0
1242,2571,4.196796417236328,5.1067118644714355,0
1243,2572,3.7684733867645264,5.001622200012207,0
1244,2573,2.940643548965454,4.9251484870910645,0
1245,2574,4.175085067749023,4.880126953125,0
1246,2575,4.226418972015381,4.937758445739746,0
1247,2576,4.016105651855469,5.074576377868652,0
1248,2577,3.942765712738037,5.074576377868652,0
1249,2578,2.9501852989196777,4.993283271789551,0
1250,2579,3.1898691654205322,4.8475823402404785,0
1251,2580,1.8520712852478027,4.821313381195068,0
1252,2581,2.9387147426605225,5.056862831115723,0
1253,2582,2.9989418983459473,5.027610778808594,0
1254,2583,3.2281792163848877,5.027610778808594,0
1255,2584,2.085552930831909,4.92826509475708,0
1256,2585,2.8376805782318115,4.516031742095947,0
1257,2586,3.363422155380249,4.385303497314453,0
1258,2587,2.5447802543640137,4.330837249755859,0
1259,2588,4.576003074645996,4.302882194519043,0
1260,2589,3.4238414764404297,4.767172336578369,0
1261,2590,4.819394111633301,4.767172336578369,0
1262,2591,3.129835844039917,4.767172336578369,0
1263,2592,2.088991641998291,4.555364608764648,0
1264,2593,4.352385520935059,4.564356803894043,0
1265,2594,3.4957010746002197,4.564356803894043,0
1266,2595,3.522289991378784,4.617274761199951,0
1267,2596,2.8855502605438232,4.659565448760986,0
1268,2597,5.4634552001953125,4.659565448760986,0
1269,2598,3.4033563137054443,4.664139270782471,0
1270,2599,5.198782444000244,4.787108421325684,0
1271,2600,4.742269039154053,4.9868855476379395,0
1272,2601,5.563985824584961,4.7320942878723145,0
1273,2602,3.411543369293213,4.7320942878723145,0
1274,2603,3.312159776687622,4.762410640716553,0
1275,2604,4.853515148162842,4.740380764007568,0
1276,2605,4.474253177642822,4.691293716430664,0
1277,2606,4.657139778137207,4.689680099487305,0
1278,2607,4.9164347648620605,4.689680099487305,0
1279,2608,5.1667561531066895,4.6976399421691895,0
1280,2609,4.664874076843262,4.691530704498291,0
1281,2610,5.610533714294434,4.726382732391357,0
1282,2611,4.883001804351807,4.726382732391357,0
1283,2612,5.3101725578308105,4.747470855712891,0
1284,2613,4.697497844696045,4.679617881774902,0
1285,2614,3.951390027999878,4.6937103271484375,0
1286,2615,4.72229528427124,4.865453720092773,0
1287,2616,3.8652682304382324,4.865453720092773,0
1288,2617,5.01298189163208,4.909523010253906,0
1289,2618,3.827472686767578,4.80141544342041,0
1290,2619,5.088901996612549,4.9953694343566895,0
1291,2620,4.275434494018555,4.9953694343566895,0
1292,2621,5.6509504318237305,5.020693302154541,0
1293,2622,5.504281997680664,5.152734756469727,0
1294,2623,5.8102545738220215,5.152734756469727,0
1295,2624,4.796694278717041,5.115713596343994,0
1296,2625,4.977128982543945,5.043120384216309,0
1297,2626,5.4182257652282715,4.994921684265137,0
1298,2627,5.061407566070557,4.994921684265137,0
1299,2628,5.421581268310547,4.98942756652832,0
1300,2629,4.939690589904785,5.0560832023620605,0
1301,2630,5.271487236022949,5.110379219055176,0
1302,2631,4.93591833114624,4.670040130615234,0
1303,2632,5.52782678604126,4.7627410888671875,0
1304,2633,5.61741828918457,4.930097579956055,0
1305,2634,5.5020856857299805,4.901469707489014,0
1306,2635,4.978145122528076,4.564851760864258,0
1307,2636,4.600780487060547,4.564851760864258,0
1308,2637,5.0112833976745605,4.579744815826416,0
1309,2638,4.467385292053223,4.61693000793457,0
1310,2639,4.956472873687744,4.644136428833008,0
1311,2640,4.973906517028809,4.594090461730957,0
1312,2641,5.665391445159912,4.594090461730957,0
1313,2642,5.053025722503662,4.631043910980225,0
1314,2643,5.754048824310303,4.629942417144775,0
1315,2644,6.129308223724365,4.620395183563232,0
1316,2645,5.975710868835449,4.576002597808838,0
1317,2646,5.455882549285889,4.798602104187012,0
1318,2647,5.190181732177734,2.257640838623047,0
1319,2648,5.99824333190918,1.74833083152771,0
1320,2649,5.278571128845215,1.74833083152771,0
1321,2650,5.932498931884766,1.027126431465149,1
1322,2659,4.339725494384766,1.4291855096817017,0
1323,3084,10.626497268676758,8.864643096923828,0
1324,3085,9.738492965698242,9.318890571594238,0
1325,3086,10.768765449523926,10.588791847229004,0
1326,3087,9.941010475158691,9.110553741455078,0
1327,3088,9.935038566589355,9.07783317565918,0
1328,3089,9.790085792541504,9.07783317565918,0
1329,3090,10.911325454711914,9.038652420043945,0
1330,3091,10.316535949707031,9.178173065185547,0
1331,3092,9.96596622467041,9.196693420410156,0
1332,3093,10.343103408813477,9.087190628051758,0
1333,3094,10.669665336608887,9.283312797546387,0
1334,3095,10.155769348144531,9.283312797546387,0
1335,3096,9.805075645446777,9.68848705291748,0
1336,3097,9.366419792175293,9.90917682647705,0
1337,3098,9.748759269714355,10.082818031311035,0
1338,3099,9.115987777709961,10.085859298706055,0
1339,3100,9.350082397460938,10.124712944030762,0
1340,3101,9.779141426086426,10.410137176513672,0
1341,3102,10.274497985839844,10.410137176513672,0
1342,3103,8.811519622802734,11.328240394592285,0
1343,3104,10.005859375,11.367128372192383,0
1344,3105,9.03325366973877,9.791487693786621,0
1345,3106,9.731846809387207,8.821770668029785,0
1346,3107,9.011313438415527,8.32465934753418,0
1347,3108,9.533721923828125,8.581315994262695,0
1348,3109,9.730331420898438,8.581315994262695,0
1349,3110,9.810869216918945,7.735063076019287,0
1350,3111,9.025786399841309,8.492955207824707,0
1351,3112,9.291741371154785,8.459686279296875,0
1352,3113,9.460680961608887,7.649415016174316,0
1353,3114,9.477381706237793,7.4710307121276855,0
1354,3115,9.777739524841309,7.84835147857666,0
1355,3116,9.935464859008789,7.848600387573242,0
1356,3117,9.999058723449707,7.703873634338379,0
1357,3118,10.072325706481934,7.537228107452393,0
1358,3119,10.620325088500977,7.1160888671875,0
1359,3120,10.412280082702637,7.142312049865723,0
1360,3121,9.846174240112305,7.329335689544678,0
1361,3122,9.901325225830078,7.078479290008545,0
1362,3123,10.106554985046387,8.187410354614258,0
1363,3124,10.184101104736328,8.187410354614258,0
1364,3125,10.410346031188965,8.05018424987793,0
1365,3126,10.260210037231445,7.86225700378418,0
1366,3127,10.989974021911621,7.525784015655518,0
1367,3128,10.075443267822266,7.479307174682617,0
1368,3129,10.815384864807129,7.1513800621032715,0
1369,3130,9.842191696166992,7.695514678955078,0
1370,3131,10.524410247802734,7.339285373687744,0
1371,3132,9.80866527557373,7.749192714691162,0
1372,3133,9.862937927246094,7.783107757568359,0
1373,3134,9.632790565490723,7.783107757568359,0
1374,3135,10.809971809387207,7.26992654800415,0
1375,3136,10.534838676452637,7.3845086097717285,0
1376,3137,9.939909934997559,7.691174507141113,0
1377,3138,10.744402885437012,8.292973518371582,0
1378,3139,10.345707893371582,8.23801326751709,0
1379,3140,10.851399421691895,8.236054420471191,0
1380,3141,10.82595443725586,7.2819061279296875,0
1381,3142,10.973801612854004,7.72178840637207,0
1382,3143,10.97614860534668,7.291728496551514,0
1383,3144,11.470975875854492,6.481848239898682,0
1384,3145,10.439797401428223,3.990344524383545,0
1385,3146,11.140100479125977,4.024856090545654,0
1386,3147,11.150785446166992,4.027132511138916,0
1387,3148,10.43784236907959,4.1217942237854,1
1388,3157,6.665421009063721,3.2345645427703857,0
1389,3493,4.943572521209717,7.169330596923828,0
1390,3494,6.958831787109375,7.183400630950928,0
1391,3495,6.252734661102295,7.069823741912842,0
1392,3496,7.195013523101807,7.188854694366455,0
1393,3497,6.211745262145996,7.164447784423828,0
1394,3498,7.749270915985107,7.942648887634277,0
1395,3499,7.52113676071167,7.920393943786621,0
1396,3500,6.578704357147217,7.920393943786621,0
1397,3501,7.756322383880615,7.874730587005615,0
1398,3502,6.254312515258789,7.8750081062316895,0
1399,3503,7.601719856262207,8.832324028015137,0
1400,3504,6.333910942077637,8.832324028015137,0
1401,3505,6.808879375457764,8.984782218933105,0
1402,3506,5.786336421966553,6.958144187927246,0
1403,3507,6.848227024078369,6.9059672355651855,0
1404,3508,5.837475299835205,7.530124187469482,0
1405,3509,7.30075216293335,8.024948120117188,0
1406,3510,6.16207218170166,8.18077278137207,0
1407,3511,5.552240371704102,8.15812873840332,0
1408,3512,5.149363040924072,6.928892135620117,0
1409,3513,5.768937110900879,6.928892135620117,0
1410,3514,6.853578567504883,6.835566520690918,0
1411,3515,5.806177139282227,8.099261283874512,0
1412,3516,6.216609001159668,8.329498291015625,0
1413,3517,6.675334453582764,8.329498291015625,0
1414,3518,6.575576305389404,8.293436050415039,0
1415,3519,6.705965995788574,6.876148700714111,0
1416,3520,6.597718715667725,6.7785563468933105,0
1417,3521,6.229378700256348,8.490482330322266,0
1418,3522,6.503432750701904,7.3378376960754395,0
1419,3523,6.39754056930542,8.549652099609375,0
1420,3524,6.554978847503662,8.563718795776367,0
1421,3525,6.749163627624512,9.059056282043457,0
1422,3526,5.94101619720459,9.27480411529541,0
1423,3527,6.319631576538086,9.945274353027344,0
1424,3528,4.997277736663818,9.945274353027344,0
1425,3529,6.329348564147949,10.401546478271484,0
1426,3530,5.173941135406494,10.870814323425293,0
1427,3531,7.159092426300049,10.812719345092773,0
1428,3532,6.755281925201416,10.006808280944824,0
1429,3533,7.2332377433776855,9.876155853271484,0
1430,3534,7.265886306762695,8.137642860412598,0
1431,3535,6.9289140701293945,8.155495643615723,0
1432,3536,7.030330657958984,8.155495643615723,0
1433,3537,7.548130512237549,8.247464179992676,0
1434,3538,7.210683822631836,8.25242805480957,0
1435,3539,7.3868021965026855,8.244430541992188,0
1436,3540,7.5096611976623535,9.171667098999023,0
1437,3541,8.47693920135498,9.174015045166016,0
1438,3542,7.740537643432617,8.956194877624512,0
1439,3543,7.612867832183838,8.847611427307129,0
1440,3544,5.322439193725586,8.926406860351562,0
1441,3545,7.628366947174072,8.932685852050781,0
1442,3546,6.506565093994141,8.773860931396484,0
1443,3547,7.657205581665039,8.773860931396484,0
1444,3548,6.1967902183532715,7.522724628448486,0
1445,3549,7.8814616203308105,8.988499641418457,0
1446,3550,5.623434066772461,7.428507328033447,0
1447,3551,7.053151607513428,6.465158462524414,0
1448,3552,4.631210803985596,6.465158462524414,0
1449,3553,7.6320085525512695,7.370902061462402,0
1450,3554,4.9272871017456055,6.524008274078369,0
1451,3555,7.9072346687316895,4.463349342346191,0
1452,3556,4.845117092132568,4.465736389160156,0
1453,3557,7.619529724121094,4.5805816650390625,0
1454,3558,6.005916118621826,6.137566089630127,0
1455,3559,7.819717884063721,7.425533294677734,0
1456,3560,6.011687278747559,7.266829490661621,0
1457,3561,7.585559368133545,7.266829490661621,0
1458,3562,6.62197208404541,7.395162582397461,0
1459,3563,7.444677352905273,7.311716556549072,0
1460,3564,6.504955291748047,7.066195964813232,0
1461,3565,8.066170692443848,6.154062747955322,0
1462,3566,4.9422526359558105,6.3044352531433105,0
1463,3567,7.450804233551025,6.217599391937256,0
1464,3568,5.626152038574219,6.024077415466309,0
1465,3569,7.405493259429932,7.065720558166504,0
1466,3570,6.150068283081055,5.729058265686035,0
1467,3571,6.126835823059082,5.730195999145508,0
1468,3572,6.197536945343018,6.769536018371582,0
1469,3573,6.526755332946777,6.155983924865723,0
1470,3574,5.738021373748779,5.706936836242676,1
1471,3583,5.496515274047852,2.2091641426086426,0
1472,3948,5.29949951171875,6.731534957885742,0
1473,3949,4.907040596008301,5.199129104614258,0
1474,3950,5.184861660003662,5.199129104614258,0
1475,3951,5.036765098571777,5.121385097503662,0
1476,3952,5.137660026550293,5.789322853088379,0
1477,3953,5.221851348876953,6.853944301605225,0
1478,3954,5.195050239562988,6.964138031005859,0
1479,3955,4.774444103240967,5.617863655090332,0
1480,3956,5.054686546325684,7.863772392272949,0
1481,3957,5.164827823638916,7.8871965408325195,0
1482,3958,5.199758052825928,7.8871965408325195,0
1483,3959,4.813712120056152,9.30084228515625,0
1484,3960,5.346825122833252,9.411070823669434,0
1485,3961,4.964362144470215,9.392725944519043,0
1486,3962,5.132986068725586,8.379437446594238,0
1487,3963,4.941286087036133,6.562188148498535,0
1488,3964,5.293397426605225,6.562188148498535,0
1489,3965,5.314586639404297,9.07724666595459,0
1490,3966,5.30668830871582,8.501229286193848,0
1491,3967,5.280266761779785,8.718352317810059,0
1492,3968,5.19908332824707,8.285408020019531,0
1493,3969,5.520731449127197,8.999202728271484,0
1494,3970,5.551027774810791,8.60187816619873,0
1495,3971,5.3495097160339355,8.600830078125,0
1496,3972,5.241393566131592,7.587189674377441,0
1497,3973,5.91541862487793,8.751614570617676,0
1498,3974,5.328151226043701,6.658166885375977,0
1499,3975,5.8231353759765625,8.044404029846191,0
1500,3976,6.511865615844727,8.045401573181152,0
1501,3977,5.980584144592285,8.527360916137695,0
1502,3978,6.70660400390625,8.669833183288574,0
1503,3979,5.7308030128479,8.490246772766113,0
1504,3980,6.036810874938965,8.185272216796875,0
1505,3981,5.884422779083252,8.185355186462402,0
1506,3982,5.987268924713135,5.378536224365234,0
1507,3983,6.043668746948242,5.457498073577881,0
1508,3984,6.202364921569824,6.234025478363037,0
1509,3985,6.122706413269043,7.3064775466918945,0
1510,3986,6.4163055419921875,8.181109428405762,0
1511,3987,6.488845348358154,7.622615337371826,0
1512,3988,6.941771030426025,7.260857582092285,0
1513,3989,6.744195461273193,5.856460094451904,0
1514,3990,6.474941253662109,8.84261417388916,0
1515,3991,6.099204063415527,8.424299240112305,0
1516,3992,6.240087509155273,8.421300888061523,0
1517,3993,5.929531574249268,8.576412200927734,0
1518,3994,6.522048473358154,7.835669994354248,0
1519,3995,6.216062545776367,7.592416763305664,0
1520,3996,6.225808143615723,7.523197650909424,0
1521,3997,5.804914951324463,8.501402854919434,0
1522,3998,6.161282539367676,8.406522750854492,0
1523,3999,6.212265491485596,6.74729061126709,0
1524,4000,6.039135932922363,6.111459255218506,0
1525,4001,5.808354377746582,6.111459255218506,0
1526,4002,5.917286396026611,6.287862777709961,0
1527,4003,5.958401203155518,7.32393217086792,0
1528,4004,6.324655055999756,7.705151557922363,0
1529,4005,5.6766791343688965,7.646414279937744,0
1530,4006,6.057031154632568,7.646414279937744,0
1531,4007,5.710977554321289,7.684849739074707,0
1532,4008,5.973183631896973,7.701989650726318,0
1533,4009,6.1605329513549805,7.705472469329834,0
1534,4010,6.874111652374268,5.441395282745361,0
1535,4011,6.102869510650635,8.049205780029297,0
1536,4012,6.362160682678223,8.047112464904785,0
1537,4013,6.349043369293213,8.119776725769043,0
1538,4014,6.260852336883545,8.033618927001953,0
1539,4015,6.340221881866455,6.696938991546631,0
1540,4016,5.958662509918213,6.2677693367004395,0
1541,4017,6.763540267944336,6.267996311187744,0
1542,4018,6.433544158935547,6.109066009521484,0
1543,4019,7.00377082824707,6.283265590667725,0
1544,4020,6.684543609619141,5.658290386199951,0
1545,4021,6.837158203125,6.078559875488281,0
1546,4022,6.794010162353516,6.078559875488281,0
1547,4023,6.7851738929748535,6.244473934173584,0
1548,4024,6.521842002868652,8.324975967407227,0
1549,4025,6.433655738830566,9.954463005065918,0
1550,4026,6.782244682312012,7.0400309562683105,0
1551,4027,6.4544501304626465,7.194027900695801,0
1552,4028,6.487476348876953,8.45383071899414,0
1553,4029,6.7150678634643555,8.43508529663086,0
1554,4030,7.677066802978516,8.738234519958496,0
1555,4031,6.913165092468262,8.738234519958496,0
1556,4032,7.378394603729248,8.601297378540039,0
1557,4033,6.3522138595581055,6.780918121337891,0
1558,4034,7.362323760986328,6.737866401672363,0
1559,4035,6.929533004760742,9.566901206970215,0
1560,4036,7.521816730499268,9.569143295288086,0
1561,4037,7.061951637268066,9.27129077911377,0
1562,4038,7.399710655212402,9.08878231048584,0
1563,4039,6.788001537322998,8.836230278015137,0
1564,4040,7.374059200286865,6.979224681854248,0
1565,4041,7.1214280128479,6.987738609313965,0
1566,4042,7.703054428100586,6.982171535491943,0
1567,4043,6.684512138366699,6.982171535491943,0
1568,4044,7.543266296386719,6.181035041809082,0
1569,4045,6.680483818054199,1.964990258216858,0
1570,4046,7.295673847198486,0.8089205026626587,0
1571,4047,6.670453071594238,0.8133615255355835,0
1572,4048,7.638779640197754,0.8837823271751404,0
1573,4049,6.0286760330200195,1.0782840251922607,0
1574,4050,7.23504638671875,1.291200876235962,0
1575,4051,6.201486110687256,1.3181804418563843,0
1576,4052,6.527328968048096,1.3220077753067017,0
1577,4053,5.9513702392578125,1.5400383472442627,0
1578,4054,6.032882213592529,1.5954190492630005,0
1579,4055,5.307936668395996,1.8650649785995483,0
1580,4056,5.444611072540283,1.3243095874786377,1
1581,4065,2.523374080657959,2.1568639278411865,0
1582,4220,8.30109691619873,5.666183948516846,0
1583,4221,7.79293155670166,5.647116184234619,0
1584,4222,7.661855220794678,5.643884181976318,0
1585,4223,7.598205089569092,8.85219669342041,0
1586,4224,8.076979637145996,8.85219669342041,0
1587,4225,7.7683634757995605,8.745265007019043,0
1588,4226,7.635634422302246,8.782947540283203,0
1589,4227,7.846989154815674,7.553560733795166,0
1590,4228,7.5076117515563965,7.668840408325195,0
1591,4229,7.322137355804443,7.668840408325195,0
1592,4230,7.191702842712402,8.814515113830566,0
1593,4231,7.11276912689209,8.038336753845215,0
1594,4232,7.071081638336182,7.696630477905273,0
1595,4233,7.563115119934082,8.26827621459961,0
1596,4234,7.64227819442749,8.26827621459961,0
1597,4235,7.454190731048584,7.903507232666016,0
1598,4236,7.088534832000732,7.156788349151611,0
1599,4237,7.129809856414795,7.150113582611084,0
1600,4238,6.6628313064575195,7.150113582611084,0
1601,4239,6.734997272491455,8.148983001708984,0
1602,4240,6.581540584564209,7.209480285644531,0
1603,4241,6.593992233276367,8.222746849060059,0
1604,4242,6.527294635772705,8.222746849060059,0
1605,4243,7.076548099517822,8.222746849060059,0
1606,4244,6.66471004486084,6.802003383636475,0
1607,4245,7.348956108093262,6.5554046630859375,0
1608,4246,6.972863674163818,6.627416610717773,0
1609,4247,7.359266757965088,6.9296488761901855,0
1610,4248,7.516515731811523,6.9296488761901855,0
1611,4249,7.578418254852295,7.068756103515625,0
1612,4250,7.788239479064941,7.18439245223999,0
1613,4251,7.37582540512085,7.228208065032959,0
1614,4252,7.491832256317139,7.082069396972656,0
1615,4253,7.189022064208984,7.082069396972656,0
1616,4254,7.523557662963867,6.948009490966797,0
1617,4255,7.452284336090088,6.743578910827637,0
1618,4256,7.635070323944092,6.902806758880615,0
1619,4257,7.772313594818115,6.7679338455200195,0
1620,4258,8.635025024414062,6.7679338455200195,0
1621,4259,7.694277286529541,7.512956619262695,0
1622,4260,8.952910423278809,7.603926658630371,0
1623,4261,8.085027694702148,5.469921112060547,0
1624,4262,8.91621208190918,5.388904571533203,0
1625,4263,7.555681228637695,6.035641670227051,0
1626,4264,8.891788482666016,6.035641670227051,0
1627,4265,8.069550514221191,5.3193182945251465,0
1628,4266,8.56700611114502,5.974560260772705,0
1629,4267,7.6209564208984375,7.552850723266602,0
1630,4268,9.105616569519043,8.778984069824219,0
1631,4269,8.332460403442383,9.634523391723633,0
1632,4270,8.685578346252441,7.529074668884277,0
1633,4271,8.12445068359375,7.866547584533691,0
1634,4272,8.908965110778809,8.262083053588867,0
1635,4273,8.99257755279541,9.655694961547852,0
1636,4274,9.550889015197754,9.942800521850586,0
1637,4275,8.234243392944336,9.942800521850586,0
1638,4276,9.453217506408691,8.34803295135498,0
1639,4277,8.630462646484375,8.165719032287598,0
1640,4278,9.382085800170898,7.537753105163574,0
1641,4279,8.458861351013184,7.440622329711914,0
1642,4280,9.884282112121582,7.4683074951171875,0
1643,4281,8.508716583251953,7.4683074951171875,0
1644,4282,9.572744369506836,6.611271858215332,0
1645,4283,8.696115493774414,7.194232940673828,0
1646,4284,9.501447677612305,7.194232940673828,0
1647,4285,8.775324821472168,7.389484405517578,0
1648,4286,9.41164779663086,7.3888068199157715,0
1649,4287,8.274317741394043,7.626739501953125,0
1650,4288,9.392224311828613,7.623757839202881,0
1651,4289,9.48792839050293,7.456881523132324,0
1652,4290,9.758407592773438,7.456881523132324,0
1653,4291,9.242505073547363,7.935606479644775,0
1654,4292,9.036368370056152,8.39016056060791,0
1655,4293,9.127388954162598,5.357067108154297,0
1656,4294,9.390183448791504,5.515787124633789,0
1657,4295,8.944695472717285,5.88663387298584,0
1658,4296,9.028349876403809,6.587299346923828,0
1659,4297,9.05651569366455,6.204189300537109,0
1660,4298,8.598287582397461,6.204189300537109,0
1661,4299,9.21832275390625,5.592972755432129,0
1662,4300,8.784445762634277,5.908405303955078,0
1663,4301,9.135971069335938,6.4361162185668945,0
1664,4302,8.7706298828125,6.4361162185668945,0
1665,4303,9.318296432495117,7.4122796058654785,0
1666,4304,8.731889724731445,6.0016069412231445,0
1667,4305,9.018268585205078,6.077024936676025,0
1668,4306,8.816015243530273,6.185754299163818,0
1669,4307,8.977928161621094,6.309547424316406,0
1670,4308,8.645418167114258,7.091856956481934,0
1671,4309,8.941221237182617,7.091856956481934,0
1672,4310,8.826072692871094,7.047650337219238,0
1673,4311,8.764416694641113,6.879190444946289,0
1674,4312,9.313680648803711,6.5220794677734375,0
1675,4313,8.723522186279297,6.332718372344971,0
1676,4314,9.317496299743652,6.291324138641357,0
1677,4315,8.690173149108887,6.343070030212402,0
1678,4316,9.078466415405273,6.343070030212402,0
1679,4317,8.47015380859375,6.770273685455322,0
1680,4318,8.794529914855957,6.427350044250488,0
1681,4319,8.251919746398926,6.266026496887207,0
1682,4320,8.44694709777832,6.586714267730713,0
1683,4321,8.6748628616333,6.586714267730713,0
1684,4322,8.558456420898438,6.505271911621094,0
1685,4323,9.2037935256958,6.581684589385986,0
1686,4324,8.761857986450195,6.164272308349609,0
1687,4325,9.244208335876465,6.174650192260742,0
1688,4326,8.54705810546875,7.47408390045166,0
1689,4327,9.102214813232422,8.489313125610352,0
1690,4328,8.599181175231934,8.469079971313477,0
1691,4329,9.224641799926758,8.729470252990723,0
1692,4330,8.927324295043945,10.611149787902832,0
1693,4331,9.384222984313965,9.448512077331543,0
1694,4332,9.075936317443848,9.677793502807617,0
1695,4333,9.218077659606934,9.677793502807617,0
1696,4334,9.587778091430664,8.037769317626953,0
1697,4335,9.377813339233398,8.276522636413574,0
1698,4336,10.253725051879883,8.220948219299316,0
1699,4337,9.07646656036377,8.183691024780273,0
1700,4338,9.640742301940918,8.183691024780273,0
1701,4339,9.426412582397461,7.972394943237305,0
1702,4340,9.375579833984375,7.5150227546691895,0
1703,4341,9.239115715026855,7.997088432312012,0
1704,4342,9.073468208312988,9.430840492248535,0
1705,4343,9.794154167175293,9.430840492248535,0
1706,4344,9.50717830657959,8.83328914642334,0
1707,4345,9.947675704956055,7.790302276611328,0
1708,4346,9.119372367858887,7.635054111480713,0
1709,4347,10.246476173400879,6.3008527755737305,0
1710,4348,9.169561386108398,6.443045139312744,0
1711,4349,9.961250305175781,6.508177757263184,0
1712,4350,9.459304809570312,6.067896366119385,0
1713,4351,9.597021102905273,6.067896366119385,0
1714,4352,9.517570495605469,6.067896366119385,0
1715,4353,9.511329650878906,5.724276542663574,0
1716,4354,9.598885536193848,6.128479957580566,0
1717,4355,9.55438232421875,6.128479957580566,0
1718,4356,10.122693061828613,6.07587194442749,0
1719,4357,9.71068286895752,6.091187477111816,0
1720,4358,10.378209114074707,5.988354206085205,0
1721,4359,9.420082092285156,5.924047946929932,0
1722,4360,9.951361656188965,5.997715950012207,0
1723,4361,9.333232879638672,5.990996837615967,0
1724,4362,9.277328491210938,5.990996837615967,0
1725,4363,9.031548500061035,5.963741779327393,0
1726,4364,9.815555572509766,5.943647861480713,0
1727,4365,9.237351417541504,5.8923234939575195,0
1728,4366,9.428417205810547,5.905570030212402,0
1729,4367,9.81507396697998,6.6520771980285645,0
1730,4368,9.38989543914795,6.6520771980285645,0
1731,4369,9.57848072052002,2.2185449600219727,0
1732,4370,8.541844367980957,0.22528988122940063,0
1733,4371,9.07097339630127,0.22528988122940063,0
1734,4372,8.368950843811035,0.3131633400917053,0
1735,4373,8.364969253540039,0.3131633400917053,0
1736,4374,7.643657207489014,0.60798579454422,0
1737,4375,7.514403820037842,0.9268404245376587,0
1738,4376,7.332019329071045,1.4308903217315674,0
1739,4377,7.330753803253174,1.436779499053955,0
1740,4378,7.028275012969971,1.3351510763168335,0
1741,4379,6.698122978210449,1.199864149093628,1
1742,4388,5.169161796569824,0.5259687900543213,0
1743,4694,6.340433597564697,5.395018577575684,0
1744,4695,4.868318557739258,4.590507984161377,0
1745,4696,6.274301528930664,4.610182285308838,0
1746,4697,5.051240921020508,4.023752689361572,0
1747,4698,6.273111820220947,4.025437831878662,0
1748,4699,4.803828239440918,4.039259910583496,0
1749,4700,5.188897132873535,4.950944900512695,0
1750,4701,5.057417869567871,4.965494155883789,0
1751,4702,4.598908424377441,4.933645248413086,0
1752,4703,5.53845739364624,4.889019012451172,0
1753,4704,5.230556011199951,5.898791790008545,0
1754,4705,5.4345221519470215,5.7967352867126465,0
1755,4706,4.913802146911621,5.083208084106445,0
1756,4707,5.693221092224121,5.115484714508057,0
1757,4708,5.424975872039795,6.6820454597473145,0
1758,4709,4.834346771240234,5.336679935455322,0
1759,4710,5.355583190917969,5.001276016235352,0
1760,4711,4.502874374389648,5.671037197113037,0
1761,4712,5.692198276519775,5.881968021392822,0
1762,4713,4.831287384033203,5.832706451416016,0
1763,4714,6.094089984893799,5.867859363555908,0
1764,4715,5.0794782638549805,5.867859363555908,0
1765,4716,6.445603370666504,5.906632423400879,0
1766,4717,5.700655460357666,5.78049898147583,0
1767,4718,6.785104751586914,6.219590187072754,0
1768,4719,5.507304668426514,4.727283000946045,0
1769,4720,6.555547714233398,6.34372615814209,0
1770,4721,5.839539527893066,5.741144180297852,0
1771,4722,5.4736328125,5.896368026733398,0
1772,4723,5.341305732727051,5.904428482055664,0
1773,4724,5.447134017944336,5.5689616203308105,0
1774,4725,5.639077186584473,6.445375919342041,0
1775,4726,5.75448751449585,6.395331859588623,0
1776,4727,5.185207843780518,6.407147407531738,0
1777,4728,6.420353412628174,6.51033353805542,0
1778,4729,5.981215476989746,4.88024377822876,0
1779,4730,5.70077657699585,4.984983444213867,0
1780,4731,5.785625457763672,3.7332286834716797,0
1781,4732,5.941622257232666,4.024858474731445,0
1782,4733,5.628826141357422,4.304474830627441,0
1783,4734,5.084683418273926,4.278615951538086,0
1784,4735,5.060824871063232,4.228391647338867,0
1785,4736,5.227450370788574,4.228391647338867,0
1786,4737,5.701610088348389,4.188668727874756,0
1787,4738,4.5777130126953125,4.506559371948242,0
1788,4739,5.77174186706543,4.387176036834717,0
1789,4740,5.429718971252441,4.387176036834717,0
1790,4741,5.858525276184082,3.3998894691467285,0
1791,4742,5.217866897583008,3.3686118125915527,0
1792,4743,5.58530330657959,3.62408185005188,0
1793,4744,5.404174327850342,3.4665377140045166,0
1794,4745,4.652196407318115,3.48569393157959,0
1795,4746,5.521752834320068,3.544973850250244,0
1796,4747,4.806118011474609,4.150677680969238,0
1797,4748,5.817356109619141,3.997636079788208,0
1798,4749,5.112288475036621,3.997636079788208,0
1799,4750,5.710290908813477,4.006146430969238,0
1800,4751,5.460233211517334,4.208081245422363,0
1801,4752,5.967367172241211,4.2158989906311035,0
1802,4753,5.8191022872924805,4.261040687561035,0
1803,4754,5.612079620361328,4.2713093757629395,0
1804,4755,4.5533528327941895,4.23471736907959,0
1805,4756,5.080984115600586,4.23471736907959,0
1806,4757,5.633955001831055,3.665020704269409,0
1807,4758,4.9994330406188965,3.747791051864624,0
1808,4759,5.46444034576416,3.6759355068206787,0
1809,4760,4.878355503082275,3.66689133644104,0
1810,4761,5.975986957550049,3.4301671981811523,0
1811,4762,5.954672813415527,3.5323486328125,0
1812,4763,6.0976667404174805,3.671414375305176,0
1813,4764,5.731790065765381,3.674370288848877,0
1814,4765,6.024752616882324,3.674370288848877,0
1815,4766,6.103432655334473,3.731394052505493,0
1816,4767,5.332123279571533,3.8252251148223877,0
1817,4768,5.841751575469971,4.131230354309082,0
1818,4769,4.907495021820068,3.8822855949401855,0
1819,4770,5.769131660461426,3.722200393676758,0
1820,4771,5.072751045227051,3.722200393676758,0
1821,4772,5.860188961029053,3.9017391204833984,0
1822,4773,6.154691696166992,3.6514382362365723,0
1823,4774,6.0771803855896,3.4529776573181152,0
1824,4775,5.856841087341309,3.3950445652008057,0
1825,4776,5.93212366104126,3.630321741104126,0
1826,4777,5.683030128479004,3.642932891845703,0
1827,4778,5.300457000732422,3.6110785007476807,0
1828,4779,5.438862323760986,3.649409055709839,0
1829,4780,4.40256404876709,3.472269058227539,0
1830,4781,5.400733947753906,3.4844391345977783,0
1831,4782,4.759185314178467,1.121485948562622,0
1832,4783,5.530113697052002,1.2156552076339722,0
1833,4784,4.270411014556885,1.5589205026626587,0
1834,4785,5.406402111053467,1.4161940813064575,0
1835,4786,4.493001461029053,1.394846796989441,0
1836,4787,5.201417446136475,1.2886062860488892,0
1837,4788,3.7908856868743896,1.258780598640442,0
1838,4789,4.131746292114258,1.208484411239624,0
1839,4790,3.87113618850708,1.309285283088684,0
1840,4791,3.9253456592559814,1.3101214170455933,0
1841,4792,3.479039430618286,1.255263328552246,0
1842,4793,3.989382743835449,1.3793375492095947,0
1843,4794,3.4822866916656494,1.7559151649475098,0
1844,4795,4.116140842437744,1.994988203048706,1
