,index,labDelta,area,center_x,center_y,eucDist
0,219,0.0625554027399,332.0,254,159,1.01686976
1,220,0.0848469772461,332.0,254,159,0.96549272
2,221,0.0610638388035,332.0,254,159,1.02211936
3,222,0.105515262903,333.0,254,159,1.11802512
4,223,0.0555423527361,332.5,254,159,0.91155632
5,224,0.141026559166,327.0,254,159,1.0927928
6,225,0.0160922643316,327.0,254,159,1.03512624
7,226,0.148833974183,334.5,253,159,0.99817288
8,227,0.155251629793,335.5,253,159,1.04533032
9,228,0.209430138363,326.5,254,159,0.96045984
10,229,0.189860060661,327.0,254,159,1.07431088
11,230,0.169864903026,335.0,254,160,1.04952296
12,231,0.130520733265,330.0,255,160,1.3151352
13,232,0.181132187425,331.0,255,159,0.8558392
14,233,0.0550959366211,331.0,255,159,1.13275664
15,234,0.280940544393,334.5,255,160,1.13280112
16,235,0.188142240162,340.0,254,160,1.32179096
17,236,0.20449990792,336.5,254,159,0.91983368
18,237,0.220835299183,330.0,254,159,1.24480888
19,238,0.250743418087,336.5,253,159,1.20120784
20,239,0.265881042134,335.0,253,159,1.59486528
21,240,0.260227069351,333.5,253,159,1.15461392
22,241,0.249769255106,333.0,253,159,1.40138896
23,242,0.229972609202,332.5,253,160,1.09724776
24,243,0.162633761363,332.5,253,160,1.61136336
25,244,0.240646230662,334.0,253,160,0.96885928
26,245,0.172435145988,328.0,253,159,1.19402736
27,246,0.14320129015,325.5,253,159,0.92085832
28,247,0.207951546956,333.5,252,159,1.14493896
29,248,0.0522891059316,333.5,252,159,0.87486392
30,249,0.20852326193,325.0,252,160,1.17533008
31,250,0.203750698351,325.0,252,160,0.91254624
32,251,0.329561906244,329.0,251,160,1.02884424
33,252,0.312404899671,324.0,251,160,0.9902904
34,253,0.416975918937,334.0,250,160,1.04154472
35,254,0.215476586347,324.0,250,160,0.81781184
36,255,0.320084349744,329.0,249,160,0.93039616
37,256,0.321194490683,329.0,249,160,0.84256136
38,257,0.369843131898,319.5,249,160,0.90133392
39,258,0.379134431847,332.5,248,160,0.80570336
40,259,0.494408965572,329.5,248,160,0.92123024
41,260,0.144385479971,329.5,248,160,0.90208816
42,261,0.19921003434,326.0,248,160,0.83415768
43,262,0.292349499385,331.5,248,160,1.00144848
44,263,0.43622318508,327.5,249,160,0.81651192
45,264,0.276957437861,327.5,249,160,0.91447792
46,265,0.372734941208,337.0,249,160,0.95647248
47,266,0.370709077772,333.0,249,160,1.03512008
48,267,0.328154336066,330.0,249,160,0.94428392
49,268,0.18934623978,330.0,249,160,1.03546688
50,269,0.594185441954,323.0,249,160,1.22231208
51,270,0.437313400256,322.5,249,160,0.874138
52,271,0.324553269929,320.5,249,160,0.95952032
53,272,0.267864940037,320.5,249,160,1.0931464
54,273,0.000788502835011,320.5,249,160,1.00365712
55,274,0.43164235959,325.0,249,160,1.28687968
56,275,0.21059648273,324.0,249,160,1.05299736
57,276,0.292806480825,327.0,249,160,1.38649088
58,277,0.427189093773,329.0,249,160,0.99721248
59,278,0.414720106657,330.5,249,161,1.09807656
60,279,0.118036214962,330.5,249,161,0.96319416
61,280,0.430600765867,328.5,248,160,1.06189736
62,281,0.654299045054,332.5,247,160,1.04638648
63,282,0.329716431381,327.5,247,160,0.90676328
64,283,0.147849671976,327.5,247,160,1.36205536
65,284,0.119137039013,327.5,247,160,0.92419328
66,285,0.63036478303,323.5,247,160,1.1688236
67,286,0.240426180474,323.5,247,160,0.87558304
68,287,0.39506566615,321.0,247,160,1.30342648
69,288,0.38705468531,320.0,247,160,0.91718688
70,289,0.368767784168,320.0,247,160,0.94630784
71,290,0.253513394821,320.0,247,160,0.86299344
72,291,0.415886666869,322.5,247,160,1.12076992
73,292,0.0413238353756,322.5,247,160,0.91984128
74,293,0.349735090478,321.5,246,160,0.92516096
75,294,0.315172270723,320.5,246,160,1.17619384
76,295,0.366396079629,323.0,246,160,1.05322168
77,296,0.612434177113,328.5,246,160,1.15651408
78,297,0.0533352613111,327.0,246,160,0.98104656
79,298,0.452823401113,330.5,246,160,1.0599372
80,299,0.371406701566,329.0,246,160,1.00033152
81,300,0.582401782665,326.0,246,160,1.05900088
82,301,0.621828563935,327.0,246,160,0.91896608
83,302,0.449320408699,324.0,246,160,0.97077592
84,303,0.490687687963,321.0,246,160,0.83635864
85,304,0.433441141646,317.0,246,160,0.94900032
86,305,0.626011411682,308.0,245,160,1.00703896
87,306,0.334861964084,308.0,245,160,0.8991516
88,307,0.634616297196,314.5,244,160,0.8784088
89,308,0.470397787789,316.5,245,159,0.90942288
90,309,0.387153085768,317.0,245,159,0.8309028
91,310,0.108877742636,317.0,245,159,0.96884416
92,311,0.74486187876,310.0,246,160,0.80698208
93,312,0.437724254404,319.0,247,160,0.8983492
94,313,0.511505175626,318.0,247,160,0.91674216
95,314,0.399311482187,317.5,247,159,0.94272432
96,315,0.491693789703,320.0,247,159,0.9436528
97,316,0.0052313801015,320.0,247,159,0.99245744
98,317,0.522817943763,316.5,247,159,1.19082544
99,318,0.3965432236,317.5,247,159,1.0262056
100,319,0.292952684061,317.5,247,159,1.11270952
101,320,0.343646496326,316.5,247,159,1.03691816
102,321,0.0561826473002,316.5,247,159,0.9495748
103,322,0.723355702279,317.0,247,158,0.918092
104,323,0.360792767884,318.5,247,158,0.99638552
105,324,0.541931732164,323.0,247,158,1.41139232
106,325,0.413740237367,327.0,247,158,1.00825816
107,326,0.556324238066,317.5,248,158,1.09818024
108,327,0.138691716571,317.5,248,158,1.21170592
109,328,0.524811806266,317.0,248,158,1.09285024
110,329,0.31318427308,319.0,248,158,0.85005136
111,330,0.371654834556,323.0,248,158,0.98893336
112,331,0.00397460168084,323.0,248,158,0.96454904
113,332,0.43392543061,318.5,248,158,0.86963064
114,333,0.603469292913,316.5,248,157,0.89699328
115,334,0.669117150039,323.0,247,157,1.03297712
116,335,0.686481150918,322.0,247,157,1.0490712
117,336,0.10229021703,322.0,247,157,1.24357168
118,337,0.354169817372,324.5,247,157,0.84108752
119,338,0.481351418605,319.5,247,157,1.46655136
120,339,0.580228876797,316.0,247,157,1.03637648
121,340,0.63184684567,317.5,247,157,1.53852224
122,341,0.326894651821,318.5,247,157,0.78544312
123,342,0.533670665966,321.5,247,157,1.10901944
124,343,0.349702544062,324.5,247,157,0.91610432
125,344,1.08433289226,312.0,247,157,1.04501616
126,345,0.0445094679531,311.5,247,157,0.81215696
127,346,0.000204036988979,311.5,247,157,0.86378688
128,347,0.0539944363557,302.0,247,157,0.75628552
129,348,0.0620238025779,303.0,247,158,0.90426
130,349,0.00482668527542,309.0,247,158,0.83349024
131,350,0.123477521145,313.0,247,158,0.9327812
132,351,0.061162448559,316.5,248,158,0.78899264
133,352,0.0531569898998,318.0,248,158,0.92623888
134,353,0.0420410146403,316.5,248,158,0.73091976
135,745,0.0833866318744,272.5,165,132,1.04456064
136,746,0.148763188106,271.5,166,132,1.08567912
137,747,0.11190230664,271.0,167,133,1.66150144
138,748,0.0326347380199,271.0,167,133,1.19148112
139,749,0.128861071703,272.0,168,132,1.52056832
140,750,0.109628769529,268.5,169,132,0.9082128
141,751,0.103006642373,266.0,169,132,1.19988296
142,752,0.131912403016,263.5,169,132,1.01122792
143,753,0.142848240486,264.0,170,132,1.14764416
144,754,0.160772983293,264.5,170,132,0.75713912
145,755,0.133153501401,267.0,170,132,0.63912128
146,756,0.0267740156401,267.0,170,132,0.87804184
147,757,0.185286311075,267.0,170,132,0.82508552
148,758,0.141280472134,268.0,170,132,0.96768952
149,759,0.18730866055,266.0,170,131,0.82165248
150,760,0.181534111368,266.0,170,131,1.11071168
151,761,0.270886101994,263.5,170,131,0.75511352
152,762,0.206498288545,262.5,170,131,0.96020624
153,763,0.1597892357,263.0,170,130,0.73203392
154,764,0.0928764697516,263.0,170,130,0.85469616
155,765,0.191260220923,266.0,170,130,0.84014912
156,766,0.181925166024,264.0,171,130,0.91593784
157,767,0.194981950621,269.0,171,130,0.78966464
158,768,0.223146491543,265.0,171,130,0.80109568
159,769,0.2853950315,268.5,171,129,1.14341408
160,770,0.175394694639,270.0,171,129,0.7696528
161,771,0.221779744966,268.5,171,129,0.98410968
162,772,0.13375532779,268.5,171,129,0.78732976
163,773,0.138639254118,270.5,171,129,0.89522016
164,774,0.0691099120321,269.5,171,129,0.78702904
165,775,0.0987656948879,271.0,171,129,0.84846304
166,776,0.195491827105,271.0,171,128,0.7839088
167,777,0.197660943866,272.0,171,128,0.76217784
168,778,0.186858436274,273.0,171,128,0.75228576
169,779,0.123001185156,274.0,171,128,0.9412852
170,780,0.293633982946,270.5,170,128,0.87256488
171,781,0.134002253641,269.0,170,128,0.95073496
172,782,0.141877164633,269.5,170,128,0.94024272
173,783,0.146864280445,268.5,170,128,0.9946836
174,784,0.168217031715,268.5,170,128,0.98070832
175,785,0.208338864573,266.5,169,128,0.97735448
176,786,0.232269756935,267.0,169,128,1.32970816
177,787,0.229033884873,269.0,169,128,0.95643952
178,788,0.306221856368,269.0,169,128,1.11857608
179,789,0.192326456997,269.0,169,128,0.89648624
180,790,0.168716721313,266.0,169,128,0.91399216
181,791,0.142233358945,266.0,169,128,0.98529648
182,792,0.102802654532,266.0,169,128,0.93075584
183,793,0.14217758578,267.5,169,128,0.97344024
184,794,0.169192451118,266.5,169,128,1.07348512
185,795,0.164729582629,266.5,169,128,1.01550568
186,796,0.220645207571,267.0,168,128,1.18108664
187,797,0.191699040975,266.5,168,128,0.8965088
188,798,0.0998964987258,267.5,168,128,1.03857104
189,799,0.15980957987,266.0,168,128,0.80478016
190,800,0.140183503586,264.0,168,127,0.96619984
191,801,0.0753471528266,264.0,168,127,1.05495568
192,802,0.0983506382086,265.5,167,128,1.01491488
193,803,0.130328548315,269.0,167,128,1.03401952
194,804,0.121714221312,265.5,167,127,1.07184888
195,805,0.123839818921,266.0,167,127,1.45928304
196,806,0.209838309207,262.5,167,127,1.02719552
197,807,0.164363928431,263.5,167,127,1.29662768
198,808,0.0974884634192,263.5,167,127,1.00316464
199,809,0.142843548588,265.0,167,127,1.14326776
200,810,0.191565583902,263.0,167,126,1.053424
201,811,0.136959678829,263.0,167,126,1.04632976
202,812,0.101753341105,266.5,167,126,1.04654392
203,813,0.1805587098,264.0,167,127,1.0131396
204,814,0.142357478554,264.5,167,127,1.12422112
205,815,0.163605692474,264.0,167,127,1.16001752
206,816,0.16024432475,263.5,166,127,1.08168984
207,817,0.207973641013,266.5,166,127,1.0480216
208,818,0.105968400175,266.5,166,127,1.44500096
209,819,0.143172952307,264.5,166,127,1.13499032
210,820,0.392205351337,271.0,166,127,1.210038
211,821,0.200679793311,271.0,165,127,1.53702384
212,822,0.355537333116,270.5,165,127,0.90477464
213,823,0.125434745667,270.5,165,127,0.91925464
214,824,0.291962464864,269.0,165,127,0.98529176
215,825,0.406069919451,270.5,164,127,0.84496432
216,826,0.353652721293,274.0,164,127,0.99267696
217,827,0.363438566809,272.0,164,127,0.92485952
218,828,0.343471282529,272.0,164,127,0.86956576
219,829,0.38589195878,274.0,164,127,1.01085432
220,830,0.476733699321,278.0,163,127,0.95398784
221,831,0.37862383141,279.0,162,127,0.9291164
222,832,0.0912547431308,278.5,162,127,1.02714984
223,833,0.354627355584,284.5,162,127,1.0547372
224,834,0.256225902333,282.5,161,127,0.95291744
225,835,0.46927988863,283.5,161,127,1.02897128
226,836,0.0948896599727,283.5,161,127,0.92194216
227,837,0.31079891646,285.0,161,127,0.89430816
228,838,0.377992005064,283.5,161,127,0.87556552
229,839,0.140786556102,280.5,161,127,0.937288
230,840,0.0432138521857,280.5,161,127,0.94124768
231,841,0.373752774216,279.5,161,127,0.88746992
232,842,0.392176206922,282.0,161,127,0.85853912
233,843,0.360867485148,283.5,161,127,0.8353768
234,844,0.212580699119,283.5,161,127,1.1598584
235,845,0.369823139211,286.0,161,127,0.82076776
236,846,0.32212655224,283.0,161,127,0.80601
237,847,0.35723105044,281.5,162,127,0.9340764
238,848,0.350790055004,281.5,162,127,0.8205512
239,849,0.418035964376,282.5,162,126,0.86602536
240,850,0.27091835237,282.5,162,126,0.86648416
241,851,0.255190402072,280.0,161,126,0.79024192
242,852,0.372813458168,283.5,161,126,0.89195016
243,853,0.298042571436,281.5,161,126,0.87699264
244,854,0.292780446094,284.0,161,126,0.7881968
245,855,0.139663989811,284.0,161,126,0.85797384
246,856,0.42954890571,282.0,161,126,0.88218928
247,857,0.420987164183,280.5,161,126,0.8616056
248,858,0.388629871169,278.5,161,127,0.8043056
249,859,0.390135406729,284.0,161,127,0.75908864
250,860,0.107162487417,284.0,161,127,0.93260576
251,861,0.412096372478,283.0,160,127,0.80374808
252,862,0.342058860022,281.5,160,127,0.97087664
253,863,0.125375900179,280.0,160,127,0.79835576
254,864,0.16558709572,280.0,160,127,0.86926336
255,865,0.322879320188,282.0,160,126,0.8217936
256,866,0.337029888704,283.5,160,127,0.83642368
257,867,0.234730138079,283.5,160,127,0.792498
258,868,0.370214058169,282.5,161,127,0.87500048
259,869,0.398238097419,280.5,161,127,0.88689128
260,870,0.348589491544,283.5,161,127,0.85166176
261,871,0.382873766332,283.5,160,127,0.94373712
262,872,0.406960856601,280.5,160,127,0.8722792
263,873,0.23994258277,280.5,160,127,1.13412088
264,874,0.414496527746,282.5,159,127,0.86235848
265,875,0.37219690777,281.0,159,127,0.98850984
266,876,0.414748768012,281.0,159,127,0.85326728
267,877,0.476663809791,282.0,158,127,1.00077096
268,878,0.324286422685,278.0,158,127,0.82559568
269,879,0.404708199098,276.5,158,127,0.96029464
270,880,0.318555326016,282.0,158,127,0.95913016
271,881,0.198894612027,281.0,158,127,0.92671248
272,882,0.346657698321,279.5,157,127,0.98587648
273,883,0.256387106442,279.5,157,127,0.9902668
274,884,0.338502555438,281.5,157,127,1.048766
275,885,0.316921537909,280.0,158,127,1.01532944
276,886,0.10022057712,280.0,158,127,0.92394496
277,887,0.416325679722,279.5,158,127,1.032372
278,888,0.411626708979,281.5,159,127,0.96223232
279,889,0.364195481952,286.0,159,127,0.88590128
280,890,0.443471602382,285.5,159,127,0.9089344
281,891,0.262800959482,284.0,159,127,1.07864264
282,892,0.12664167771,284.0,159,127,1.0054648
283,893,0.359451002683,286.5,159,127,0.87876864
284,894,0.380739906896,285.5,160,128,0.90728192
285,895,0.406022225457,282.0,160,128,0.94848056
286,896,0.45936344063,285.0,160,128,0.95368656
287,897,0.430928721984,284.0,161,128,0.7882764
288,898,0.315306991594,284.0,161,128,0.99259304
289,899,0.392555346903,282.5,162,128,0.93630672
290,900,0.391180541042,280.0,162,128,0.98259472
291,901,0.359210327021,280.0,162,128,0.87529392
292,902,0.378579138745,282.0,162,128,0.8995728
293,903,0.207458317042,284.0,162,128,1.08952168
294,904,0.260253472288,284.0,162,128,1.00041928
295,905,0.414252158176,284.0,162,128,0.95128808
296,906,0.441737252897,286.0,162,128,0.94155456
297,907,0.350303631791,286.0,162,128,1.16946368
298,908,0.467602199318,283.0,162,128,0.91394448
299,909,0.490578287586,282.0,162,128,0.9596704
300,910,0.0786049363297,282.0,162,128,0.92676608
301,911,0.398141957212,284.5,162,128,1.164104
302,912,0.353696227991,283.5,162,128,0.9173912
303,913,0.244095375033,283.5,162,128,1.09995992
304,914,0.471023532775,283.5,162,128,0.99856448
305,915,0.361131182756,285.5,162,128,1.075914
306,916,0.396179429673,283.5,163,128,1.01345256
307,917,0.302974598653,281.5,163,128,0.94195584
308,918,0.164084023391,281.5,163,128,0.95268432
309,919,0.389234022619,280.5,163,128,1.025554
310,920,0.350271800113,277.5,163,128,0.99733904
311,921,0.202344334313,275.5,163,128,1.09046504
312,922,0.321283177899,278.0,163,128,0.98567104
313,923,0.305542574916,279.0,163,128,1.1792
314,924,0.272579888057,282.5,163,128,0.9086788
315,925,0.167610315821,282.5,163,128,1.18107144
316,926,0.388329237387,280.5,163,128,0.96683016
317,927,0.479147447439,281.5,163,128,1.33894824
318,928,0.287292838048,281.5,163,128,1.00542936
319,929,0.316359440845,282.5,163,128,1.33107768
320,930,0.400986317591,281.0,163,128,1.02630504
321,931,0.431895210877,282.5,163,128,1.14831832
322,932,0.295449375218,285.5,163,128,1.00444456
323,933,0.32477892066,285.5,163,128,1.06155088
324,934,0.412976454815,285.5,163,129,0.94497728
325,935,0.407658185236,284.5,162,129,1.0321768
326,936,0.4130395271,284.0,162,128,1.23703056
327,937,0.443850987497,286.5,163,128,1.05768192
328,938,0.438519169436,283.0,163,128,1.09140696
329,939,0.393336952152,285.0,163,128,1.18151296
330,940,0.206803035864,285.0,163,128,1.31039416
331,941,0.431280296759,284.0,163,129,1.04002368
332,942,0.356332446961,284.0,162,128,1.16407864
333,943,0.445622157977,284.5,162,129,1.15823272
334,944,0.426709869035,283.5,162,129,1.220374
335,945,0.349773543266,282.5,162,129,1.12507184
336,946,0.404649615342,282.5,162,129,1.19109328
337,947,0.44467188574,281.5,162,129,1.33367488
338,948,0.378255076727,281.5,162,129,0.93436416
339,949,0.40980188409,281.5,162,130,1.3187284
340,950,0.128684164152,281.5,162,130,1.06088152
341,951,0.363350993932,280.5,162,130,1.52742864
342,952,0.341662056813,280.5,162,130,0.95479312
343,953,0.390421412376,280.0,162,129,1.31718048
344,954,0.469021472329,280.0,163,129,0.89327976
345,955,0.405117930574,279.0,163,129,1.24850896
346,956,0.530670825087,276.0,164,129,1.00112528
347,957,0.264743522639,276.0,164,129,1.27645008
348,958,0.471274074819,272.0,164,129,1.07610944
349,959,0.339997428583,273.5,165,129,1.12530208
350,960,0.256260121424,273.5,165,129,1.12944944
351,961,0.810112821684,263.5,164,129,1.1173128
352,962,0.0473352352684,262.0,164,129,1.0629272
353,963,0.00199767391967,264.0,164,129,1.26347512
354,964,0.0681333853844,262.5,164,129,1.22056448
355,965,0.0469796820057,262.5,164,129,1.28484224
356,966,0.0509171851304,263.0,165,129,1.15795848
357,967,0.0441912867896,263.0,165,129,0.97961544
358,968,0.126199906023,262.0,165,129,1.21253
359,969,0.026290687432,262.5,165,129,1.24892808
360,970,0.00233584270825,264.5,165,129,1.44917584
361,971,0.0396568701117,263.5,165,129,1.08786328
362,1122,0.0,31.5,189,159,0.94188144
363,1123,0.222135186263,29.5,189,159,1.01227312
364,1124,0.0941806736686,30.0,189,159,1.02245888
365,1125,0.00823746902242,30.0,189,159,0.84724896
366,1126,0.220133564744,29.0,189,159,1.05392952
367,1127,0.273752440775,29.5,189,159,0.8842336
368,1128,0.193221666034,27.0,189,159,1.07670592
369,1129,0.324956786927,26.0,189,159,0.94951696
370,1130,0.00445297130826,26.0,189,159,0.93706728
371,1131,0.233390607055,25.5,189,159,0.90994408
372,1132,0.303124243444,28.0,189,159,1.01224792
373,1133,0.0473182396228,28.0,189,159,0.90349672
374,1134,0.195099577762,26.5,189,159,0.92340592
375,1135,0.34428213781,26.5,189,159,0.77845736
376,1136,0.0177033857648,26.5,189,159,0.85971424
377,1137,0.0725513402532,26.5,189,159,0.94020528
378,1138,0.109416684145,26.5,189,159,0.88958224
379,1139,0.439842645006,26.0,189,159,0.93558088
380,1140,0.257758379985,25.5,189,159,0.91224616
381,1141,0.221725946652,28.5,189,158,1.06884384
382,1142,0.0116687688727,28.5,189,158,0.77898848
383,1143,0.251741880188,29.5,189,159,0.92422968
384,1144,0.237739594245,30.0,189,159,0.803928
385,1145,0.291448464472,25.5,189,158,0.92408896
386,1146,0.015463259011,26.0,189,158,0.73010544
387,1147,0.401757392166,26.0,189,158,0.74607088
388,1148,0.400323019402,25.0,190,158,0.77579184
389,1149,0.273182242198,26.5,190,158,0.82794424
390,1150,0.00707994492076,26.5,190,158,0.84457304
391,1151,0.461545354774,27.0,189,159,0.8064268
392,1152,0.436029268282,30.5,189,159,0.98318704
393,1153,0.0552150352976,29.5,189,159,0.75783736
394,1154,0.315600712575,25.5,189,158,0.86215752
395,1155,0.402215683203,24.5,190,158,0.70562112
396,1156,0.309438739434,26.0,189,159,0.8362648
397,1157,0.0668105756891,26.0,189,159,0.70281576
398,1158,0.125913322464,26.5,189,159,0.84037416
399,1159,0.204755355849,26.5,189,159,0.89040256
400,1160,0.00263862785227,26.5,189,159,0.80362528
401,1161,0.376770734817,28.5,189,159,0.8859972
402,1162,0.354843557815,28.0,189,159,0.75910272
403,1163,0.267428037418,25.5,189,159,1.02633408
404,1164,0.268337516772,25.5,189,159,0.74744968
405,1165,0.288598904093,26.0,189,159,0.77969288
406,1166,0.168112614105,27.0,189,159,0.69442
407,1167,0.106609329041,27.0,189,159,0.89735824
408,1168,0.319997437112,28.5,190,159,0.69059936
409,1169,0.286159690545,26.0,189,159,0.7862636
410,1170,0.496129252663,26.0,189,159,0.74540336
411,1171,0.307573973548,27.0,189,159,0.74167816
412,1172,0.132735541955,28.0,189,159,1.0172228
413,1173,0.00460240909319,28.0,189,159,0.8666668
414,1174,0.22417157845,26.0,189,159,1.04662912
415,1175,0.194827797051,26.0,189,159,0.92776216
416,1176,0.443426881312,28.0,190,159,0.93404152
417,1177,0.0396219791929,28.0,190,159,0.85960856
418,1178,0.354467184616,25.5,189,159,1.0145692
419,1179,0.00703995471868,25.5,189,159,0.74006512
420,1180,0.0876086666838,25.5,189,159,1.01672208
421,1181,0.259529589362,26.5,189,159,0.79532608
422,1182,0.284724951154,26.0,189,159,0.80096272
423,1183,0.185636523449,26.0,189,159,0.94335184
424,1184,0.220363093699,28.0,190,159,0.84396512
425,1185,0.195615528543,29.0,190,159,0.84149752
426,1186,0.303927137464,30.0,190,159,0.907796
427,1187,0.14414173992,30.0,190,159,0.72072352
428,1188,0.125257163356,31.0,190,159,0.77798904
429,1189,0.192642700357,30.5,190,159,0.65975636
430,1190,0.0104760417704,30.5,190,159,0.7458124
431,1191,0.273878143014,26.0,189,159,0.69328304
432,1192,0.135835863821,27.0,189,159,0.86418768
433,1193,0.190917811031,30.5,190,159,0.68742528
434,1194,0.0431044368382,30.5,190,159,0.95676416
435,1195,0.191182192321,30.0,190,159,0.7572376
436,1196,0.226756910525,30.0,190,159,1.02299528
437,1197,0.226695860523,30.0,190,159,0.69754792
438,1198,0.264448874597,29.0,190,159,1.02487608
439,1199,0.245095197106,26.5,189,159,0.72208688
440,1200,0.176810078011,26.0,189,159,0.92521432
441,1201,0.129747489313,26.0,189,159,0.78137384
442,1202,0.177863278186,26.0,189,159,0.80621888
443,1203,0.0397176355852,26.0,189,159,1.17079408
444,1204,0.137847993088,29.0,190,159,0.83057184
445,1205,0.195728546922,29.5,190,159,0.96321184
446,1206,0.22311689451,29.0,190,158,0.99307016
447,1207,0.238158052622,29.5,190,158,1.04838936
448,1208,0.01281302778,29.5,190,158,1.04268768
449,1209,0.199807247786,28.5,190,158,1.0278176
450,1210,0.23532454876,28.0,190,158,0.87226576
451,1211,0.118208214499,29.5,190,158,0.89804112
452,1212,0.201664143584,29.0,190,158,0.9558312
453,1213,0.263915251029,25.0,190,158,0.81852472
454,1214,0.0293407526796,25.0,190,158,0.92580192
455,1215,0.136134496651,24.5,191,158,0.94014224
456,1216,0.0960155728069,25.5,190,158,0.98526504
457,1217,0.14460058298,25.0,190,158,0.77574384
458,1218,0.0291710813758,25.0,190,158,1.02890344
459,1219,0.254710779349,29.5,190,158,0.82051984
460,1220,0.201954184207,30.0,190,159,0.9752164
461,1221,0.105772311419,29.0,190,158,0.8061412
462,1222,0.0146223390198,29.0,190,158,0.86425416
463,1223,0.141969007406,31.0,190,159,0.681154
464,1224,0.190591299849,30.0,190,159,0.75833144
465,1225,0.113338763784,29.0,190,159,0.72748392
466,1226,0.271154476857,29.5,190,158,0.81809888
467,1227,0.223861815822,29.5,190,158,0.8019536
468,1228,0.0617928094096,29.0,190,158,0.94650248
469,1229,0.155080807505,28.5,190,158,0.81951168
470,1230,0.127146033175,28.5,190,158,0.84350976
471,1231,0.209022297363,29.5,190,158,0.77436176
472,1232,0.16587275485,29.5,190,158,0.85666768
473,1233,0.0811062291996,29.5,190,158,0.6786708
474,1234,0.345387855882,27.5,190,158,0.71569632
475,1235,0.285411946109,25.5,189,158,0.72573696
476,1236,0.206311615804,25.0,189,158,0.88821872
477,1237,0.0427165458142,25.0,189,158,0.7516392
478,1238,0.260056386233,23.5,189,157,0.79547168
479,1239,0.211376341957,26.5,189,158,0.98033488
480,1240,0.152681845462,27.0,189,158,0.90447168
481,1241,0.0404133009029,27.0,189,158,0.73958048
482,1242,0.236690186857,26.5,189,157,0.88351704
483,1243,0.145495291767,27.0,190,157,0.68666568
484,1244,0.00830399749511,27.0,190,157,0.84213344
485,1245,0.229552199086,29.5,190,157,0.91489696
486,1246,0.0871723399354,29.5,190,157,0.72312024
487,1247,0.173722498484,27.0,190,157,0.90990528
488,1248,0.126146596148,28.5,190,157,0.7984264
489,1249,0.0473305700778,28.5,190,157,0.82474224
490,1250,0.290022052568,28.5,190,158,0.75187504
491,1251,0.138143231845,30.0,190,158,0.80546168
492,1252,0.109078492826,30.0,190,158,0.82595392
493,1253,0.174769697737,30.0,190,158,0.6733844
494,1254,0.385442767033,28.0,190,157,0.80963928
495,1255,0.178675933852,28.5,190,157,0.70698992
496,1256,0.219480769588,30.0,190,158,0.7572544
497,1257,0.0136947314684,30.0,190,158,0.70080792
498,1258,0.280781234734,29.5,190,158,0.65393364
499,1259,0.0826182426323,29.5,190,158,0.7879204
500,1260,0.191513488337,30.0,190,158,0.76783024
501,1261,0.244090403999,30.5,190,158,0.77676256
502,1262,0.233949375423,30.0,190,158,0.61918452
503,1263,0.0334812791043,30.0,190,158,0.89540656
504,1264,0.282675339936,28.5,190,158,0.70577184
505,1265,0.33541296376,29.0,190,158,0.75649256
506,1266,0.238716916176,31.0,190,158,0.72246752
507,1267,0.0423845716261,31.0,190,158,0.81835024
508,1268,0.421312032824,30.0,190,158,0.74053072
509,1269,0.288400121119,30.0,190,158,0.68686208
510,1270,0.476961976351,31.5,190,158,0.88815968
511,1271,0.575574442374,26.0,190,158,0.82428608
512,1272,0.123502639034,27.0,190,158,0.9558764
513,1273,0.236593493017,27.0,190,158,0.71726536
514,1274,0.27813549863,27.0,190,158,1.08978504
515,1275,0.0487428968351,27.0,190,158,0.79026528
516,1276,0.262405227139,26.5,190,158,0.85964576
517,1277,0.239694291862,27.5,190,158,0.75064008
518,1278,0.348261238432,28.0,190,158,0.87352864
519,1279,0.347772145402,26.5,190,158,0.72808864
520,1280,0.281195442739,26.0,190,158,0.83874424
521,1281,0.204185259388,26.0,190,158,0.83002368
522,1282,0.225355818762,26.0,190,158,0.79111384
523,1283,0.070863334877,26.0,190,158,0.91977136
524,1284,0.193290432009,26.0,190,158,0.74257688
525,1285,0.225093637498,26.0,190,158,0.8230372
526,1286,0.344968681576,26.0,190,158,0.80184768
527,1287,0.321381409953,27.5,190,158,0.67693136
528,1288,0.190999585967,26.0,190,158,0.70098576
529,1289,0.252699730131,26.0,190,158,0.66080384
530,1290,0.0476477462366,26.0,190,158,0.73225168
531,1291,0.51271079833,28.5,191,158,0.6899832
532,1292,0.239751392952,26.5,191,158,0.78371432
533,1293,0.344607715659,26.5,191,158,0.78315896
534,1294,0.403370381157,26.0,190,158,0.8550864
535,1295,0.197776013938,26.0,190,158,0.68490984
536,1296,0.138739679022,26.0,190,158,0.80811504
537,1297,0.12440533185,26.0,190,158,0.71942608
538,1298,0.00136875405987,26.0,190,158,0.77561576
539,1299,0.463845061642,28.5,191,158,0.65923744
540,1300,0.13979700965,28.0,191,158,0.69094832
541,1301,0.00132129445983,28.0,191,158,0.65069476
542,1302,0.159389782106,30.5,191,158,0.65979272
543,1303,0.299982215262,30.0,191,158,0.75017184
544,1304,0.337812927837,30.0,191,158,0.76220688
545,1305,0.296369518813,28.5,191,158,0.79093408
546,1306,0.0378978028442,28.5,191,158,0.70188632
547,1307,0.440366824704,27.0,190,158,0.74909312
548,1308,0.146334643239,26.0,190,158,0.67196976
549,1309,0.267599771071,26.0,190,158,0.78598464
550,1310,0.310160618862,24.5,191,158,0.71042832
551,1311,0.479402429175,27.5,190,159,0.76736808
552,1312,0.427598085442,28.0,190,159,0.63918792
553,1313,0.336427109693,30.0,190,159,0.6858904
554,1314,0.200338072027,30.0,190,159,0.71561504
555,1315,0.526496656074,29.0,190,159,0.70312688
556,1316,0.224687694221,30.0,190,159,0.81529848
557,1317,0.298620963496,29.0,190,159,0.65446584
558,1318,0.121851267845,29.0,190,159,0.92005272
559,1319,0.462839088711,29.0,190,159,0.70248248
560,1320,0.300846523515,28.5,190,159,0.77281328
561,1321,0.0554324394558,28.5,190,159,0.71579144
562,1322,0.392112326782,26.0,189,159,0.78319832
563,1323,0.624278836174,31.0,189,159,0.67643656
564,1324,0.199689511822,30.0,189,159,0.86185192
565,1325,0.0847279974589,30.0,189,159,0.90053744
566,1326,0.421083438097,28.0,189,159,0.70500024
567,1327,0.478248947207,28.5,189,160,0.84655896
568,1328,0.302183508394,30.0,189,160,0.6756656
569,1329,0.0111905197499,30.0,189,160,0.95226544
570,1330,0.439843529764,28.5,188,161,0.75010896
571,1331,0.413418917707,28.0,188,161,0.74165888
572,1332,0.2142446858,27.0,188,161,0.63395024
573,1333,0.453763690886,32.5,187,164,0.73740648
574,1334,0.190323908878,25.0,186,165,0.67814576
575,1335,0.143519198931,31.0,185,165,0.63628184
576,1336,0.160999373442,31.0,184,166,0.70384472
577,1337,0.0232651299689,31.0,184,166,0.71340296
578,1338,0.154493550972,25.0,184,165,0.6807848
579,1339,0.132337937831,26.5,183,165,0.71109976
580,1340,0.121023277571,27.5,183,165,0.72943832
581,1341,0.171920711358,29.0,184,165,0.80540976
582,1342,0.148442805846,26.5,184,165,0.73882272
583,1343,0.159616737005,31.5,185,165,0.67043436
584,1344,0.00418775755108,30.0,185,165,0.70313904
585,1345,0.127233957835,26.5,185,165,0.70538736
586,1346,0.10725205032,28.0,185,165,0.71059816
587,1347,0.0627510336415,27.5,185,165,0.68993904
588,1348,0.0608245483984,27.5,185,165,0.82604608
589,1349,0.0783471154224,27.5,185,165,0.74911736
590,1350,0.111055369376,28.0,185,165,0.75965128
591,1351,0.107698517658,30.5,185,165,0.63643704
592,1352,0.1352925815,28.5,185,164,0.80750344
593,1353,0.120195957303,31.0,185,164,0.7277404
594,1354,0.100823207471,31.0,185,164,0.7195824
595,1355,0.115353040684,32.5,185,164,0.68149784
596,1356,0.150455739983,30.5,185,163,0.77708816
597,1357,0.14794667693,33.0,185,163,0.6323834
598,1358,0.0693521188684,33.0,185,163,0.7664592
599,1359,0.217648231932,26.5,184,162,0.66442632
600,1360,0.200759354584,26.0,184,162,0.80933912
601,1361,5.26192386002e-05,26.0,184,162,0.73444888
602,1362,0.170151456407,29.0,184,162,0.70645416
603,1363,0.0139344761273,29.0,184,162,0.83794792
604,1364,0.156295579176,29.5,184,162,0.73599336
605,1365,0.0958471270127,31.0,184,162,0.7832664
606,1366,0.163279634404,32.5,184,162,0.74394296
607,1367,0.234567767022,30.0,184,161,0.76524736
608,1368,0.249947363498,28.0,184,161,0.94311592
609,1369,0.0284161525755,28.0,184,161,0.85121504
610,1370,0.259143616303,28.5,184,161,0.874886
611,1371,0.184136987273,28.0,184,161,1.19666952
612,1372,0.195289186189,28.5,184,161,1.109548
613,1373,0.22136212644,30.0,184,161,1.30638048
614,1374,0.286409469265,32.0,184,160,0.75388744
615,1375,0.0727805114706,32.0,184,160,1.25504232
616,1376,0.300638486592,32.5,184,160,0.82481984
617,1377,0.260028556372,31.0,184,160,1.1411044
618,1378,0.261204836214,28.5,184,159,0.65556636
619,1379,0.187253892613,28.0,184,159,1.16904128
620,1380,0.114441073057,28.0,184,159,0.74868624
621,1381,0.304438500557,28.0,184,159,1.37712032
622,1382,0.172288895986,27.0,183,159,0.66205744
623,1383,0.202171686839,27.0,183,159,1.1191992
624,1384,0.0075906952069,27.0,183,159,0.75643184
625,1385,0.303654568776,25.0,183,158,1.32481096
626,1386,0.114575035434,26.5,183,158,0.64726528
627,1387,0.193491380161,27.5,183,158,1.04641176
628,1388,0.223382960375,28.0,183,158,0.709268
629,1389,0.0023319213596,28.0,183,158,0.87098288
630,1390,0.000878966008329,28.0,183,158,0.68257936
631,1391,0.260806561821,28.5,183,158,0.97693704
632,1392,0.183457619504,27.5,183,158,0.87142312
633,1393,0.288328874059,27.5,183,157,0.80893848
634,1394,0.230240718346,25.0,184,157,0.82495984
635,1395,0.0311762880463,25.0,184,157,0.75120736
636,1396,0.302351440786,28.0,186,157,0.7680172
637,1397,0.273994008846,25.5,186,157,0.691244
638,1398,0.284396484671,30.5,187,156,0.78738776
639,1399,0.0385680605896,30.5,187,156,0.71843464
640,1400,0.163009916349,26.5,186,155,0.7205748
641,1401,0.0948538284041,27.0,186,155,0.65378216
642,1402,0.138202643139,27.5,186,155,0.74846624
643,1403,0.00145136498845,27.5,186,155,0.82896048
644,1404,0.144086020987,28.5,187,155,0.75234632
645,1405,0.140786808971,30.5,187,155,0.76377848
646,1406,0.276190832135,21.5,187,155,0.74127528
647,1407,0.00731895066169,20.0,187,155,0.84532272
648,1408,0.00291465271351,20.0,187,155,0.69887192
649,1409,0.000697942923993,19.5,188,155,0.85048872
650,1410,0.000152816199462,20.5,188,155,0.75641488
651,1411,0.000580085656055,22.0,188,155,0.6842088
652,1412,2.81029290332e-06,22.0,188,155,0.76153152
653,1413,0.000684113045629,20.5,188,155,0.70295688
654,1414,3.37544894479e-06,20.5,188,155,0.8980912
655,1415,0.000686851465086,21.5,188,155,0.72368144
656,1807,0.0394532490519,367.0,247,160,1.23775632
657,1808,0.1335413337,370.0,248,160,0.97058064
658,1809,0.147822831574,375.0,248,160,1.00671184
659,1810,0.139521240759,375.0,248,160,0.9297208
660,1811,0.149957491438,376.0,248,160,1.03137616
661,1812,0.100883434565,374.5,248,160,0.87286456
662,1813,0.218932816339,370.0,247,160,1.10930312
663,1814,0.200971735102,366.0,247,160,1.4217992
664,1815,0.0614609659741,366.0,247,160,0.98513992
665,1816,0.0723888640568,367.0,247,160,1.07359696
666,1817,0.131438760205,366.0,247,160,0.92385664
667,1818,0.139399434504,366.0,247,160,1.01985544
668,1819,0.219356366566,364.5,247,160,0.99190208
669,1820,0.050583441746,364.5,247,160,0.97194064
670,1821,0.386527171292,361.0,247,159,0.87309352
671,1822,0.153383701922,364.0,247,159,0.99821928
672,1823,0.26894773909,364.0,247,159,1.03122464
673,1824,0.284857448717,370.0,247,159,0.95749696
674,1825,0.253516262474,367.0,247,159,1.06989376
675,1826,0.126852134567,366.0,247,159,0.9682352
676,1827,0.00909870315296,366.0,247,159,0.958992
677,1828,0.24719162645,371.0,247,159,0.92170864
678,1829,0.283901462901,365.0,247,159,1.17222344
679,1830,0.368268632255,367.0,247,159,0.88097416
680,1831,0.161008422383,368.0,247,159,0.94737504
681,1832,0.142445455819,368.0,247,159,0.9298228
682,1833,0.193630286377,369.0,247,159,0.88364288
683,1834,0.316934834189,369.0,247,159,0.9160388
684,1835,0.080329181034,371.0,247,159,0.93198944
685,1836,0.21298193459,369.5,247,159,1.02016808
686,1837,0.209911855207,364.5,247,159,0.93150792
687,1838,0.219657380988,366.5,247,159,0.98157784
688,1839,0.273136085033,367.5,247,159,0.86064512
689,1840,0.364806628307,366.5,247,159,1.11878272
690,1841,0.14135841674,367.5,247,159,0.94598376
691,1842,0.0552390848339,367.5,247,159,1.017764
692,1843,0.243462328533,368.5,247,159,0.98207184
693,1844,0.225328747128,371.5,247,159,0.96628464
694,1845,0.331171429058,371.0,247,159,1.00570112
695,1846,0.313536087565,372.0,247,159,1.017864
696,1847,0.230855757524,371.5,247,159,1.03170744
697,1848,0.234231281949,370.0,247,159,0.97920792
698,1849,0.119380791144,370.0,247,159,1.13066976
699,1850,0.447990106596,370.0,247,159,0.83795984
700,1851,0.154461852916,370.0,247,159,1.09127704
701,1852,0.387398679902,371.5,247,159,0.84703872
702,1853,0.484785759587,373.5,247,159,0.9098008
703,1854,0.197035640045,373.5,247,159,0.84844216
704,1855,0.322877384868,371.0,247,159,0.95305808
705,1856,0.409844149441,369.0,247,159,0.9399724
706,1857,0.386513439266,365.5,246,159,0.97348712
707,1858,0.0165910346297,365.5,246,159,0.94780208
708,1859,0.84004785237,356.5,246,159,0.91906944
709,1860,0.0113202829421,358.5,246,159,0.94707312
710,1861,0.0299334323217,356.5,246,159,0.89580608
711,1862,0.000146228743171,356.5,246,159,0.83995592
712,1863,6.68881150953e-06,356.5,246,159,0.95780264
713,1864,0.0,356.5,246,159,0.62552792
714,1865,0.0331281216791,359.0,246,159,0.91999824
715,1866,0.0709526811529,360.5,246,159,0.88017696
716,1867,2.1354547914e-05,360.5,246,159,0.8844084
717,1868,0.0590869745382,358.5,246,159,1.059148
718,2109,0.0609964054938,169.0,162,90,1.2237832
719,2110,0.049338373716,169.0,162,90,0.98956112
720,2111,0.0590269932187,168.0,162,90,1.09931544
721,2112,0.0608857882146,167.0,162,89,1.14899912
722,2113,0.0404611201734,167.0,162,89,1.45600544
723,2114,0.0766515253652,168.0,162,90,1.155272
724,2115,0.0596458075211,167.5,162,89,1.54533952
725,2116,0.0638435841,166.5,162,89,1.619432
726,2117,0.0938464711943,167.0,163,89,1.08397936
727,2118,0.0042244659398,167.0,163,89,1.13771872
728,2119,0.10871986926,168.0,163,89,0.87837432
729,2120,0.112108228585,168.0,163,90,1.3435584
730,2121,0.157617679781,171.0,163,89,1.00002144
731,2122,0.0350011158889,171.0,163,89,1.1700872
732,2123,0.0624752944472,166.5,163,89,1.43888336
733,2124,0.111901575066,166.5,163,89,1.93709888
734,2125,0.102900669789,165.5,163,89,1.14024128
735,2126,0.0826217256915,166.5,163,89,1.29975272
736,2127,0.0335892699421,166.5,163,89,1.44626608
737,2128,0.00183722904993,166.5,163,89,1.76426016
738,2129,0.10760957239,171.5,164,89,1.16406768
739,2130,0.131314737559,168.5,164,89,1.16353456
740,2131,0.106243805574,169.5,164,89,1.32939456
741,2132,0.0493235107763,168.5,164,89,1.292106
742,2133,0.0432184499497,168.5,164,89,1.25619224
743,2134,0.0847336840063,169.5,163,89,0.998974
744,2135,0.0539806912111,168.5,163,89,1.09261344
745,2136,0.0568679470038,168.5,163,89,0.93458384
746,2137,0.0649118367644,172.0,164,89,1.0980376
747,2138,0.0875799605781,172.0,164,89,0.9880236
748,2139,0.0515809377373,167.0,164,89,1.17448264
749,2140,0.0382369935316,168.0,164,89,1.21333272
750,2141,0.085372339933,167.0,164,89,1.4264232
751,2142,0.197648198786,168.5,164,89,1.21701192
752,2143,0.0150156122889,168.5,164,89,1.04459632
753,2144,0.111987637034,171.0,164,89,1.15846512
754,2145,0.0402319641816,164.0,164,89,1.07286544
755,2146,0.171370446947,166.5,164,89,1.28434432
756,2147,0.0637525621381,166.5,164,89,0.9482992
757,2148,0.0996200713735,165.5,164,89,1.17438824
758,2149,0.112887327745,171.0,164,89,0.95669448
759,2150,0.189792426854,174.0,164,89,1.20720208
760,2151,0.0191841488758,174.0,164,89,0.976446
761,2152,0.113803800825,168.0,164,89,1.09817904
762,2153,0.0404857773745,166.5,164,89,1.2875316
763,2154,0.210476800897,167.0,164,90,0.99136576
764,2155,0.168316270254,165.5,164,89,1.00503104
765,2156,0.0852338707885,166.0,164,89,0.88358832
766,2157,0.0821549968908,166.0,164,89,1.12982448
767,2158,0.19887027722,167.0,164,89,1.11699504
768,2159,0.0836786207895,167.0,164,89,1.1539304
769,2160,0.166105506346,167.5,163,89,1.06274016
770,2161,0.140180489723,169.5,163,90,1.00829512
771,2162,0.193313813275,170.0,164,90,1.17896832
772,2163,0.132670521512,167.0,164,90,0.91040136
773,2164,0.220920035928,171.5,164,90,1.33105952
774,2165,0.0259666359719,171.5,164,90,0.99813744
775,2166,0.176831529728,170.5,164,90,1.12770768
776,2167,0.276040264958,167.0,164,90,0.928556
777,2168,0.0850138177663,165.5,164,89,1.07953272
778,2169,0.00369085559631,165.5,164,89,1.21142632
779,2170,0.0930353954958,166.5,164,89,1.15903496
780,2171,0.32345665141,169.5,164,90,0.9513192
781,2172,0.206756005859,170.0,164,90,1.27745544
782,2173,0.28434754527,167.5,164,90,1.09905056
783,2174,0.085841078412,165.5,165,89,1.06927264
784,2175,0.00382130044129,165.0,165,89,1.21108984
785,2176,0.038124043893,165.5,165,89,1.10619232
786,2177,0.18128648841,165.5,165,89,0.97664352
787,2178,0.126332816897,165.5,165,89,1.090522
788,2179,0.206452425141,166.5,165,89,1.10318032
789,2180,0.119446624169,165.5,165,89,1.23630528
790,2181,0.0302553298802,161.0,166,89,1.16973816
791,2182,0.0388400226951,161.0,166,89,1.11417328
792,2183,0.184187071845,159.0,166,89,1.33126088
793,2184,0.0980139706752,165.5,166,89,1.03470848
794,2185,0.221166759799,158.5,166,88,1.00616992
795,2186,0.035750383574,158.5,166,88,0.87005872
796,2187,0.0602868849557,157.0,167,89,0.7916188
797,2188,0.0460957769413,157.0,167,89,1.0743232
798,2189,0.0895114815897,157.5,167,88,0.92457128
799,2190,0.0508127095411,157.0,167,88,0.76315752
800,2191,0.0520693387128,158.5,167,88,1.16763304
801,2192,0.106959896268,159.5,167,88,0.77330512
802,2193,0.0861300207843,159.0,167,88,0.89207296
803,2194,0.0794915729889,159.0,167,88,0.71855816
804,2195,0.0555284395016,158.5,167,88,0.90899656
805,2196,0.0223619508377,158.5,167,88,0.7187708
806,2197,0.111210237818,160.0,167,89,0.92050008
807,2198,0.0252859334725,160.0,167,89,0.76779512
808,2199,0.216679370306,158.5,167,89,0.87622808
809,2200,0.0690126144187,159.5,167,89,0.81899264
810,2201,0.073994498845,159.0,167,89,0.9223416
811,2202,0.10672106509,160.0,167,89,0.93273648
812,2203,0.111966054855,159.0,167,89,0.73844512
813,2204,0.00837064464796,159.0,167,89,0.88108512
814,2205,0.145509945508,158.0,167,89,0.79082984
815,2206,0.0644201017993,157.0,167,90,0.92704112
816,2207,0.130702943793,158.0,166,89,0.8536232
817,2208,0.00863178358326,158.0,166,89,1.00491248
818,2209,0.0447633341171,159.5,166,89,0.82544224
819,2210,0.117565163045,159.0,166,89,1.03704672
820,2211,0.0900215007017,161.5,166,89,0.82454512
821,2212,0.102514978449,167.0,165,90,1.2370952
822,2213,0.00196913619996,167.0,165,90,1.04263008
823,2214,0.168461243986,167.0,165,90,1.11793824
824,2215,0.282052328889,163.5,165,89,1.12717368
825,2216,0.24366688717,166.0,165,89,1.01931544
826,2217,0.0783144999671,166.0,165,89,1.20875288
827,2218,0.134958958512,166.5,165,90,1.10720104
828,2219,0.00916897464047,166.5,165,90,1.15409528
829,2220,0.331902590029,166.5,165,89,0.8897592
830,2221,0.283261861289,165.0,165,89,1.04595984
831,2222,0.31963353196,164.5,164,89,0.75220608
832,2223,0.440572152791,169.5,163,89,0.93978376
833,2224,0.400981094722,168.0,161,88,1.15080528
834,2225,0.483019226076,176.5,159,88,1.17758
835,2226,0.299163494527,183.0,157,87,1.01191072
836,2227,0.0955157222744,183.0,157,87,1.11955528
837,2228,0.44776812618,176.5,154,86,1.20296304
838,2229,0.3208497067,181.5,152,85,1.30985344
839,2230,0.11968666823,190.0,150,86,1.33052256
840,2231,0.41879525104,195.0,149,86,1.23583304
841,2232,0.0155590710906,195.0,149,86,0.98224816
842,2233,0.32808073953,195.0,147,87,1.26691368
843,2234,0.183661077877,196.0,146,87,1.05181064
844,2235,0.17601824222,195.0,146,87,1.12509856
845,2236,0.191418003842,198.5,145,87,1.01429448
846,2237,0.28928452057,193.0,145,87,1.18453776
847,2238,0.195275353977,195.0,145,88,0.86636816
848,2239,0.519159681064,194.5,146,88,1.2038812
849,2240,0.399383685267,190.0,146,89,0.8756588
850,2241,0.547702349242,194.5,146,89,0.9658952
851,2242,0.180056118572,194.5,146,89,0.77544408
852,2243,0.483595255375,193.0,147,89,1.11706368
853,2244,0.541208549251,191.0,146,89,0.77736496
854,2245,0.0598664862149,191.0,146,89,0.94691216
855,2246,0.469039236513,191.5,146,89,0.80643496
856,2247,0.491703681297,192.0,146,89,1.287044
857,2248,0.429923945657,191.5,146,89,0.89130296
858,2249,0.336267483519,193.5,146,89,1.07765432
859,2250,0.459923690179,194.0,147,89,0.87889512
860,2251,0.000134248594736,194.0,147,89,0.91649344
861,2252,0.350045488187,190.0,147,89,0.88702952
862,2253,0.335339785448,193.0,147,89,0.9481692
863,2254,0.287092840253,193.0,147,89,0.8711984
864,2255,0.318450400969,193.0,147,89,0.85741096
865,2256,0.378828192002,189.0,147,89,0.74241064
866,2257,0.190570032752,192.0,147,89,0.75896912
867,2258,0.437012850859,188.5,148,89,0.74598264
868,2259,0.0501486806638,188.5,148,89,1.01437632
869,2260,0.390821263225,189.0,148,90,0.73175184
870,2261,0.352583938632,188.5,148,90,0.89009232
871,2262,0.325831442354,187.5,149,90,0.77981576
872,2263,0.435593548776,189.5,149,90,0.81877368
873,2264,0.0762242674126,189.5,149,90,0.74305728
874,2265,0.249582655287,187.5,149,90,0.93225456
875,2266,0.260897509623,185.0,150,90,0.80239056
876,2267,0.395081045337,184.0,150,90,0.82822744
877,2268,0.274232930592,186.0,150,91,0.82397368
878,2269,0.0111660522636,186.0,150,91,0.7698672
879,2270,0.154088339927,187.5,150,91,0.82190424
880,2271,0.168455652004,182.0,150,91,0.75848872
881,2272,0.213379441648,183.5,150,90,1.19481944
882,2273,0.165735778113,186.5,150,90,0.746582
883,2274,0.0287479624498,186.5,150,90,0.87468768
884,2275,0.187679248025,183.0,150,90,0.78990968
885,2276,0.183693320044,183.5,151,90,0.96117816
886,2277,0.215562571631,185.0,151,90,0.71806616
887,2278,0.20041151638,183.5,152,90,0.8340644
888,2279,0.0806437285941,183.0,152,90,0.67712576
889,2280,0.147262419677,177.5,152,91,0.84230896
890,2281,0.338832498907,179.5,153,91,0.77984096
891,2282,0.506373156879,178.0,153,91,0.77881152
892,2283,0.561589893028,174.5,155,91,0.95721048
893,2284,0.0613755494093,174.5,155,91,0.81014552
894,2285,0.49583380332,171.5,156,92,0.85222416
895,2286,0.614404117315,168.5,156,93,0.86456032
896,2287,0.574577709561,170.0,157,93,1.017382
897,2288,0.105746129788,170.0,157,93,0.874332
898,2289,0.584920044403,173.5,156,92,0.84260256
899,2290,0.538333381978,172.5,156,91,1.06296448
900,2291,0.48610252918,175.5,155,91,0.9198756
901,2292,0.486250052398,171.5,155,92,1.04538888
902,2293,0.122404157973,171.5,155,92,0.80955832
903,2294,0.583270941074,167.0,155,92,0.7923956
904,2295,0.561706921644,172.0,154,93,0.82800048
905,2296,0.554381558159,167.5,155,92,0.87257544
906,2297,0.48226523609,173.0,155,92,0.97200064
907,2298,0.17819104553,173.0,155,92,1.00936464
908,2299,0.598276684296,170.0,155,93,0.86493248
909,2300,0.511029610191,165.5,155,94,0.8643796
910,2301,0.545321460888,164.0,155,95,0.75345432
911,2302,0.427367701871,168.5,155,96,0.7928504
912,2303,0.197010908362,169.5,155,96,0.92163984
913,2304,0.526808006122,168.5,155,97,0.75825704
914,2305,0.552339465339,161.5,155,98,0.93125416
915,2306,0.619494257569,165.5,155,100,0.72168232
916,2307,0.456253489245,170.5,155,100,0.92995696
917,2308,0.533215359074,166.0,155,101,0.7621972
918,2309,0.164132341948,166.0,155,101,1.02269136
919,2310,0.566961583808,169.5,154,100,0.76922768
920,2311,0.508362462783,169.5,154,100,1.1408472
921,2312,0.403299424485,167.0,155,100,0.73898432
922,2313,0.0256569961783,167.0,155,100,1.13625112
923,2314,0.277254824581,170.0,155,100,0.79711736
924,2315,0.63411468778,166.0,156,101,0.88833424
925,2316,0.568098793387,163.5,158,101,0.81807144
926,2317,0.579104503465,158.0,161,102,1.00597872
927,2318,0.145590016058,158.0,161,102,0.8469084
928,2319,0.439100678213,158.0,165,101,0.79939392
929,2320,0.389058652493,153.0,165,101,0.79099224
930,2321,0.115779335023,153.0,165,101,1.0108396
931,2322,0.460615727501,148.0,165,101,0.80918584
932,2323,0.00358939429898,150.0,166,101,0.92547936
933,2324,0.00139176852677,147.5,166,101,0.83421688
934,2325,0.0,147.5,166,101,1.16795008
935,2326,0.0229412380518,148.5,166,101,0.67631024
936,2327,0.0186996020404,143.0,166,101,1.32775464
937,2328,0.0298401454046,145.0,165,100,0.6593312
938,2329,0.0290651960219,146.0,165,100,0.98011424
939,2330,0.0581209466482,149.5,163,100,0.71004464
940,2601,0.172583796967,217.0,250,121,0.80508224
941,2602,0.0272736147091,217.0,250,121,1.02177304
942,2603,0.128388065545,211.5,250,121,1.07704456
943,2604,0.133445610167,208.0,250,120,0.94793376
944,2605,0.119027829733,209.5,250,121,1.04858384
945,2606,0.0988332242786,209.5,249,121,0.86463488
946,2607,0.134886684803,209.5,249,121,0.99098568
947,2608,0.147443526158,214.5,249,121,0.84283968
948,2609,0.0757920983643,211.0,249,120,1.00213776
949,2610,0.161060157842,211.0,249,120,0.79040504
950,2611,0.0784952680729,211.0,249,120,0.97284688
951,2612,0.115260135499,215.5,249,120,0.90443984
952,2613,0.107170295441,213.0,249,120,0.94957376
953,2614,0.140591196461,210.0,249,120,0.89472816
954,2615,0.0658128336841,210.0,249,120,0.901972
955,2616,0.126224603447,211.5,249,121,0.96293216
956,2617,0.0993372330909,207.0,249,120,0.86483616
957,2618,0.043266664511,206.0,249,120,1.05879968
958,2619,0.0998781753199,206.5,249,120,0.79742232
959,2620,0.121195045053,212.5,248,120,1.26431888
960,2621,0.00254001616121,211.5,248,120,1.01154032
961,2622,0.128077290115,207.0,248,120,0.84067472
962,2623,0.159114058082,205.5,248,120,0.80969176
963,2624,0.140529692488,209.0,248,120,0.96806272
964,2625,0.130617051121,204.5,247,120,0.99126832
965,2626,0.114838791463,203.0,247,120,0.8197536
966,2627,0.230579172789,205.0,247,120,1.24128024
967,2628,0.137940604813,201.0,247,120,0.90997072
968,2629,0.00329587149917,199.5,247,120,1.18760752
969,2630,0.0693765252824,202.5,247,120,0.74498312
970,2631,0.0758853491343,200.5,247,120,1.03726632
971,2632,0.0746669805029,206.0,247,120,0.99981696
972,2633,0.162624747337,209.5,247,120,0.96873184
973,2634,0.134197672222,204.5,248,120,0.8733244
974,2635,0.0649896169479,205.5,248,120,0.9709288
975,2636,0.113865384677,204.5,248,120,0.98783024
976,2637,0.0391525787173,204.5,248,120,0.93532296
977,2638,0.156285046626,219.5,248,120,1.10742992
978,2639,0.138524531286,208.5,248,120,0.97196936
979,2640,0.206722628499,220.5,248,121,1.25161448
980,2641,0.201168640167,217.5,248,121,0.84139448
981,2642,0.129156214802,217.5,248,121,1.14174048
982,2643,0.180564792681,213.0,248,121,0.99882736
983,2644,0.116404597752,208.0,248,120,1.1139716
984,2645,0.096443155422,215.5,249,120,0.93398904
985,2646,0.00665500229679,215.5,249,120,0.96011496
986,2647,0.144950182853,206.0,249,120,0.80425304
987,2648,0.0728649187792,206.0,249,120,0.91373712
988,2649,0.0933106912329,207.0,249,120,1.06768176
989,2650,0.142420007516,207.5,249,120,0.9062928
990,2651,0.0619891474174,212.5,248,120,0.98927432
991,2652,0.131935108099,209.0,249,120,0.7953888
992,2653,0.0659335101799,209.0,249,120,1.26560008
993,2654,0.0641428311815,208.5,248,120,0.7627148
994,2655,0.0613965416367,209.5,249,120,0.9594376
995,2656,0.0515261824439,215.0,249,120,0.83968384
996,2657,0.0567972067059,211.0,249,120,1.51104464
997,2658,0.0270076475752,211.0,249,120,0.91262208
998,2659,0.064368737922,215.0,249,120,1.21471464
999,2660,0.0406804096191,213.0,249,120,1.02657336
1000,2661,0.0916109240679,215.0,249,120,0.94983184
1001,2662,0.0414541505329,214.5,249,120,1.5122544
1002,2663,0.00592318481212,214.5,249,120,0.8927732
1003,2664,0.0293764472429,214.5,249,120,1.48665008
1004,2665,0.0683319317031,211.0,249,120,0.6839528
1005,2666,0.0754808556958,214.0,249,120,1.24497392
1006,2667,0.049610046464,210.5,249,120,0.66752108
1007,2668,0.0788671897851,210.5,249,120,0.78636408
1008,2669,0.0983465261761,212.5,249,120,0.70765432
1009,2670,0.119037362145,212.0,249,120,0.82401072
1010,2671,0.0860119060929,208.0,249,120,0.85334112
1011,2672,0.0630853674073,209.0,249,120,1.0760396
1012,2673,0.0867093507034,210.0,249,120,0.9169092
1013,2674,0.0285023325555,209.0,249,120,0.88716424
1014,2675,0.0654662216971,211.5,248,120,0.81342152
1015,2676,0.183841726975,214.0,248,120,0.92144832
1016,2677,0.174071595947,208.5,248,120,0.89439648
1017,2678,0.235066776402,212.5,248,120,0.82276184
1018,2679,0.164520109799,214.5,248,120,0.69692
1019,2680,0.200829478027,210.5,248,120,0.96833448
1020,2681,0.13696260912,205.5,248,120,0.7582624
1021,2682,0.0474008613821,205.5,248,120,0.89098976
1022,2683,0.0949236721199,210.5,248,120,0.90218808
1023,2684,0.131550822667,219.5,248,120,0.8769668
1024,2685,0.219411873771,211.0,248,120,1.20358912
1025,2686,0.057439445242,211.0,248,120,0.8559688
1026,2687,0.248763494167,201.5,247,120,1.0512652
1027,2688,0.16064046696,209.5,248,120,0.76210424
1028,2689,0.127125660226,207.5,248,120,1.11426632
1029,2690,0.191760323727,208.0,248,120,0.64013932
1030,2691,0.0504662670972,208.0,248,120,1.03241136
1031,2692,0.213502647043,213.0,248,120,0.79744552
1032,2693,0.0218143926528,212.0,248,120,0.90761024
1033,2694,0.158943128738,209.0,248,120,1.00941544
1034,2695,0.264892516662,212.5,248,120,0.97243536
1035,2696,0.134201923114,209.0,248,120,0.99721944
1036,2697,0.1623368591,207.5,248,120,0.78682376
1037,2698,0.129478067676,204.0,247,120,1.1853012
1038,2699,0.0947272102395,202.5,247,120,0.929266
1039,2700,0.232471691462,201.0,247,120,0.9968996
1040,2701,0.0374376093052,201.0,247,120,0.8159464
1041,2702,0.168993923245,199.5,247,120,0.71179888
1042,2703,0.196994502973,204.0,247,120,0.93891352
1043,2704,0.245293076515,209.0,247,120,0.8366072
1044,2705,0.270453475144,207.5,247,120,1.23983696
1045,2706,0.152884575813,212.5,247,120,0.76257856
1046,2707,0.167240562436,201.5,246,120,1.0528976
1047,2708,0.063486779175,201.5,246,120,0.92019304
1048,2709,0.113563536634,199.5,246,120,0.91891216
1049,2710,0.0867356046001,198.5,246,120,0.80852392
1050,2711,0.138132078772,191.0,246,120,1.09981456
1051,2712,0.115407540444,192.5,246,119,0.90233592
1052,2713,0.0583324092657,197.5,246,119,0.96360544
1053,2714,0.0147862138091,197.5,246,119,1.46281184
1054,2715,0.111166151051,196.0,246,120,1.13216584
1055,2716,0.106420453723,209.5,245,120,1.88997344
1056,2717,0.178306632636,208.0,246,120,0.81136896
1057,2718,0.194398240808,201.0,245,120,1.33206336
1058,2719,0.0163702590886,201.0,245,120,0.76128904
1059,2720,0.129518877515,198.5,245,120,1.08588336
1060,2721,0.10166061973,201.5,244,120,0.78673456
1061,2722,0.0207219597374,200.5,244,120,1.61090112
1062,2723,0.124351320653,201.0,244,120,0.96951344
1063,2724,0.147287238706,211.5,244,120,1.90135024
1064,2725,0.0337742695081,211.0,244,120,0.89845144
1065,2726,0.136435607335,203.5,244,120,0.90749536
1066,2727,0.0596076462061,199.0,244,120,1.16685112
1067,2728,0.161543303448,194.5,244,120,0.938592
1068,2729,0.112244804496,196.0,244,120,1.28049128
1069,2730,0.391522394137,195.5,244,120,1.03621864
1070,2731,0.0537815313969,195.5,244,120,1.26573632
1071,2732,0.0899831493323,196.5,243,121,0.95375264
1072,2733,0.0861558009721,193.0,243,121,0.90358872
1073,2734,0.00554364045123,194.0,243,120,0.85496672
1074,2735,0.028606687013,194.0,243,120,0.99715872
1075,2736,0.0186600622173,191.5,243,121,1.15510992
1076,2737,0.00237310140371,192.5,243,121,0.88653024
1077,2738,0.0,192.5,243,121,1.41620032
1078,2739,0.0377927029377,195.0,243,120,0.74387264
1079,2740,0.00198713890439,194.0,243,121,1.41512304
1080,2741,0.0135514828152,196.0,243,120,1.0998128
1081,2742,0.0600223058987,192.0,243,120,1.01220808
1082,2743,0.0180797025507,194.0,243,121,1.01525864
1083,2744,0.00217702313283,198.0,243,121,1.40133728
1084,3166,0.0191932157621,35.0,162,125,0.99625248
1085,3167,0.0160176852082,20.0,162,124,0.89224984
1086,3168,0.0119041652127,19.0,162,124,0.83309848
1087,3169,0.00394459802019,19.0,162,124,0.80611616
1088,3170,0.0387140208139,41.5,162,126,0.9112768
1089,3171,0.065018247721,38.0,162,126,0.93450576
1090,3172,0.0428579271832,33.5,162,126,0.96692432
1091,3173,0.00149749147729,33.5,162,126,1.23249664
1092,3174,0.083059078075,19.5,162,124,0.93976112
1093,3175,0.000173879369033,19.5,162,124,1.12552208
1094,3176,0.0817540062987,36.5,162,127,0.89204816
1095,3177,0.0737991150878,36.5,162,127,0.77976816
1096,3178,7.19514146116e-06,36.5,162,127,0.80414944
1097,3179,0.00143450903551,36.5,162,127,0.81924808
1098,3180,0.0330831201803,41.0,162,127,0.89460184
1099,3181,0.0017017409411,37.5,162,127,0.860572
1100,3182,2.79786464851e-06,37.5,162,127,1.01012808
1101,3183,0.110636440484,39.5,161,127,0.87104648
1102,3184,0.0499682935611,40.5,162,127,1.06930536
1103,3185,0.052130476242,37.5,162,127,0.88950688
1104,3186,0.00369686606271,32.5,162,127,1.0638224
1105,3187,0.0537547953041,18.5,162,125,0.87432704
1106,3188,0.0838267233375,34.5,162,127,0.91090832
1107,3189,0.000121025699586,34.5,162,127,0.99569432
1108,3190,0.0793200735159,36.0,162,127,0.88994944
1109,3191,0.0215519041829,32.0,162,126,0.862588
1110,3192,0.139897778286,31.5,162,126,0.9532908
1111,3193,0.090611324519,18.5,162,125,1.01317376
1112,3194,0.000220353210161,18.5,162,125,1.00825208
1113,3195,0.114392186595,35.0,162,127,1.19803408
1114,3196,0.11355884511,35.0,162,127,1.01809416
1115,3197,0.0954204542363,18.0,162,125,1.09310568
1116,3198,0.000581579900995,34.0,162,127,0.94119776
1117,3199,5.29192697561e-05,34.0,162,127,0.93449856
1118,3200,0.104360806395,34.5,162,127,1.06967536
1119,3201,0.0338474644799,36.5,162,127,0.90386448
1120,3202,0.0335685372881,34.5,162,127,0.91133904
1121,3203,0.0330073780133,35.0,162,127,0.99830256
1122,3204,0.0917915664312,35.0,162,126,1.02179576
1123,3205,0.000198029824606,35.0,162,126,0.93856096
1124,3206,0.159972480816,35.0,162,127,1.04350064
1125,3207,0.276361268584,18.0,162,125,0.84964112
1126,3208,6.90883655757e-06,18.0,162,125,1.13086688
1127,3209,4.90984949752e-06,18.0,162,125,0.73751784
1128,3210,0.0,18.0,162,125,0.80959
1129,3211,0.0,18.0,162,125,0.70231872
1130,3212,7.09095025711e-06,17.0,162,124,1.17509952
1131,3213,2.59184737696e-06,17.0,162,124,0.85632616
1132,3214,8.22670786134e-06,18.0,162,125,0.81565456
1133,3215,2.49995301736e-06,18.0,162,125,0.925546
1134,3457,0.199654305886,32.5,189,156,0.72451824
1135,3458,0.0530357421187,32.0,189,156,0.69762368
1136,3459,0.0231665390084,32.0,189,156,0.71604928
1137,3460,0.212306564377,32.0,189,156,0.668632
1138,3461,0.137439094931,35.0,189,156,0.77577896
1139,3462,0.192301653781,34.0,189,156,0.61755952
1140,3463,0.298460297406,32.5,189,156,0.79759224
1141,3464,0.284919612339,32.5,190,156,0.6098172
1142,3465,0.241550537486,32.0,190,156,0.90171728
1143,3466,0.257250980315,32.0,190,156,0.57869476
1144,3467,0.170135861315,28.5,190,156,0.79950992
1145,3468,0.0204629129548,28.5,190,156,0.48041176
1146,3469,0.174539610363,32.5,191,156,1.15464312
1147,3470,0.264382296925,36.0,191,156,0.60802576
1148,3471,0.21301242422,35.5,191,156,0.74212504
1149,3472,0.182016259664,33.5,191,156,0.66853068
1150,3473,0.163754413204,33.5,191,156,0.82387152
1151,3474,0.0459675259072,33.5,191,156,0.61951344
1152,3475,0.073594119124,34.0,191,156,0.60834736
1153,3476,0.163833737057,34.5,191,156,0.63267296
1154,3477,0.066541387746,35.5,191,156,0.66502512
1155,3478,0.159004029933,35.0,191,156,0.78204376
1156,3479,0.0270277513335,35.0,191,156,0.62532408
1157,3480,0.0773363037501,36.5,191,155,0.59986468
1158,3481,0.0303748442814,37.5,192,155,0.73196864
1159,3482,0.0153869816326,34.5,191,155,0.69283504
1160,3483,0.000421445711969,34.5,191,155,0.81325184
1161,3484,0.128101320666,34.5,192,155,0.81765432
1162,3485,0.189473934212,34.5,192,155,0.98389832
1163,3486,0.211563859937,36.0,192,155,0.7252492
1164,3487,0.0636276476462,36.0,192,155,0.82196712
1165,3488,0.0990565257351,33.5,192,155,0.7530812
1166,3489,0.017763431755,33.5,192,155,0.96486312
1167,3490,0.0732436326704,34.5,192,155,0.85923808
1168,3491,0.0711240576598,35.0,192,155,0.96936424
1169,3492,0.183610672072,34.5,191,155,1.11404752
1170,3493,0.0794617785664,34.5,191,155,0.90404064
1171,3494,0.0989800498641,34.5,191,155,0.94659104
1172,3495,0.140877951823,34.5,191,155,0.8467968
1173,3496,0.0425623897786,36.0,191,155,1.31150424
1174,3497,0.164534767401,33.0,191,155,0.7899112
1175,3498,0.119450345585,33.0,191,156,0.99567672
1176,3499,0.0939060600858,33.0,191,156,0.87381752
1177,3500,0.106361042575,32.0,191,155,0.92291064
1178,3501,0.135545971439,34.0,191,155,0.70900656
1179,3502,0.145834546639,33.5,191,155,1.156196
1180,3503,0.193678584658,33.5,191,156,0.79838112
1181,3504,0.214243467113,34.5,191,156,1.21478144
1182,3505,0.154891745334,34.5,191,156,1.01892944
1183,3506,0.22411143713,33.5,191,156,1.11172152
1184,3507,0.174860885911,34.5,191,156,1.03100752
1185,3508,0.198858438405,34.5,191,156,0.8259984
1186,3509,0.010886164016,34.5,191,156,0.80612784
1187,3510,0.169811142415,34.0,191,156,0.876162
1188,3511,0.153529848298,33.5,191,156,0.97551656
1189,3512,0.119072933682,35.5,190,156,0.93213784
1190,3513,0.233553939962,34.5,191,156,0.99959688
1191,3514,0.134437448418,35.5,191,156,1.01463392
1192,3515,0.139950463239,34.0,191,156,0.90937384
1193,3516,0.200771921483,35.0,191,156,0.9945948
1194,3517,0.162679901656,35.0,191,156,0.97238416
1195,3518,0.264176899739,35.0,191,155,0.82271664
1196,3519,0.00197787866154,35.0,191,155,0.87157968
1197,3520,0.226761307595,32.5,190,156,0.94879408
1198,3521,0.126643786787,35.5,191,155,0.80419624
1199,3522,0.228098413227,32.0,191,155,0.89084992
1200,3523,0.179420318672,34.5,191,155,0.68701904
1201,3524,0.0430774489842,34.5,191,155,1.12091936
1202,3525,0.251223466071,33.0,192,155,0.75159904
1203,3526,0.187768561281,32.0,192,155,0.76417648
1204,3527,0.0996677197762,35.0,192,155,0.75076592
1205,3528,0.192538467284,32.5,192,155,0.89909
1206,3529,0.0388204134291,33.0,192,155,0.9210824
1207,3530,0.144100945031,34.0,192,155,0.74195784
1208,3531,0.0431039737184,34.0,192,155,0.7046528
1209,3532,0.0650459621518,33.0,192,155,0.83788024
1210,3533,0.203007655173,34.5,192,154,0.75766208
1211,3534,0.155812569227,31.0,192,155,0.73470592
1212,3535,0.00507302502771,31.0,192,155,0.8205268
1213,3536,0.165298253545,30.0,192,154,0.77155568
1214,3537,0.0198920229895,30.5,192,154,0.76088048
1215,3538,0.0375494860958,31.0,192,154,0.78626672
1216,3539,0.149370206342,33.5,192,154,0.84182856
1217,3540,0.223838934946,31.0,192,155,0.75321232
1218,3541,0.109049767637,32.5,192,155,0.69237784
1219,3542,0.187838351341,32.5,192,155,0.8353856
1220,3543,0.027851573633,32.5,192,155,0.72029224
1221,3544,0.222810073485,34.0,192,155,0.91800272
1222,3545,0.200779855861,34.0,192,155,0.63071448
1223,3546,0.17785962442,35.0,191,155,0.86119856
1224,3547,0.119207110111,30.0,191,155,0.6820968
1225,3548,0.113042406281,29.5,191,155,0.66232464
1226,3549,0.188783791436,34.5,191,156,0.75079656
1227,3550,0.188481032928,35.0,191,156,0.66695016
1228,3551,0.174872987185,34.0,191,156,0.77589192
1229,3552,0.13614286401,35.5,192,156,0.63120852
1230,3553,0.00619740950459,35.5,192,156,0.65682144
1231,3554,0.0596467476359,35.0,192,156,0.64167824
1232,3555,0.177937650739,31.5,191,155,0.67048748
1233,3556,0.122797318022,31.0,191,155,0.6102614
1234,3557,0.195993826944,31.5,191,155,0.76859888
1235,3558,0.0395652096127,31.5,191,155,0.724778
1236,3559,0.119990955436,34.5,191,155,0.6749268
1237,3560,0.154454153177,31.5,191,155,0.6736268
1238,3561,0.167636232246,32.0,191,156,0.86685216
1239,3562,0.136840308365,34.5,191,155,0.74848136
1240,3563,0.0744157100262,34.0,191,155,0.81604528
1241,3564,0.0393066454409,34.0,191,155,0.82975528
1242,3565,0.132745056549,30.5,191,155,0.85236016
1243,3566,0.123937347246,30.5,192,155,0.7972816
1244,3567,0.148850022266,35.0,192,155,0.73041088
1245,3568,0.013785524138,35.0,192,155,0.80937824
1246,3569,0.191194637075,32.0,193,154,0.92936216
1247,3570,0.176821073884,30.5,195,153,0.75175608
1248,3571,0.137630460895,28.5,198,153,0.94653424
1249,3572,0.0299535329022,28.5,198,153,0.99225672
1250,3573,0.146806552366,34.5,201,151,0.83824752
1251,3574,0.140866839912,30.0,203,150,0.995704
1252,3575,0.180013818605,27.0,206,148,0.7547792
1253,3576,0.220195929715,33.5,209,146,0.832656
1254,3577,0.197737353931,27.5,212,147,0.73585984
1255,3578,0.0986853408943,31.0,212,148,0.99309808
1256,3579,0.110197415649,27.5,212,149,0.69791696
1257,3580,0.119090114311,31.0,211,150,0.89859528
1258,3581,0.00445575343378,31.0,211,150,0.8258072
1259,3582,0.168597412244,31.0,209,150,0.8888392
1260,3583,0.198899769826,31.0,208,150,0.97769216
1261,3584,0.205128410429,27.0,207,150,0.79417056
1262,3585,0.199230154033,22.5,207,150,0.91933152
1263,3586,3.66032074592e-05,22.5,206,151,0.70688584
1264,3587,6.86303297018e-06,21.0,206,151,1.12014024
1265,3588,5.07294399238e-05,24.0,205,150,0.77125856
1266,3589,5.05639816097e-05,23.0,205,151,1.0755764
1267,3590,3.3089155175e-05,22.5,205,151,0.59769828
1268,3591,1.91616693814e-05,22.0,205,151,0.87239008
1269,3592,3.36502791913e-06,22.0,205,151,0.69975272
1270,3924,0.0645171564928,265.0,170,138,1.15773992
1271,3925,0.032624104337,265.0,170,138,1.07816024
1272,3926,0.0564438654634,264.0,170,138,1.123068
1273,3927,0.0415180349666,265.0,170,138,1.2052
1274,3928,0.0515841501933,264.0,170,137,1.07867992
1275,3929,0.0204869550903,264.0,170,137,1.21154392
1276,3930,0.0635329123135,266.5,169,137,1.10041808
1277,3931,0.074840756709,267.5,169,137,1.1223652
1278,3932,0.0456987222719,265.5,169,137,1.10077496
1279,3933,0.0437258422059,266.5,169,137,1.06575592
1280,3934,0.000379643772362,266.5,169,137,1.03901168
1281,3935,0.0351495490948,265.0,169,137,1.1588104
1282,3936,0.106317857307,266.5,169,137,1.18678496
1283,3937,0.0460085619172,267.5,169,137,1.1808772
1284,3938,0.102739176813,266.5,169,137,1.16429936
1285,3939,0.0810904386394,265.5,170,137,1.1451076
1286,3940,0.110008580223,267.0,170,137,1.17650408
1287,3941,0.0726787821935,265.5,170,137,1.02835
1288,3942,0.0486103314673,265.0,170,137,0.90658128
1289,3943,0.0297868779756,265.0,170,137,1.10317784
1290,3944,0.0679478828877,264.0,170,137,1.2585948
1291,3945,0.152351645577,266.0,170,137,1.05109264
1292,3946,0.109285015682,266.0,170,137,1.0691692
1293,3947,0.102571608359,266.0,170,137,0.96765576
1294,3948,0.0302477431075,266.0,170,137,1.2643772
1295,3949,0.101600498679,267.0,170,137,0.98497208
1296,3950,0.142192999943,267.0,170,137,1.34117864
1297,3951,0.0688950274279,266.0,170,137,1.00767312
1298,3952,0.180589527312,264.5,170,137,1.05594408
1299,3953,0.163528828957,265.0,170,137,1.03781816
1300,3954,0.0985968714078,264.0,170,137,1.32304512
1301,3955,0.0540713770467,264.0,170,137,1.06836576
1302,3956,0.000469254831823,264.0,170,137,1.2551412
1303,3957,0.0414312648817,264.0,170,137,0.8915836
1304,3958,0.131332928921,263.5,170,137,1.19854136
1305,3959,0.185408354039,265.0,170,137,0.83250072
1306,3960,0.00120651463196,265.0,170,137,0.9895888
1307,3961,0.219450940051,263.5,170,137,0.93570768
1308,3962,0.113935744259,263.5,170,137,1.01646168
1309,3963,0.191649859894,263.5,170,137,0.97964392
1310,3964,0.00740788656979,263.5,170,137,0.77978552
1311,3965,0.0821776654329,264.0,170,137,0.85797152
1312,3966,0.0764900632446,261.0,170,137,0.81069544
1313,3967,0.17623193235,262.5,171,137,0.83830368
1314,3968,0.198934282671,265.0,171,137,0.81776896
1315,3969,0.0204874223527,265.0,171,137,0.8618184
1316,3970,0.184057043823,264.0,171,137,0.82460032
1317,3971,0.00554828305657,264.0,171,137,0.99484656
1318,3972,0.15438480268,261.5,171,137,0.86535504
1319,3973,0.182164822694,262.0,171,137,1.12483816
1320,3974,0.00184354108409,262.0,171,137,0.87898192
1321,3975,0.073108070374,265.5,170,137,1.40498832
1322,3976,0.157324671403,262.5,171,137,1.12434688
1323,3977,0.176378247828,265.5,171,138,1.11091968
1324,3978,0.142452837825,264.0,171,138,0.96372856
1325,3979,0.154655842749,264.0,171,138,1.10689848
1326,3980,0.0705814828842,264.0,171,138,1.31911576
1327,3981,0.185317572735,263.0,171,138,1.06754488
1328,3982,0.217283570276,265.0,171,138,1.29793048
1329,3983,0.265664165565,264.5,171,138,0.87530984
1330,3984,0.000239342065688,264.5,171,138,1.13056352
1331,3985,0.104216415468,264.5,171,138,0.9733592
1332,3986,0.116846906566,265.0,171,138,1.33756464
1333,3987,0.0506467829414,265.0,171,138,0.89328432
1334,3988,0.110549213754,261.5,171,138,0.95482568
1335,3989,0.176404896044,264.5,171,137,0.90878896
1336,3990,0.174493891191,263.0,171,137,0.66374944
1337,3991,0.0252231055133,263.0,171,137,1.1223436
1338,3992,0.081175625608,263.0,171,137,0.91351088
1339,3993,0.171528021463,262.0,171,138,1.1226792
1340,3994,0.299660223216,264.0,171,138,0.94461528
1341,3995,0.303823493223,261.5,171,138,1.17565504
1342,3996,0.376619341203,264.5,172,138,1.01176352
1343,3997,0.438726167043,263.0,172,140,1.09547704
1344,3998,0.248235260821,263.0,172,140,1.05092568
1345,3999,0.31230564897,262.5,172,140,0.92272064
1346,4000,0.252781405488,260.5,172,140,1.2114612
1347,4001,0.245522560118,261.0,172,140,0.88946784
1348,4002,0.0874023898691,261.0,172,140,1.27887904
1349,4003,0.308102093336,262.0,171,140,1.13001984
1350,4004,0.36287590435,264.5,171,140,1.00790528
1351,4005,0.303022206046,264.0,171,140,1.02198152
1352,4006,0.339804326592,263.0,171,140,1.05146056
1353,4007,0.144497603777,263.0,171,140,0.9255264
1354,4008,0.3858718458,265.5,172,140,1.06353416
1355,4009,0.240709592827,266.5,172,140,0.9777676
1356,4010,0.895218944472,255.5,171,140,1.00878216
1357,4011,0.000839052639832,256.0,171,140,0.77260864
1358,4012,0.000385107467235,256.0,171,140,0.86847368
1359,4013,0.00161180215417,255.5,171,140,0.79794848
1360,4014,0.00120480057031,256.0,171,140,0.85422096
1361,4015,0.00082851943498,254.0,171,140,0.9264544
1362,4016,0.0,254.0,171,140,0.78618384
1363,4017,0.00102793801052,255.0,171,140,0.83417344
1364,4018,0.000193560383447,255.0,171,140,1.06515616
1365,4668,0.234388457555,500.0,250,119,0.80093048
1366,4669,0.103605633748,500.0,250,119,0.99867432
1367,4670,0.153549169447,518.5,250,119,0.82658448
1368,4671,0.312492071601,512.0,250,118,1.28204672
1369,4672,0.159455998354,513.0,250,118,0.84445632
1370,4673,0.150890206181,513.0,250,118,1.04370208
1371,4674,0.28107101024,498.0,250,119,0.92334448
1372,4675,0.267245253599,497.5,250,119,0.94455328
1373,4676,0.316841368557,500.0,249,120,1.04461104
1374,4677,0.186740415949,493.0,249,121,0.84420432
1375,4678,0.0549593007352,493.0,249,121,0.922386
1376,4679,0.207355360743,506.0,249,120,0.86568936
1377,4680,0.225918130556,509.0,249,119,1.36885968
1378,4681,0.163309839384,494.0,249,120,0.80899728
1379,4682,0.24529834413,494.0,249,120,0.97676544
1380,4683,0.0900073801027,501.0,249,120,0.74197512
1381,4684,0.109849663693,501.0,249,120,0.80212976
1382,4685,0.306568601716,497.0,249,120,0.8844416
1383,4686,0.301248716618,503.0,249,119,1.00669256
1384,4687,0.154978934284,512.0,249,119,1.25601952
1385,4688,0.127792832423,505.0,249,120,0.83514224
1386,4689,0.173010751665,515.0,249,120,1.08491472
1387,4690,0.27692285062,515.0,249,120,0.95513608
1388,4691,0.45765258327,496.0,249,122,1.1653164
1389,4692,0.239292702312,520.5,249,121,1.2758936
1390,4693,0.393204007805,484.5,249,121,1.1983212
1391,4694,0.259979035678,491.0,249,120,0.84074872
1392,4695,0.156759776807,494.0,249,121,0.96267392
1393,4696,0.130682893057,494.0,249,121,0.9666924
1394,4697,0.212896947088,510.5,248,121,1.13266032
1395,4698,0.102030416386,506.0,248,121,0.980828
1396,4699,0.167682999322,508.0,248,121,0.93806576
1397,4700,0.268916616432,502.0,248,122,0.78589792
1398,4701,0.133565850684,502.0,248,122,0.8423644
1399,4702,0.484058581243,514.5,248,123,0.80198528
1400,4703,0.41590499356,500.0,249,123,0.79058248
1401,4704,0.262978859777,497.5,250,123,0.91495344
1402,4705,0.448235928275,514.0,252,122,0.86162392
1403,4706,0.211636409664,514.0,252,122,0.92663504
1404,4707,0.600883537486,511.5,252,119,0.90619936
1405,4708,0.516549715387,516.5,252,117,0.84165168
1406,4709,0.506201683676,507.0,252,116,0.99257072
1407,4710,0.510627798064,513.0,252,114,0.8699436
1408,4711,0.256008919092,512.5,252,114,0.93823384
1409,4712,0.306152975275,504.5,252,115,0.87473552
1410,4713,0.494793764631,522.5,252,115,0.88375632
1411,4714,0.622645403275,512.5,252,117,0.81995736
1412,4715,0.449081929003,513.0,253,117,0.8871636
1413,4716,0.637916876637,510.0,253,115,0.85695072
1414,4717,0.0162414221071,510.0,253,115,0.8042492
1415,4718,0.401954015761,504.5,253,114,0.86156224
1416,4719,0.246849760553,509.0,253,114,0.83788128
1417,4720,0.301012740736,514.5,253,114,0.8412292
1418,4721,0.283077892797,516.0,253,115,0.80513
1419,4722,0.040125489167,516.0,253,115,0.75461264
1420,4723,0.47302919305,523.0,254,115,0.870742
1421,4724,0.312989782483,525.5,254,115,0.79216168
1422,4725,0.326977889598,522.5,254,115,0.7991104
1423,4726,0.173774995501,522.5,254,115,0.85981824
1424,4727,0.331720409904,515.5,254,115,0.83362152
1425,4728,0.274270430974,522.0,254,115,0.77576608
1426,4729,0.428817850269,528.0,254,115,0.8421804
1427,4730,0.485975402294,512.5,254,116,0.80289168
1428,4731,0.525773045921,528.5,254,115,0.80034048
1429,4732,0.301558901238,528.0,254,115,0.79788656
1430,4733,0.191938833197,528.0,254,115,0.79661784
1431,4734,0.549748801794,513.5,255,116,0.8880244
1432,4735,0.383718105656,516.0,255,116,0.89943048
1433,4736,0.438826296358,515.5,255,116,0.8997192
1434,4737,0.461306131614,519.0,256,116,0.8605124
1435,4738,0.0736202640543,519.0,256,116,0.8622704
1436,4739,0.258173095687,522.5,256,115,0.8555228
1437,4740,0.506762814804,516.5,256,116,0.87574584
1438,4741,0.389702143695,517.5,256,116,0.87814816
1439,4742,0.408870933676,521.0,256,116,0.78718272
1440,4743,0.288954647152,515.5,256,116,0.95968896
1441,4744,0.313605934429,519.0,256,116,0.93918816
1442,4745,0.210654518568,518.0,256,116,0.86824048
1443,4746,0.455874092566,526.0,257,116,0.8135004
1444,4747,0.567113380959,527.5,257,116,0.87030296
1445,4748,0.344682795284,519.5,257,117,0.82498304
1446,4749,0.624722650097,514.0,257,117,0.98690168
1447,4750,0.410758282101,518.5,257,117,0.92558904
1448,4751,0.251882022423,520.5,257,117,1.01668312
1449,4752,0.228516738474,519.5,257,117,0.99969128
1450,4753,0.0886479585087,520.0,257,117,1.02913992
1451,4754,0.0736023745584,519.5,257,117,1.00340984
1452,4755,0.195499292066,519.5,257,117,0.99966104
1453,4756,0.393501887938,522.5,257,117,0.93863416
1454,4757,0.272080042892,525.0,257,117,0.9572032
1455,4758,0.282839719284,525.0,257,117,0.8901852
1456,4759,0.352151917681,520.5,257,117,0.9536556
1457,4760,0.592052933268,511.5,257,117,0.92238816
1458,4761,0.595237748219,528.0,257,116,0.97905136
1459,4762,0.417759349524,518.5,257,116,0.89038832
1460,4763,0.328791072195,519.0,256,116,1.0157464
1461,4764,0.610207803776,528.5,256,116,1.02959592
1462,4765,0.0788177808131,528.5,256,116,1.02330952
1463,4766,0.648652126438,514.5,257,117,1.07402832
1464,4767,0.462422661624,515.0,257,117,0.96303016
1465,4768,0.111397488857,515.0,257,117,0.82723088
1466,4769,0.561127500467,519.0,257,117,0.9565204
1467,4770,0.282351806926,517.0,257,117,0.7673204
1468,4771,0.691551176389,511.5,257,117,0.88027648
1469,4772,0.311224434034,511.5,257,117,0.80897664
1470,4773,0.554841427803,509.5,257,117,0.9182964
1471,4774,0.404518633096,508.5,257,117,0.90585496
1472,4775,0.578473029492,514.0,257,117,0.894236
1473,4776,0.246381659334,514.5,257,117,0.8277504
1474,4777,0.222196248807,515.5,257,117,0.96536488
1475,4778,0.295767199519,514.5,257,117,0.91020104
1476,4779,0.218027288026,514.5,257,117,0.994278
1477,4780,0.361875492976,514.5,257,117,1.02350328
1478,4781,0.40435098104,510.5,257,117,1.02507608
1479,4782,0.278715938384,511.5,257,117,1.06311008
1480,4783,0.221147113923,511.5,257,117,1.08327736
1481,4784,0.395277848493,510.5,256,117,1.0055976
1482,4785,0.4682806136,512.5,256,117,0.92442376
1483,4786,0.43014684386,517.5,256,117,1.00500984
1484,4787,0.443635889945,512.5,256,117,0.97387896
1485,4788,0.295033502702,512.5,256,117,0.97571744
1486,4789,0.574387659486,507.5,255,117,1.06511448
1487,4790,0.579148225338,501.5,255,117,1.01544136
1488,4791,0.254934800935,501.5,255,117,0.91803976
1489,4792,0.662298004594,502.5,254,117,0.92434384
1490,4793,0.492513108489,508.0,253,117,0.94976824
1491,4794,1.48453272023,485.0,253,116,0.77434696
1492,4795,0.134399728677,479.0,253,116,1.11218264
1493,4796,0.050927349321,479.0,253,116,0.76364432
1494,4797,0.155032914299,483.0,252,116,1.14755896
1495,4798,0.0719826810193,478.5,252,116,0.78591976
1496,4799,0.0,478.5,252,116,1.18386496
1497,4800,0.0570220188809,483.0,252,116,0.85301984
1498,4801,0.0,483.0,252,116,1.06512936
1499,4802,0.140273323302,496.0,252,116,0.73460736
