,name,emd,label
0,0001.png,17.336956024169922,0
1,0002.png,17.860252380371094,0
2,0003.png,17.381389617919922,0
3,0004.png,18.87517738342285,0
4,0005.png,18.907546997070312,0
5,0006.png,17.883859634399414,0
6,0007.png,18.927261352539062,0
7,0008.png,18.60181999206543,0
8,0009.png,18.592878341674805,0
9,0010.png,17.500568389892578,0
10,0011.png,19.451892852783203,0
11,0012.png,18.727771759033203,0
12,0013.png,20.039030075073242,0
13,0014.png,18.131790161132812,0
14,0015.png,19.32501220703125,0
15,0016.png,18.859464645385742,0
16,0017.png,20.113426208496094,0
17,0018.png,19.674898147583008,0
18,0019.png,20.348695755004883,0
19,0020.png,19.31574821472168,0
20,0021.png,17.943429946899414,0
21,0022.png,19.977781295776367,0
22,0023.png,19.577219009399414,0
23,0024.png,19.036457061767578,0
24,0025.png,18.834060668945312,0
25,0026.png,19.98834800720215,0
26,0027.png,19.148815155029297,0
27,0028.png,19.1606388092041,0
28,0029.png,19.43378257751465,0
29,0030.png,19.461956024169922,0
30,0031.png,18.727638244628906,0
31,0032.png,18.49244499206543,0
32,0033.png,18.7274112701416,0
33,0034.png,19.25609588623047,0
34,0035.png,19.34041976928711,0
35,0036.png,18.455278396606445,0
36,0037.png,18.511638641357422,0
37,0038.png,17.85505485534668,0
38,0039.png,18.930383682250977,0
39,0040.png,17.91152572631836,0
40,0041.png,19.364601135253906,0
41,0042.png,17.292709350585938,0
42,0043.png,19.233949661254883,0
43,0044.png,17.57488250732422,0
44,0045.png,19.632017135620117,0
45,0046.png,18.541183471679688,0
46,0047.png,19.222803115844727,0
47,0048.png,18.5723819732666,0
48,0049.png,18.928192138671875,0
49,0050.png,19.155147552490234,0
50,0051.png,18.53427505493164,0
51,0052.png,19.26766586303711,0
52,0053.png,17.761295318603516,0
53,0054.png,19.014389038085938,0
54,0055.png,18.519359588623047,0
55,0056.png,18.32492446899414,0
56,0057.png,18.306711196899414,0
57,0058.png,18.828500747680664,0
58,0059.png,18.861513137817383,0
59,0060.png,18.982994079589844,0
60,0061.png,19.10894012451172,0
61,0062.png,19.605712890625,0
62,0063.png,19.40198516845703,0
63,0064.png,17.697063446044922,0
64,0065.png,19.041418075561523,0
65,0066.png,19.35260581970215,0
66,0067.png,18.897809982299805,0
67,0068.png,17.427711486816406,0
68,0069.png,18.755447387695312,0
69,0070.png,18.60215187072754,0
70,0071.png,19.45199966430664,0
71,0072.png,17.816898345947266,0
72,0073.png,18.963069915771484,0
73,0074.png,18.418222427368164,0
74,0075.png,18.236963272094727,0
75,0076.png,17.58597183227539,0
76,0077.png,18.99353790283203,0
77,0078.png,17.35771369934082,0
78,0079.png,18.952072143554688,0
79,0080.png,17.93606948852539,0
80,0081.png,19.026533126831055,0
81,0082.png,17.26287269592285,0
82,0083.png,19.16233253479004,0
83,0084.png,17.3292179107666,0
84,0085.png,19.350439071655273,0
85,0086.png,18.102619171142578,0
86,0087.png,19.16960334777832,0
87,0088.png,18.4231014251709,0
88,0089.png,18.496564865112305,0
89,0090.png,18.750633239746094,0
90,0091.png,18.044414520263672,0
91,0092.png,19.10076904296875,0
92,0093.png,19.041412353515625,0
93,0094.png,19.06730079650879,0
94,0095.png,19.451919555664062,0
95,0096.png,19.863548278808594,0
96,0097.png,19.016071319580078,0
97,0098.png,19.389062881469727,0
98,0099.png,18.840606689453125,0
99,0100.png,18.870210647583008,0
100,0101.png,18.93120002746582,0
101,0102.png,19.021390914916992,0
102,0103.png,19.535381317138672,0
103,0104.png,18.337217330932617,0
104,0105.png,18.587406158447266,0
105,0106.png,17.282848358154297,0
106,0107.png,20.231834411621094,0
107,0108.png,17.718360900878906,0
108,0109.png,18.952959060668945,0
109,0110.png,18.277509689331055,0
110,0111.png,19.390684127807617,0
111,0112.png,18.396278381347656,0
112,0113.png,18.492177963256836,0
113,0114.png,18.666791915893555,0
114,0115.png,18.242210388183594,0
115,0116.png,15.984477996826172,0
116,0117.png,18.360836029052734,0
117,0118.png,16.92144775390625,0
118,0119.png,17.550172805786133,0
119,0120.png,16.92736053466797,0
120,0121.png,17.602705001831055,0
121,0122.png,17.109086990356445,0
122,0123.png,18.678091049194336,0
123,0124.png,17.57593536376953,0
124,0125.png,18.298192977905273,0
125,0126.png,17.636457443237305,0
126,0127.png,18.118804931640625,0
127,0128.png,17.626623153686523,0
128,0129.png,18.7902774810791,0
129,0130.png,18.422536849975586,0
130,0131.png,18.0030517578125,0
131,0132.png,17.956796646118164,0
132,0133.png,18.400671005249023,0
133,0134.png,18.075504302978516,0
134,0135.png,17.974563598632812,0
135,0136.png,17.794450759887695,0
136,0137.png,18.601957321166992,0
137,0138.png,19.11318016052246,0
138,0139.png,17.743772506713867,0
139,0140.png,18.025529861450195,0
140,0141.png,17.63617515563965,0
141,0142.png,18.311628341674805,0
142,0143.png,18.35607147216797,0
143,0144.png,17.71756935119629,0
144,0145.png,17.4365234375,0
145,0146.png,18.82668685913086,0
146,0147.png,18.353435516357422,0
147,0148.png,18.08499526977539,0
148,0149.png,18.033733367919922,0
149,0150.png,18.085134506225586,0
150,0151.png,17.52630043029785,0
151,0152.png,18.734739303588867,0
152,0153.png,18.0259952545166,0
153,0154.png,18.16196632385254,0
154,0155.png,17.201778411865234,0
155,0156.png,18.820554733276367,0
156,0157.png,18.626483917236328,0
157,0158.png,18.70343017578125,0
158,0159.png,17.056163787841797,0
159,0160.png,16.517208099365234,0
160,0161.png,17.268823623657227,0
161,0162.png,17.50042152404785,0
162,0163.png,17.945756912231445,0
163,0164.png,16.73508071899414,0
164,0165.png,17.966955184936523,0
165,0166.png,18.095111846923828,0
166,0167.png,17.38905143737793,0
167,0168.png,18.902921676635742,0
168,0169.png,17.3068790435791,0
169,0170.png,18.24176025390625,0
170,0171.png,17.727022171020508,0
171,0172.png,18.74315643310547,0
172,0173.png,17.79557991027832,0
173,0174.png,19.298416137695312,0
174,0175.png,17.115034103393555,0
175,0176.png,19.10375213623047,0
176,0177.png,17.632442474365234,0
177,0178.png,17.810787200927734,0
178,0179.png,18.4248046875,0
179,0180.png,18.66620445251465,0
180,0181.png,19.014062881469727,0
181,0182.png,18.880550384521484,0
182,0183.png,19.108070373535156,0
183,0184.png,18.941978454589844,0
184,0185.png,18.680429458618164,0
185,0186.png,17.47355842590332,0
186,0187.png,18.295167922973633,0
187,0188.png,17.09364891052246,0
188,0189.png,18.613327026367188,0
189,0190.png,19.165510177612305,0
190,0191.png,19.25533103942871,0
191,0192.png,18.375001907348633,0
192,0193.png,18.82386589050293,0
193,0194.png,18.305601119995117,0
194,0195.png,19.066951751708984,0
195,0196.png,19.812021255493164,0
196,0197.png,18.701635360717773,0
197,0198.png,19.693431854248047,0
198,0199.png,19.541702270507812,0
199,0200.png,19.079936981201172,0
200,0201.png,19.623672485351562,0
201,0202.png,18.736204147338867,0
202,0203.png,19.22686004638672,0
203,0204.png,19.742141723632812,0
204,0205.png,20.322174072265625,0
205,0206.png,18.793527603149414,0
206,0207.png,20.86180305480957,0
207,0208.png,16.8499813079834,0
208,0209.png,19.943227767944336,0
209,0210.png,18.42989158630371,0
210,0211.png,19.711406707763672,0
211,0212.png,18.719778060913086,0
212,0213.png,19.24544906616211,0
213,0214.png,19.40460205078125,0
214,0215.png,19.465072631835938,0
215,0216.png,18.952383041381836,0
216,0217.png,19.544570922851562,0
217,0218.png,18.834320068359375,0
218,0219.png,19.068342208862305,0
219,0220.png,18.53848648071289,0
220,0221.png,19.184619903564453,0
221,0222.png,18.329729080200195,0
222,0223.png,18.637615203857422,0
223,0224.png,19.049091339111328,0
224,0225.png,19.573867797851562,0
225,0226.png,20.21523094177246,0
226,0227.png,19.292617797851562,0
227,0228.png,19.189401626586914,0
228,0229.png,19.052392959594727,0
229,0230.png,16.645709991455078,0
230,0231.png,18.214948654174805,0
231,0232.png,18.62762451171875,0
232,0233.png,18.48888397216797,0
233,0234.png,18.5208797454834,0
234,0235.png,18.055858612060547,0
235,0236.png,19.084590911865234,0
236,0237.png,19.324819564819336,0
237,0238.png,18.70098876953125,0
238,0239.png,17.926992416381836,0
239,0240.png,19.80120849609375,0
240,0241.png,20.33609390258789,0
241,0242.png,18.484745025634766,0
242,0243.png,19.553306579589844,0
243,0244.png,18.36191177368164,0
244,0245.png,18.843286514282227,0
245,0246.png,18.32097816467285,0
246,0247.png,18.756074905395508,0
247,0248.png,19.64669418334961,0
248,0249.png,19.966201782226562,0
249,0250.png,18.939916610717773,0
250,0251.png,18.814430236816406,0
251,0252.png,20.14223289489746,0
252,0253.png,17.96851348876953,0
253,0254.png,20.077112197875977,0
254,0255.png,19.87926483154297,0
255,0256.png,19.805400848388672,0
256,0257.png,19.030765533447266,0
257,0258.png,19.458831787109375,0
258,0259.png,20.147708892822266,0
259,0260.png,21.175512313842773,0
260,0261.png,19.5429630279541,0
261,0262.png,19.43402862548828,0
262,0263.png,20.052295684814453,0
263,0264.png,19.02456283569336,0
264,0265.png,18.570941925048828,0
265,0266.png,19.6203556060791,0
266,0267.png,19.363815307617188,0
267,0268.png,18.252710342407227,0
268,0269.png,19.073081970214844,0
269,0270.png,18.801197052001953,0
270,0271.png,20.508684158325195,0
271,0272.png,19.43712043762207,0
272,0273.png,20.057310104370117,0
273,0274.png,17.841978073120117,0
274,0275.png,19.657575607299805,0
275,0276.png,19.18467903137207,0
276,0277.png,19.46735954284668,0
277,0278.png,17.935333251953125,0
278,0279.png,18.519134521484375,0
279,0280.png,17.89141845703125,0
280,0281.png,19.026609420776367,0
281,0282.png,18.65313720703125,0
282,0283.png,18.71965980529785,0
283,0284.png,18.163515090942383,1
284,0285.png,18.356128692626953,1
285,0286.png,18.061838150024414,1
286,0287.png,19.033199310302734,1
287,0288.png,17.75719451904297,1
288,0289.png,16.763408660888672,1
289,0290.png,15.838988304138184,1
290,0291.png,12.277710914611816,0
291,0292.png,12.114709854125977,0
292,0293.png,10.265897750854492,0
293,0294.png,11.168315887451172,0
294,0295.png,10.910941123962402,0
295,0296.png,11.315135955810547,0
296,0297.png,10.034056663513184,0
297,0298.png,11.220873832702637,0
298,0299.png,10.33555793762207,0
299,0300.png,11.781103134155273,0
300,0301.png,10.660545349121094,0
301,0302.png,11.875944137573242,0
302,0303.png,10.303587913513184,0
303,0304.png,12.306511878967285,0
304,0305.png,11.17231273651123,0
305,0306.png,11.326021194458008,0
306,0307.png,10.953580856323242,0
307,0308.png,11.805549621582031,0
308,0309.png,11.468619346618652,0
309,0310.png,11.145740509033203,0
310,0311.png,11.213353157043457,0
311,0312.png,11.280118942260742,0
312,0313.png,11.026869773864746,0
313,0314.png,10.870877265930176,0
314,0315.png,10.3836030960083,0
315,0316.png,10.991201400756836,0
316,0317.png,10.865222930908203,0
317,0318.png,10.657803535461426,0
318,0319.png,10.548094749450684,0
319,0320.png,9.877853393554688,0
320,0321.png,10.734907150268555,0
321,0322.png,10.172755241394043,0
322,0323.png,10.853862762451172,0
323,0324.png,10.041015625,0
324,0325.png,10.972254753112793,0
325,0326.png,7.621938705444336,0
326,0327.png,7.1548991203308105,0
327,0328.png,7.159976005554199,0
328,0329.png,7.482753276824951,0
329,0330.png,7.757187366485596,0
330,0331.png,7.584970474243164,0
331,0332.png,7.959218978881836,0
332,0333.png,7.805344104766846,0
333,0334.png,7.643604755401611,0
334,0335.png,7.608171463012695,0
335,0336.png,7.127484321594238,0
336,0337.png,8.043583869934082,0
337,0338.png,6.969569683074951,0
338,0339.png,8.010835647583008,0
339,0340.png,6.793551445007324,0
340,0341.png,8.715445518493652,0
341,0342.png,6.957402229309082,0
342,0343.png,8.421147346496582,0
343,0344.png,7.330507755279541,0
344,0345.png,7.9841742515563965,0
345,0346.png,7.187031269073486,0
346,0347.png,7.520974636077881,0
347,0348.png,7.543069839477539,0
348,0349.png,8.25823974609375,0
349,0350.png,7.910536766052246,0
350,0351.png,7.433359146118164,0
351,0352.png,7.846645832061768,0
352,0353.png,7.344217777252197,0
353,0354.png,7.316023349761963,0
354,0355.png,8.2738037109375,0
355,0356.png,7.274008750915527,0
356,0357.png,7.716733455657959,0
357,0358.png,7.610080718994141,0
358,0359.png,7.985916614532471,0
359,0360.png,7.544003009796143,0
360,0361.png,8.265209197998047,0
361,0362.png,7.416501045227051,0
362,0363.png,7.892033100128174,0
363,0364.png,7.417958736419678,0
364,0365.png,7.921266078948975,0
365,0366.png,7.138618469238281,0
366,0367.png,7.708096981048584,0
367,0368.png,7.027997016906738,0
368,0369.png,8.701761245727539,0
369,0370.png,7.12017297744751,0
370,0371.png,8.682939529418945,0
371,0372.png,7.1327900886535645,0
372,0373.png,8.268843650817871,0
373,0374.png,7.238160133361816,0
374,0375.png,8.362630844116211,0
375,0376.png,7.849283695220947,0
376,0377.png,8.496511459350586,0
377,0378.png,7.867466449737549,0
378,0379.png,8.441003799438477,0
379,0380.png,8.641154289245605,0
380,0381.png,8.823610305786133,0
381,0382.png,8.132946014404297,0
382,0383.png,9.071016311645508,0
383,0384.png,8.463447570800781,0
384,0385.png,9.070425033569336,0
385,0386.png,8.214034080505371,0
386,0387.png,9.153512001037598,0
387,0388.png,7.921395778656006,0
388,0389.png,9.719799995422363,0
389,0390.png,8.257245063781738,0
390,0391.png,9.488630294799805,0
391,0392.png,8.838737487792969,0
392,0393.png,9.569940567016602,0
393,0394.png,8.637543678283691,0
394,0395.png,9.983656883239746,0
395,0396.png,7.896267414093018,0
396,0397.png,9.566484451293945,0
397,0398.png,8.755733489990234,0
398,0399.png,9.144094467163086,0
399,0400.png,9.287816047668457,0
400,0401.png,9.388104438781738,0
401,0402.png,9.459569931030273,0
402,0403.png,9.4670991897583,0
403,0404.png,9.04161548614502,0
404,0405.png,8.833080291748047,0
405,0406.png,8.39531421661377,0
406,0407.png,8.341914176940918,0
407,0408.png,8.740089416503906,0
408,0409.png,8.330403327941895,0
409,0410.png,8.997652053833008,0
410,0411.png,8.482502937316895,0
411,0412.png,8.669208526611328,0
412,0413.png,8.179694175720215,0
413,0414.png,9.459356307983398,0
414,0415.png,8.999666213989258,0
415,0416.png,8.755566596984863,0
416,0417.png,8.391608238220215,0
417,0418.png,8.354887008666992,0
418,0419.png,8.714815139770508,0
419,0420.png,8.330300331115723,0
420,0421.png,8.501022338867188,0
421,0422.png,8.618874549865723,0
422,0423.png,8.430708885192871,0
423,0424.png,9.362488746643066,0
424,0425.png,8.891778945922852,0
425,0426.png,9.305814743041992,0
426,0427.png,9.04542064666748,0
427,0428.png,8.410860061645508,0
428,0429.png,8.060806274414062,0
429,0430.png,9.335339546203613,0
430,0431.png,8.638688087463379,0
431,0432.png,8.836275100708008,0
432,0433.png,8.700368881225586,0
433,0434.png,8.961959838867188,0
434,0435.png,9.68673324584961,0
435,0436.png,8.966668128967285,0
436,0437.png,9.182868003845215,0
437,0438.png,8.434483528137207,0
438,0439.png,9.192445755004883,0
439,0440.png,8.726309776306152,0
440,0441.png,8.906673431396484,0
441,0442.png,8.71642017364502,0
442,0443.png,10.08440113067627,0
443,0444.png,8.964395523071289,0
444,0445.png,9.632967948913574,0
445,0446.png,9.124702453613281,0
446,0447.png,9.477027893066406,0
447,0448.png,8.660387992858887,0
448,0449.png,9.231461524963379,0
449,0450.png,8.880481719970703,0
450,0451.png,8.384366035461426,0
451,0452.png,8.678699493408203,0
452,0453.png,8.734466552734375,0
453,0454.png,8.801408767700195,0
454,0455.png,8.88753604888916,0
455,0456.png,8.867430686950684,0
456,0457.png,9.115135192871094,0
457,0458.png,9.057235717773438,0
458,0459.png,10.17813777923584,0
459,0460.png,8.273651123046875,0
460,0461.png,8.742488861083984,0
461,0462.png,8.953454971313477,0
462,0463.png,8.72468090057373,0
463,0464.png,8.647828102111816,0
464,0465.png,8.83266830444336,0
465,0466.png,8.618521690368652,0
466,0467.png,9.126161575317383,0
467,0468.png,8.136432647705078,0
468,0469.png,9.461647033691406,0
469,0470.png,8.888100624084473,0
470,0471.png,9.038646697998047,0
471,0472.png,8.039203643798828,0
472,0473.png,9.91326904296875,0
473,0474.png,7.654923915863037,0
474,0475.png,10.098695755004883,0
475,0476.png,8.282249450683594,0
476,0477.png,9.870307922363281,0
477,0478.png,9.897308349609375,0
478,0479.png,11.864190101623535,0
479,0480.png,10.23143196105957,0
480,0481.png,9.988723754882812,0
481,0482.png,10.245884895324707,0
482,0483.png,10.510153770446777,0
483,0484.png,10.575472831726074,0
484,0485.png,11.529293060302734,0
485,0486.png,9.46767807006836,0
486,0487.png,9.539554595947266,0
487,0488.png,10.209640502929688,0
488,0489.png,10.49279499053955,0
489,0490.png,10.220354080200195,0
490,0491.png,10.605380058288574,0
491,0492.png,10.864557266235352,0
492,0493.png,9.848114967346191,0
493,0494.png,9.756014823913574,0
494,0495.png,11.068355560302734,0
495,0496.png,9.750431060791016,0
496,0497.png,10.04640007019043,0
497,0498.png,10.027948379516602,0
498,0499.png,10.91270637512207,0
499,0500.png,10.23327922821045,0
500,0501.png,9.426079750061035,0
501,0502.png,10.342114448547363,0
502,0503.png,10.239997863769531,0
503,0504.png,9.510680198669434,0
504,0505.png,8.497824668884277,0
505,0506.png,10.3543062210083,0
506,0507.png,9.66240119934082,0
507,0508.png,10.022692680358887,0
508,0509.png,9.427194595336914,0
509,0510.png,11.26203727722168,0
510,0511.png,10.528587341308594,0
511,0512.png,10.434222221374512,0
512,0513.png,10.439759254455566,0
513,0514.png,10.55461311340332,0
514,0515.png,9.85628604888916,0
515,0516.png,9.58858585357666,0
516,0517.png,10.529358863830566,0
517,0518.png,9.447111129760742,0
518,0519.png,9.383153915405273,0
519,0520.png,9.64614486694336,0
520,0521.png,9.989952087402344,0
521,0522.png,10.681084632873535,0
522,0523.png,9.168935775756836,0
523,0524.png,9.958720207214355,0
524,0525.png,8.9776029586792,0
525,0526.png,9.688891410827637,0
526,0527.png,7.688634872436523,0
527,0528.png,10.14945125579834,0
528,0529.png,7.813876152038574,0
529,0530.png,9.714187622070312,0
530,0531.png,7.635740756988525,0
531,0532.png,8.727782249450684,0
532,0533.png,8.375,0
533,0534.png,9.345815658569336,0
534,0535.png,8.055845260620117,0
535,0536.png,8.450970649719238,0
536,0537.png,8.286197662353516,0
537,0538.png,8.186195373535156,0
538,0539.png,8.702166557312012,0
539,0540.png,8.560468673706055,0
540,0541.png,7.648512363433838,0
541,0542.png,7.431805610656738,0
542,0543.png,8.1895751953125,0
543,0544.png,7.682825088500977,0
544,0545.png,8.11166000366211,0
545,0546.png,8.174405097961426,0
546,0547.png,7.9429802894592285,0
547,0548.png,6.895893573760986,0
548,0549.png,7.055960655212402,0
549,0550.png,7.8715338706970215,0
550,0551.png,7.157052516937256,0
551,0552.png,7.3743791580200195,0
552,0553.png,6.7837324142456055,0
553,0554.png,7.659890174865723,0
554,0555.png,7.190610408782959,0
555,0556.png,7.571347713470459,0
556,0557.png,7.373955726623535,0
557,0558.png,8.059934616088867,0
558,0559.png,7.86771821975708,0
559,0560.png,7.746135234832764,0
560,0561.png,7.978201866149902,0
561,0562.png,7.608204364776611,0
562,0563.png,7.8398356437683105,0
563,0564.png,6.832548141479492,0
564,0565.png,7.2194671630859375,0
565,0566.png,8.00272274017334,0
566,0567.png,7.451024055480957,0
567,0568.png,8.440376281738281,0
568,0569.png,8.102960586547852,0
569,0570.png,8.291911125183105,0
570,0571.png,7.965427875518799,0
571,0572.png,9.678936004638672,0
572,0573.png,7.9514899253845215,0
573,0574.png,8.520245552062988,0
574,0575.png,8.086915969848633,0
575,0576.png,9.160246849060059,0
576,0577.png,8.421656608581543,0
577,0578.png,8.63708209991455,0
578,0579.png,8.272069931030273,0
579,0580.png,8.525104522705078,0
580,0581.png,8.461960792541504,0
581,0582.png,8.392436981201172,0
582,0583.png,8.394704818725586,0
583,0584.png,9.158519744873047,0
584,0585.png,7.906369686126709,0
585,0586.png,8.356241226196289,0
586,0587.png,7.9953789710998535,0
587,0588.png,7.677532196044922,0
588,0589.png,7.92612361907959,0
589,0590.png,8.563687324523926,0
590,0591.png,8.699803352355957,0
591,0592.png,8.642851829528809,0
592,0593.png,8.821271896362305,0
593,0594.png,9.062357902526855,0
594,0595.png,8.724141120910645,0
595,0596.png,8.491704940795898,0
596,0597.png,8.099374771118164,0
597,0598.png,8.743571281433105,0
598,0599.png,8.582174301147461,0
599,0600.png,9.143126487731934,0
600,0601.png,9.047568321228027,0
601,0602.png,9.985391616821289,0
602,0603.png,8.64970874786377,0
603,0604.png,9.267102241516113,0
604,0605.png,8.276114463806152,0
605,0606.png,9.549480438232422,0
606,0607.png,8.299562454223633,0
607,0608.png,8.55219841003418,0
608,0609.png,8.669659614562988,0
609,0610.png,8.306721687316895,0
610,0611.png,8.825645446777344,0
611,0612.png,8.903407096862793,0
612,0613.png,9.189635276794434,0
613,0614.png,8.723946571350098,0
614,0615.png,9.577316284179688,0
615,0616.png,8.406844139099121,0
616,0617.png,9.953378677368164,0
617,0618.png,8.338505744934082,0
618,0619.png,10.053237915039062,0
619,0620.png,8.562735557556152,0
620,0621.png,10.438639640808105,0
621,0622.png,9.042801856994629,0
622,0623.png,9.129355430603027,0
623,0624.png,9.948259353637695,0
624,0625.png,9.21409797668457,0
625,0626.png,9.86872673034668,0
626,0627.png,7.171562194824219,0
627,0628.png,9.81970500946045,0
628,0629.png,7.616525173187256,0
629,0630.png,8.857519149780273,0
630,0631.png,6.912083148956299,0
631,0632.png,8.311300277709961,0
632,0633.png,8.45484447479248,0
633,0634.png,8.457840919494629,0
634,0635.png,7.260125160217285,0
635,0636.png,8.353133201599121,0
636,0637.png,7.865609645843506,0
637,0638.png,7.877730846405029,0
638,0639.png,8.19235610961914,0
639,0640.png,8.422304153442383,0
640,0641.png,7.880438327789307,0
641,0642.png,7.8408002853393555,0
642,0643.png,7.268561840057373,0
643,0644.png,7.9716057777404785,0
644,0645.png,7.968169689178467,0
645,0646.png,8.265262603759766,0
646,0647.png,8.427253723144531,0
647,0648.png,7.503360271453857,0
648,0649.png,8.122345924377441,0
649,0650.png,8.294106483459473,0
650,0651.png,7.8640265464782715,0
651,0652.png,7.4417338371276855,0
652,0653.png,8.277042388916016,0
653,0654.png,8.22381591796875,0
654,0655.png,8.89334774017334,0
655,0656.png,9.260611534118652,0
656,0657.png,9.050359725952148,0
657,0658.png,8.370285987854004,0
658,0659.png,7.695657730102539,0
659,0660.png,8.96195125579834,0
660,0661.png,8.62739086151123,0
661,0662.png,8.331971168518066,0
662,0663.png,7.946049213409424,0
663,0664.png,7.573300361633301,0
664,0665.png,9.132341384887695,0
665,0666.png,7.8007917404174805,0
666,0667.png,8.114612579345703,0
667,0668.png,7.590025424957275,0
668,0669.png,7.2984161376953125,0
669,0670.png,7.488190174102783,0
670,0671.png,7.4728169441223145,0
671,0672.png,7.872724533081055,0
672,0673.png,7.912289142608643,0
673,0674.png,7.24869966506958,0
674,0675.png,8.239892959594727,0
675,0676.png,6.486246109008789,0
676,0677.png,8.398860931396484,0
677,0678.png,7.624276638031006,0
678,0679.png,8.4718656539917,0
679,0680.png,7.3448615074157715,0
680,0681.png,6.97258996963501,0
681,0682.png,8.065457344055176,0
682,0683.png,7.997314929962158,0
683,0684.png,6.9259514808654785,0
684,0685.png,6.889604091644287,0
685,0686.png,7.448184013366699,0
686,0687.png,6.831622123718262,0
687,0688.png,6.893478870391846,0
688,0689.png,7.227294445037842,0
689,0690.png,8.183320045471191,0
690,0691.png,7.01840353012085,0
691,0692.png,6.66428279876709,0
692,0693.png,6.496965408325195,0
693,0694.png,8.123003959655762,0
694,0695.png,6.918417930603027,0
695,0696.png,6.290504455566406,0
696,0697.png,6.340714454650879,0
697,0698.png,7.567816734313965,0
698,0699.png,6.917047023773193,0
699,0700.png,6.600818157196045,0
700,0701.png,6.609249591827393,0
701,0702.png,7.927464962005615,0
702,0703.png,6.445400714874268,0
703,0704.png,6.8441290855407715,0
704,0705.png,6.793700695037842,0
705,0706.png,8.010345458984375,0
706,0707.png,7.042479038238525,0
707,0708.png,6.570413112640381,0
708,0709.png,7.084708213806152,0
709,0710.png,6.805315017700195,0
710,0711.png,7.052656173706055,0
711,0712.png,6.1549201011657715,0
712,0713.png,7.981227874755859,1
713,0714.png,6.995121002197266,1
714,0715.png,7.453850746154785,1
715,0716.png,6.8013834953308105,1
716,0717.png,7.009860038757324,1
717,0718.png,6.672135829925537,1
718,0719.png,7.042972087860107,1
719,0720.png,11.109189987182617,0
720,0721.png,10.282343864440918,0
721,0722.png,10.818220138549805,0
722,0723.png,11.611563682556152,0
723,0724.png,12.098275184631348,0
724,0725.png,9.40851879119873,0
725,0726.png,11.882597923278809,0
726,0727.png,8.820509910583496,0
727,0728.png,11.661062240600586,0
728,0729.png,9.194472312927246,0
729,0730.png,9.685171127319336,0
730,0731.png,9.529999732971191,0
731,0732.png,8.733743667602539,0
732,0733.png,9.893651962280273,0
733,0734.png,9.378146171569824,0
734,0735.png,10.210336685180664,0
735,0736.png,9.73328971862793,0
736,0737.png,9.809804916381836,0
737,0738.png,8.797139167785645,0
738,0739.png,9.364522933959961,0
739,0740.png,8.790481567382812,0
740,0741.png,8.819164276123047,0
741,0742.png,8.963059425354004,0
742,0743.png,8.88278579711914,0
743,0744.png,9.719416618347168,0
744,0745.png,8.972718238830566,0
745,0746.png,9.172049522399902,0
746,0747.png,8.76261043548584,0
747,0748.png,9.321053504943848,0
748,0749.png,9.3881254196167,0
749,0750.png,9.501327514648438,0
750,0751.png,12.147778511047363,0
751,0752.png,12.336307525634766,0
752,0753.png,12.619877815246582,0
753,0754.png,12.80703353881836,0
754,0755.png,12.640340805053711,0
755,0756.png,12.581343650817871,0
756,0757.png,12.905856132507324,0
757,0758.png,12.729736328125,0
758,0759.png,13.110767364501953,0
759,0760.png,12.668557167053223,0
760,0761.png,13.133109092712402,0
761,0762.png,12.198765754699707,0
762,0763.png,12.769902229309082,0
763,0764.png,12.225316047668457,0
764,0765.png,13.198983192443848,0
765,0766.png,13.627559661865234,0
766,0767.png,13.284844398498535,0
767,0768.png,14.017489433288574,0
768,0769.png,13.574151039123535,0
769,0770.png,13.980786323547363,0
770,0771.png,13.208827018737793,0
771,0772.png,13.404560089111328,0
772,0773.png,13.525897026062012,0
773,0774.png,13.329706192016602,0
774,0775.png,13.34285831451416,0
775,0776.png,12.837118148803711,0
776,0777.png,14.003960609436035,0
777,0778.png,12.781035423278809,0
778,0779.png,13.373740196228027,0
779,0780.png,13.11236572265625,0
780,0781.png,13.384085655212402,0
781,0782.png,12.745664596557617,0
782,0783.png,13.351155281066895,0
783,0784.png,12.766046524047852,0
784,0785.png,12.467828750610352,0
785,0786.png,12.275748252868652,0
786,0787.png,13.090933799743652,0
787,0788.png,13.3317289352417,0
788,0789.png,12.986227989196777,0
789,0790.png,12.687661170959473,0
790,0791.png,12.854951858520508,0
791,0792.png,12.884344100952148,0
792,0793.png,13.130085945129395,0
793,0794.png,12.717720985412598,0
794,0795.png,12.764917373657227,0
795,0796.png,12.613786697387695,0
796,0797.png,13.313461303710938,0
797,0798.png,13.00649642944336,0
798,0799.png,13.3374662399292,0
799,0800.png,13.140792846679688,0
800,0801.png,12.423990249633789,0
801,0802.png,13.449861526489258,0
802,0803.png,12.852116584777832,0
803,0804.png,13.287675857543945,0
804,0805.png,12.556646347045898,0
805,0806.png,13.354355812072754,0
806,0807.png,12.000467300415039,0
807,0808.png,13.154657363891602,0
808,0809.png,12.453575134277344,0
809,0810.png,13.503506660461426,0
810,0811.png,13.472679138183594,0
811,0812.png,13.499141693115234,0
812,0813.png,13.09579849243164,0
813,0814.png,13.860382080078125,0
814,0815.png,12.558600425720215,0
815,0816.png,13.022811889648438,0
816,0817.png,12.279816627502441,0
817,0818.png,12.95113754272461,0
818,0819.png,12.00854206085205,0
819,0820.png,13.216535568237305,0
820,0821.png,12.868348121643066,0
821,0822.png,14.0797119140625,0
822,0823.png,12.28498649597168,0
823,0824.png,13.780645370483398,0
824,0825.png,12.171731948852539,0
825,0826.png,12.920501708984375,0
826,0827.png,12.325881958007812,0
827,0828.png,13.208355903625488,0
828,0829.png,12.251521110534668,0
829,0830.png,13.137760162353516,0
830,0831.png,12.277131080627441,0
831,0832.png,13.452303886413574,0
832,0833.png,13.172348976135254,0
833,0834.png,12.626066207885742,0
834,0835.png,13.09600830078125,0
835,0836.png,12.906381607055664,0
836,0837.png,12.320664405822754,0
837,0838.png,12.572922706604004,0
838,0839.png,12.795001983642578,0
839,0840.png,12.866124153137207,0
840,0841.png,12.954002380371094,0
841,0842.png,12.45327377319336,0
842,0843.png,12.484376907348633,0
843,0844.png,13.68590259552002,0
844,0845.png,12.822954177856445,0
845,0846.png,13.396050453186035,0
846,0847.png,13.0219087600708,0
847,0848.png,12.037398338317871,0
848,0849.png,12.944287300109863,0
849,0850.png,12.34465217590332,0
850,0851.png,12.56679630279541,0
851,0852.png,11.502260208129883,0
852,0853.png,11.993803024291992,0
853,0854.png,12.740410804748535,0
854,0855.png,12.559355735778809,0
855,0856.png,12.653159141540527,0
856,0857.png,12.60391616821289,0
857,0858.png,12.50413703918457,0
858,0859.png,12.151944160461426,0
859,0860.png,12.15985107421875,0
860,0861.png,11.564021110534668,0
861,0862.png,12.287201881408691,0
862,0863.png,11.105684280395508,0
863,0864.png,12.81237506866455,0
864,0865.png,12.226175308227539,0
865,0866.png,12.911553382873535,0
866,0867.png,11.93739128112793,0
867,0868.png,12.520854949951172,0
868,0869.png,12.15322494506836,0
869,0870.png,11.924256324768066,0
870,0871.png,12.286599159240723,0
871,0872.png,12.368829727172852,0
872,0873.png,12.2229585647583,0
873,0874.png,11.861976623535156,0
874,0875.png,12.575543403625488,0
875,0876.png,12.761707305908203,0
876,0877.png,13.114816665649414,0
877,0878.png,12.125855445861816,0
878,0879.png,13.08617115020752,0
879,0880.png,13.266319274902344,0
880,0881.png,12.38330364227295,0
881,0882.png,12.532594680786133,0
882,0883.png,12.272400856018066,0
883,0884.png,11.983535766601562,0
884,0885.png,11.75888729095459,0
885,0886.png,11.923605918884277,0
886,0887.png,12.535741806030273,0
887,0888.png,12.229072570800781,0
888,0889.png,12.529343605041504,0
889,0890.png,12.35549259185791,0
890,0891.png,13.960668563842773,0
891,0892.png,12.372210502624512,0
892,0893.png,12.032352447509766,0
893,0894.png,12.128585815429688,0
894,0895.png,12.76353931427002,0
895,0896.png,12.138047218322754,0
896,0897.png,12.395160675048828,0
897,0898.png,12.036894798278809,0
898,0899.png,12.844141006469727,0
899,0900.png,11.987197875976562,0
900,0901.png,12.410236358642578,0
901,0902.png,12.195390701293945,0
902,0903.png,12.494840621948242,0
903,0904.png,11.8634033203125,0
904,0905.png,12.075955390930176,0
905,0906.png,12.198038101196289,0
906,0907.png,11.960471153259277,0
907,0908.png,12.086324691772461,0
908,0909.png,11.73501968383789,0
909,0910.png,12.305556297302246,0
910,0911.png,12.349602699279785,0
911,0912.png,12.38947868347168,0
912,0913.png,12.309486389160156,0
913,0914.png,13.136930465698242,0
914,0915.png,11.791909217834473,0
915,0916.png,13.042875289916992,0
916,0917.png,12.314306259155273,0
917,0918.png,12.343954086303711,0
918,0919.png,11.733311653137207,0
919,0920.png,12.406194686889648,0
920,0921.png,12.552506446838379,0
921,0922.png,12.667141914367676,0
922,0923.png,12.423107147216797,0
923,0924.png,12.676583290100098,0
924,0925.png,12.697137832641602,0
925,0926.png,12.384481430053711,0
926,0927.png,12.368728637695312,0
927,0928.png,12.504347801208496,0
928,0929.png,12.295750617980957,0
929,0930.png,11.584986686706543,0
930,0931.png,12.261054039001465,0
931,0932.png,13.045105934143066,0
932,0933.png,12.915631294250488,0
933,0934.png,12.610005378723145,0
934,0935.png,12.615435600280762,0
935,0936.png,12.92058277130127,0
936,0937.png,12.409695625305176,0
937,0938.png,12.392784118652344,0
938,0939.png,12.076119422912598,0
939,0940.png,11.932272911071777,0
940,0941.png,12.036849021911621,0
941,0942.png,12.091763496398926,0
942,0943.png,12.472919464111328,0
943,0944.png,12.518701553344727,0
944,0945.png,12.5659818649292,0
945,0946.png,12.524312019348145,0
946,0947.png,12.28194522857666,0
947,0948.png,11.935418128967285,0
948,0949.png,12.767565727233887,0
949,0950.png,12.279265403747559,0
950,0951.png,12.847429275512695,0
951,0952.png,12.587504386901855,0
952,0953.png,12.866410255432129,0
953,0954.png,13.065764427185059,0
954,0955.png,13.220373153686523,0
955,0956.png,12.71212387084961,0
956,0957.png,13.7529935836792,0
957,0958.png,12.855520248413086,0
958,0959.png,12.125205993652344,0
959,0960.png,12.278189659118652,0
960,0961.png,12.527481079101562,0
961,0962.png,12.245305061340332,0
962,0963.png,12.575594902038574,0
963,0964.png,12.141716957092285,0
964,0965.png,13.075518608093262,0
965,0966.png,12.54095458984375,0
966,0967.png,13.324237823486328,0
967,0968.png,12.526869773864746,0
968,0969.png,13.358298301696777,0
969,0970.png,12.247634887695312,0
970,0971.png,12.586029052734375,0
971,0972.png,11.998571395874023,0
972,0973.png,12.606425285339355,0
973,0974.png,11.8065767288208,0
974,0975.png,12.177271842956543,0
975,0976.png,12.49659538269043,0
976,0977.png,12.958538055419922,0
977,0978.png,12.387789726257324,0
978,0979.png,12.626821517944336,0
979,0980.png,12.629833221435547,0
980,0981.png,12.495136260986328,0
981,0982.png,12.5046968460083,0
982,0983.png,12.296548843383789,0
983,0984.png,12.523825645446777,0
984,0985.png,12.39271354675293,0
985,0986.png,12.363512992858887,0
986,0987.png,12.452611923217773,0
987,0988.png,12.688102722167969,0
988,0989.png,12.475716590881348,0
989,0990.png,12.236405372619629,0
990,0991.png,12.262774467468262,0
991,0992.png,12.245742797851562,0
992,0993.png,12.304739952087402,0
993,0994.png,12.275304794311523,0
994,0995.png,11.81325912475586,0
995,0996.png,12.316740036010742,0
996,0997.png,12.228450775146484,0
997,0998.png,12.740859985351562,0
998,0999.png,12.851558685302734,0
999,1000.png,12.580220222473145,0
1000,1001.png,12.740337371826172,0
1001,1002.png,13.15471076965332,0
1002,1003.png,12.872238159179688,0
1003,1004.png,12.84451961517334,0
1004,1005.png,12.492145538330078,0
1005,1006.png,13.079508781433105,0
1006,1007.png,12.500835418701172,0
1007,1008.png,12.437989234924316,0
1008,1009.png,12.851820945739746,0
1009,1010.png,13.66917610168457,0
1010,1011.png,13.250082015991211,0
1011,1012.png,12.435803413391113,0
1012,1013.png,13.438613891601562,0
1013,1014.png,13.275818824768066,0
1014,1015.png,12.711420059204102,0
1015,1016.png,13.061527252197266,0
1016,1017.png,13.241432189941406,0
1017,1018.png,11.882298469543457,0
1018,1019.png,13.012120246887207,0
1019,1020.png,12.338373184204102,0
1020,1021.png,13.62408447265625,0
1021,1022.png,13.009081840515137,0
1022,1023.png,12.51680850982666,0
1023,1024.png,12.705370903015137,0
1024,1025.png,13.356271743774414,0
1025,1026.png,12.16833782196045,0
1026,1027.png,12.554752349853516,0
1027,1028.png,11.999175071716309,0
1028,1029.png,12.465251922607422,0
1029,1030.png,12.875703811645508,0
1030,1031.png,12.329997062683105,0
1031,1032.png,12.685490608215332,0
1032,1033.png,12.377155303955078,0
1033,1034.png,11.83018970489502,0
1034,1035.png,12.18343734741211,0
1035,1036.png,12.246718406677246,0
1036,1037.png,12.273024559020996,0
1037,1038.png,12.429041862487793,0
1038,1039.png,12.257943153381348,0
1039,1040.png,12.404687881469727,0
1040,1041.png,12.085428237915039,0
1041,1042.png,12.821270942687988,0
1042,1043.png,12.618871688842773,0
1043,1044.png,12.650452613830566,0
1044,1045.png,12.117198944091797,0
1045,1046.png,12.686248779296875,0
1046,1047.png,13.313295364379883,0
1047,1048.png,12.091574668884277,0
1048,1049.png,12.827241897583008,0
1049,1050.png,12.419862747192383,0
1050,1051.png,11.815564155578613,0
1051,1052.png,12.06523323059082,0
1052,1053.png,11.90982437133789,0
1053,1054.png,11.790952682495117,0
1054,1055.png,12.519654273986816,0
1055,1056.png,11.744009971618652,0
1056,1057.png,12.607879638671875,0
1057,1058.png,11.761696815490723,0
1058,1059.png,11.50515079498291,0
1059,1060.png,11.021916389465332,0
1060,1061.png,11.092362403869629,0
1061,1062.png,11.060761451721191,0
1062,1063.png,11.045348167419434,0
1063,1064.png,11.13681697845459,0
1064,1065.png,11.036117553710938,0
1065,1066.png,12.740169525146484,0
1066,1067.png,12.082840919494629,0
1067,1068.png,12.20371150970459,0
1068,1069.png,12.586403846740723,0
1069,1070.png,11.173481941223145,0
1070,1071.png,12.178380966186523,0
1071,1072.png,11.732147216796875,0
1072,1073.png,12.204477310180664,0
1073,1074.png,11.440881729125977,0
1074,1075.png,12.047906875610352,0
1075,1076.png,11.842172622680664,0
1076,1077.png,12.005422592163086,0
1077,1078.png,11.642580032348633,0
1078,1079.png,11.87260627746582,0
1079,1080.png,12.796975135803223,0
1080,1081.png,11.304742813110352,0
1081,1082.png,12.17532730102539,0
1082,1083.png,11.85910415649414,0
1083,1084.png,11.845160484313965,0
1084,1085.png,11.322933197021484,0
1085,1086.png,11.865662574768066,0
1086,1087.png,11.141376495361328,0
1087,1088.png,12.635435104370117,0
1088,1089.png,11.596879005432129,0
1089,1090.png,12.80649471282959,0
1090,1091.png,12.067244529724121,0
1091,1092.png,11.993365287780762,0
1092,1093.png,11.888753890991211,0
1093,1094.png,13.048388481140137,0
1094,1095.png,12.296059608459473,0
1095,1096.png,12.517045021057129,0
1096,1097.png,12.432828903198242,0
1097,1098.png,12.422842025756836,0
1098,1099.png,13.154864311218262,0
1099,1100.png,12.366045951843262,0
1100,1101.png,13.721108436584473,0
1101,1102.png,12.986543655395508,0
1102,1103.png,13.477387428283691,0
1103,1104.png,12.978374481201172,0
1104,1105.png,13.16866683959961,0
1105,1106.png,12.469450950622559,0
1106,1107.png,12.638221740722656,0
1107,1108.png,12.330368995666504,0
1108,1109.png,12.409326553344727,0
1109,1110.png,11.808000564575195,0
1110,1111.png,11.200094223022461,0
1111,1112.png,12.169164657592773,0
1112,1113.png,11.459413528442383,0
1113,1114.png,11.914066314697266,0
1114,1115.png,11.564702987670898,0
1115,1116.png,11.77877426147461,0
1116,1117.png,11.930363655090332,0
1117,1118.png,12.254403114318848,0
1118,1119.png,11.737991333007812,0
1119,1120.png,12.2481689453125,0
1120,1121.png,12.748583793640137,0
1121,1122.png,12.469550132751465,0
1122,1123.png,12.914864540100098,0
1123,1124.png,12.75559139251709,0
1124,1125.png,13.339378356933594,0
1125,1126.png,12.876394271850586,0
1126,1127.png,12.615457534790039,0
1127,1128.png,12.918984413146973,0
1128,1129.png,13.03233528137207,0
1129,1130.png,13.408164024353027,0
1130,1131.png,12.847515106201172,0
1131,1132.png,13.142508506774902,0
1132,1133.png,13.283930778503418,0
1133,1134.png,13.499768257141113,0
1134,1135.png,13.405759811401367,0
1135,1136.png,13.837141990661621,0
1136,1137.png,12.820761680603027,0
1137,1138.png,13.165589332580566,0
1138,1139.png,13.64995002746582,0
1139,1140.png,13.748336791992188,0
1140,1141.png,13.588171005249023,0
1141,1142.png,14.160331726074219,0
1142,1143.png,13.64953327178955,0
1143,1144.png,13.963862419128418,0
1144,1145.png,13.157549858093262,0
1145,1146.png,13.895050048828125,0
1146,1147.png,14.432483673095703,0
1147,1148.png,14.489487648010254,0
1148,1149.png,13.497858047485352,0
1149,1150.png,14.145848274230957,0
1150,1151.png,14.30721664428711,0
1151,1152.png,14.026983261108398,0
1152,1153.png,14.282105445861816,0
1153,1154.png,13.603394508361816,0
1154,1155.png,13.82889175415039,0
1155,1156.png,13.627476692199707,0
1156,1157.png,13.674944877624512,0
1157,1158.png,14.159256935119629,0
1158,1159.png,13.37856388092041,0
1159,1160.png,14.083301544189453,0
1160,1161.png,13.690448760986328,0
1161,1162.png,13.948458671569824,0
1162,1163.png,14.670716285705566,0
1163,1164.png,13.531533241271973,0
1164,1165.png,13.952960014343262,0
1165,1166.png,13.112260818481445,0
1166,1167.png,14.734903335571289,0
1167,1168.png,13.540096282958984,0
1168,1169.png,14.182599067687988,0
1169,1170.png,12.948525428771973,0
1170,1171.png,14.468565940856934,0
1171,1172.png,13.13637924194336,0
1172,1173.png,13.755574226379395,0
1173,1174.png,12.344221115112305,0
1174,1175.png,13.34634780883789,0
1175,1176.png,13.12362003326416,0
1176,1177.png,12.930290222167969,0
1177,1178.png,12.769335746765137,0
1178,1179.png,13.375036239624023,0
1179,1180.png,12.557369232177734,0
1180,1181.png,13.695499420166016,0
1181,1182.png,12.937553405761719,0
1182,1183.png,13.754850387573242,0
1183,1184.png,13.330778121948242,0
1184,1185.png,13.344438552856445,0
1185,1186.png,12.66384220123291,0
1186,1187.png,12.415369987487793,0
1187,1188.png,12.866554260253906,0
1188,1189.png,12.856414794921875,0
1189,1190.png,12.133176803588867,0
1190,1191.png,12.04491901397705,0
1191,1192.png,11.242470741271973,0
1192,1193.png,12.029909133911133,0
1193,1194.png,11.164253234863281,0
1194,1195.png,12.138672828674316,0
1195,1196.png,12.199638366699219,0
1196,1197.png,12.1951904296875,1
1197,1198.png,11.73808479309082,1
1198,1199.png,12.43411922454834,1
1199,1200.png,11.507816314697266,1
1200,1201.png,12.567790031433105,1
1201,1202.png,11.86022663116455,1
1202,1203.png,12.063417434692383,1
1203,1204.png,13.737464904785156,0
1204,1205.png,14.960498809814453,0
1205,1206.png,14.20453929901123,0
1206,1207.png,15.094840049743652,0
1207,1208.png,14.776219367980957,0
1208,1209.png,14.680134773254395,0
1209,1210.png,14.805373191833496,0
1210,1211.png,13.97362995147705,0
1211,1212.png,14.0646333694458,0
1212,1213.png,14.88350772857666,0
1213,1214.png,15.086140632629395,0
1214,1215.png,14.46432113647461,0
1215,1216.png,15.446013450622559,0
1216,1217.png,15.958683967590332,0
1217,1218.png,15.921991348266602,0
1218,1219.png,16.065196990966797,0
1219,1220.png,16.50606918334961,0
1220,1221.png,16.2529354095459,0
1221,1222.png,15.797301292419434,0
1222,1223.png,16.121299743652344,0
1223,1224.png,16.079322814941406,0
1224,1225.png,15.13958740234375,0
1225,1226.png,15.752923011779785,0
1226,1227.png,14.79173755645752,0
1227,1228.png,16.41046142578125,0
1228,1229.png,15.359106063842773,0
1229,1230.png,15.946687698364258,0
1230,1231.png,15.368041038513184,0
1231,1232.png,16.396493911743164,0
1232,1233.png,15.324440002441406,0
1233,1234.png,15.546016693115234,0
1234,1235.png,7.5493621826171875,0
1235,1236.png,7.2175445556640625,0
1236,1237.png,7.115993022918701,0
1237,1238.png,7.053723335266113,0
1238,1239.png,7.224849224090576,0
1239,1240.png,7.6312456130981445,0
1240,1241.png,6.973203659057617,0
1241,1242.png,6.975677967071533,0
1242,1243.png,7.489545822143555,0
1243,1244.png,7.471846103668213,0
1244,1245.png,7.85682487487793,0
1245,1246.png,6.30986213684082,0
1246,1247.png,8.158031463623047,0
1247,1248.png,7.067936420440674,0
1248,1249.png,7.413999557495117,0
1249,1250.png,6.525638103485107,0
1250,1251.png,7.773916244506836,0
1251,1252.png,6.372975826263428,0
1252,1253.png,7.482307434082031,0
1253,1254.png,7.393557548522949,0
1254,1255.png,7.475015640258789,0
1255,1256.png,7.166627407073975,0
1256,1257.png,7.532430648803711,0
1257,1258.png,7.42702579498291,0
1258,1259.png,7.1102375984191895,0
1259,1260.png,7.387837886810303,0
1260,1261.png,6.730666160583496,0
1261,1262.png,7.447998523712158,0
1262,1263.png,7.381617546081543,0
1263,1264.png,7.2249755859375,0
1264,1265.png,7.543352127075195,0
1265,1266.png,7.4037981033325195,0
1266,1267.png,7.773054122924805,0
1267,1268.png,7.760479927062988,0
1268,1269.png,7.699831485748291,0
1269,1270.png,7.643157958984375,0
1270,1271.png,8.372685432434082,0
1271,1272.png,7.11299467086792,0
1272,1273.png,7.684735298156738,0
1273,1274.png,7.092100620269775,0
1274,1275.png,7.9506425857543945,0
1275,1276.png,6.919935703277588,0
1276,1277.png,7.510360240936279,0
1277,1278.png,6.991159439086914,0
1278,1279.png,7.964676380157471,0
1279,1280.png,7.759329795837402,0
1280,1281.png,7.523968696594238,0
1281,1282.png,7.456698417663574,0
1282,1283.png,7.962245941162109,0
1283,1284.png,7.293982028961182,0
1284,1285.png,7.705116271972656,0
1285,1286.png,7.147866249084473,0
1286,1287.png,8.19638442993164,0
1287,1288.png,7.487396717071533,0
1288,1289.png,8.677177429199219,0
1289,1290.png,7.77426815032959,0
1290,1291.png,8.317824363708496,0
1291,1292.png,7.586019992828369,0
1292,1293.png,7.619922161102295,0
1293,1294.png,7.4420623779296875,0
1294,1295.png,7.8176655769348145,0
1295,1296.png,7.096487522125244,0
1296,1297.png,7.542929172515869,0
1297,1298.png,7.5274786949157715,0
1298,1299.png,7.47012996673584,0
1299,1300.png,7.526879787445068,0
1300,1301.png,7.658331394195557,0
1301,1302.png,7.385598659515381,0
1302,1303.png,7.381359577178955,0
1303,1304.png,7.407355308532715,0
1304,1305.png,7.7688069343566895,0
1305,1306.png,7.399945259094238,0
1306,1307.png,7.120468616485596,0
1307,1308.png,6.713231563568115,0
1308,1309.png,7.335610389709473,0
1309,1310.png,7.084496974945068,0
1310,1311.png,7.216121196746826,0
1311,1312.png,6.945503234863281,0
1312,1313.png,7.411308288574219,0
1313,1314.png,6.81693172454834,0
1314,1315.png,7.657590389251709,0
1315,1316.png,6.733175277709961,0
1316,1317.png,7.536900043487549,0
1317,1318.png,6.921850204467773,0
1318,1319.png,7.423216819763184,0
1319,1320.png,6.9793572425842285,0
1320,1321.png,7.008531093597412,0
1321,1322.png,7.499448299407959,0
1322,1323.png,6.810786724090576,0
1323,1324.png,7.457650661468506,0
1324,1325.png,7.322644233703613,0
1325,1326.png,7.437771320343018,0
1326,1327.png,7.063521862030029,0
1327,1328.png,7.625077247619629,0
1328,1329.png,7.494400978088379,0
1329,1330.png,7.383387088775635,0
1330,1331.png,7.210382461547852,0
1331,1332.png,7.118391990661621,0
1332,1333.png,7.475389003753662,0
1333,1334.png,7.0933685302734375,0
1334,1335.png,7.3088812828063965,0
1335,1336.png,7.039340019226074,0
1336,1337.png,7.585364818572998,0
1337,1338.png,7.107460021972656,0
1338,1339.png,7.762121677398682,0
1339,1340.png,7.3913164138793945,0
1340,1341.png,7.374843597412109,0
1341,1342.png,7.027010440826416,0
1342,1343.png,7.299887180328369,0
1343,1344.png,6.92750883102417,0
1344,1345.png,6.83748722076416,0
1345,1346.png,6.977697372436523,0
1346,1347.png,7.741853713989258,0
1347,1348.png,6.834933280944824,0
1348,1349.png,7.372286319732666,0
1349,1350.png,7.316770076751709,0
1350,1351.png,7.694931983947754,0
1351,1352.png,7.349475860595703,0
1352,1353.png,7.689444065093994,0
1353,1354.png,7.872307300567627,0
1354,1355.png,7.701733112335205,0
1355,1356.png,7.72167444229126,0
1356,1357.png,7.983606338500977,0
1357,1358.png,8.072586059570312,0
1358,1359.png,8.290410041809082,0
1359,1360.png,8.16607666015625,0
1360,1361.png,8.31079387664795,0
1361,1362.png,8.558481216430664,0
1362,1363.png,7.650177478790283,0
1363,1364.png,7.865408897399902,0
1364,1365.png,7.668753147125244,0
1365,1366.png,8.073324203491211,0
1366,1367.png,7.544407844543457,0
1367,1368.png,7.258639812469482,0
1368,1369.png,7.778299331665039,0
1369,1370.png,7.751673698425293,0
1370,1371.png,7.531505107879639,0
1371,1372.png,7.175340175628662,0
1372,1373.png,7.395932674407959,0
1373,1374.png,6.974161624908447,0
1374,1375.png,6.980701923370361,0
1375,1376.png,7.355313777923584,0
1376,1377.png,6.84183406829834,0
1377,1378.png,7.91644287109375,0
1378,1379.png,7.637177467346191,0
1379,1380.png,7.764077186584473,0
1380,1381.png,6.998291969299316,0
1381,1382.png,7.642121315002441,0
1382,1383.png,7.301366806030273,0
1383,1384.png,8.28877067565918,0
1384,1385.png,7.539268970489502,0
1385,1386.png,7.952057361602783,0
1386,1387.png,7.211543083190918,0
1387,1388.png,7.8379693031311035,0
1388,1389.png,8.697539329528809,0
1389,1390.png,8.11987590789795,0
1390,1391.png,8.538454055786133,0
1391,1392.png,8.340544700622559,0
1392,1393.png,8.770956039428711,0
1393,1394.png,8.287248611450195,0
1394,1395.png,7.761631011962891,0
1395,1396.png,7.342891693115234,0
1396,1397.png,7.433854579925537,0
1397,1398.png,6.903506755828857,0
1398,1399.png,7.289095401763916,0
1399,1400.png,7.681461334228516,0
1400,1401.png,7.207643032073975,0
1401,1402.png,7.9058685302734375,0
1402,1403.png,6.566865921020508,0
1403,1404.png,7.847318172454834,0
1404,1405.png,6.971275806427002,0
1405,1406.png,7.859057903289795,0
1406,1407.png,6.613414764404297,0
1407,1408.png,7.716325283050537,0
1408,1409.png,6.193164825439453,0
1409,1410.png,7.369257926940918,0
1410,1411.png,7.169813632965088,0
1411,1412.png,6.973445892333984,0
1412,1413.png,6.6992645263671875,0
1413,1414.png,6.989010810852051,0
1414,1415.png,7.096474647521973,0
1415,1416.png,7.102605819702148,0
1416,1417.png,6.848019599914551,0
1417,1418.png,7.11984395980835,0
1418,1419.png,7.095159530639648,0
1419,1420.png,7.136323928833008,0
1420,1421.png,6.954599857330322,0
1421,1422.png,7.345166206359863,0
1422,1423.png,7.071620941162109,0
1423,1424.png,6.931036949157715,0
1424,1425.png,6.990436553955078,0
1425,1426.png,7.3909406661987305,0
1426,1427.png,6.99714469909668,0
1427,1428.png,6.885771751403809,0
1428,1429.png,7.082167625427246,0
1429,1430.png,7.172397613525391,0
1430,1431.png,7.442160129547119,0
1431,1432.png,6.844155311584473,0
1432,1433.png,7.585598468780518,0
1433,1434.png,6.878305912017822,0
1434,1435.png,7.079610347747803,0
1435,1436.png,7.379330158233643,0
1436,1437.png,7.411924839019775,0
1437,1438.png,7.14637565612793,0
1438,1439.png,7.23429536819458,0
1439,1440.png,7.622307777404785,0
1440,1441.png,8.000248908996582,0
1441,1442.png,8.053460121154785,0
1442,1443.png,7.77840518951416,0
1443,1444.png,7.432861804962158,0
1444,1445.png,7.479119300842285,0
1445,1446.png,7.558298110961914,0
1446,1447.png,7.477159023284912,0
1447,1448.png,7.86129093170166,0
1448,1449.png,7.522813320159912,0
1449,1450.png,7.438014030456543,0
1450,1451.png,8.192166328430176,0
1451,1452.png,7.291796684265137,0
1452,1453.png,7.467313289642334,0
1453,1454.png,7.654993057250977,0
1454,1455.png,7.768773555755615,0
1455,1456.png,7.295721530914307,0
1456,1457.png,7.472964763641357,0
1457,1458.png,7.515401363372803,0
1458,1459.png,7.630351543426514,0
1459,1460.png,7.388423442840576,0
1460,1461.png,7.170385360717773,0
1461,1462.png,7.629439830780029,0
1462,1463.png,7.201121807098389,0
1463,1464.png,7.669039726257324,0
1464,1465.png,7.4243550300598145,0
1465,1466.png,7.754187107086182,0
1466,1467.png,7.247602939605713,0
1467,1468.png,7.982736110687256,0
1468,1469.png,7.100286960601807,0
1469,1470.png,7.895116806030273,0
1470,1471.png,7.33974027633667,0
1471,1472.png,7.372077941894531,0
1472,1473.png,7.332144737243652,0
1473,1474.png,8.122732162475586,0
1474,1475.png,7.5207343101501465,0
1475,1476.png,8.002076148986816,0
1476,1477.png,7.841352462768555,0
1477,1478.png,8.7684907913208,0
1478,1479.png,7.528478622436523,0
1479,1480.png,7.744267463684082,0
1480,1481.png,7.434896945953369,0
1481,1482.png,7.032750606536865,0
1482,1483.png,7.415242671966553,0
1483,1484.png,7.070858478546143,0
1484,1485.png,7.24368953704834,0
1485,1486.png,7.843861103057861,0
1486,1487.png,7.326061248779297,0
1487,1488.png,7.426115036010742,0
1488,1489.png,7.387912750244141,0
1489,1490.png,7.647073745727539,0
1490,1491.png,7.223628044128418,0
1491,1492.png,7.6797308921813965,0
1492,1493.png,7.4001922607421875,0
1493,1494.png,8.283799171447754,0
1494,1495.png,7.3384599685668945,0
1495,1496.png,7.915750026702881,0
1496,1497.png,7.607599258422852,0
1497,1498.png,8.26353931427002,0
1498,1499.png,7.469499588012695,0
1499,1500.png,8.179463386535645,0
1500,1501.png,7.461617946624756,0
1501,1502.png,7.6620893478393555,0
1502,1503.png,6.998064994812012,0
1503,1504.png,8.182687759399414,0
1504,1505.png,7.621361255645752,0
1505,1506.png,8.256775856018066,0
1506,1507.png,7.574496746063232,0
1507,1508.png,8.58326530456543,0
1508,1509.png,7.560799598693848,0
1509,1510.png,7.59958553314209,0
1510,1511.png,7.88914155960083,0
1511,1512.png,8.482159614562988,0
1512,1513.png,7.525126934051514,0
1513,1514.png,7.592462539672852,0
1514,1515.png,8.521482467651367,0
1515,1516.png,7.619563102722168,0
1516,1517.png,7.616092681884766,0
1517,1518.png,7.451559543609619,0
1518,1519.png,8.153592109680176,0
1519,1520.png,8.100654602050781,0
1520,1521.png,7.568976879119873,0
1521,1522.png,7.782520294189453,0
1522,1523.png,7.969155311584473,0
1523,1524.png,8.50796127319336,0
1524,1525.png,7.9936113357543945,0
1525,1526.png,8.039947509765625,0
1526,1527.png,7.5399041175842285,0
1527,1528.png,7.927831172943115,0
1528,1529.png,7.520589351654053,0
1529,1530.png,8.0320405960083,0
1530,1531.png,7.98708963394165,0
1531,1532.png,8.06602668762207,0
1532,1533.png,7.528859615325928,0
1533,1534.png,7.220846652984619,0
1534,1535.png,8.23794174194336,0
1535,1536.png,7.505526065826416,0
1536,1537.png,8.84892463684082,0
1537,1538.png,7.494877815246582,0
1538,1539.png,7.991695880889893,0
1539,1540.png,7.672878265380859,0
1540,1541.png,8.022823333740234,0
1541,1542.png,7.857832431793213,0
1542,1543.png,8.750534057617188,0
1543,1544.png,8.892633438110352,0
1544,1545.png,8.76253604888916,0
1545,1546.png,7.999650001525879,0
1546,1547.png,8.571001052856445,0
1547,1548.png,7.820959568023682,0
1548,1549.png,7.9217729568481445,0
1549,1550.png,7.707359313964844,0
1550,1551.png,7.554214000701904,0
1551,1552.png,8.028069496154785,0
1552,1553.png,7.698963165283203,0
1553,1554.png,7.3601460456848145,0
1554,1555.png,8.102450370788574,0
1555,1556.png,7.648929595947266,0
1556,1557.png,7.691137790679932,0
1557,1558.png,7.353753566741943,0
1558,1559.png,7.522324085235596,0
1559,1560.png,6.752898693084717,0
1560,1561.png,7.469141483306885,0
1561,1562.png,6.9095683097839355,0
1562,1563.png,7.108218193054199,0
1563,1564.png,7.205511569976807,0
1564,1565.png,7.1748175621032715,0
1565,1566.png,6.996009349822998,0
1566,1567.png,6.865936279296875,0
1567,1568.png,7.0941267013549805,0
1568,1569.png,7.166375637054443,0
1569,1570.png,6.722212791442871,0
1570,1571.png,6.625827312469482,0
1571,1572.png,6.697406768798828,0
1572,1573.png,6.790247917175293,0
1573,1574.png,6.809473514556885,0
1574,1575.png,6.82472038269043,0
1575,1576.png,6.902177810668945,0
1576,1577.png,6.947752475738525,0
1577,1578.png,6.87203311920166,0
1578,1579.png,6.88062047958374,0
1579,1580.png,6.854719161987305,0
1580,1581.png,6.86475944519043,0
1581,1582.png,6.992841720581055,0
1582,1583.png,6.947299480438232,0
1583,1584.png,6.893853187561035,0
1584,1585.png,6.702218055725098,0
1585,1586.png,7.054098129272461,0
1586,1587.png,6.891785621643066,0
1587,1588.png,7.270175457000732,0
1588,1589.png,7.831425189971924,0
1589,1590.png,7.180572032928467,0
1590,1591.png,7.276911735534668,0
1591,1592.png,7.0248918533325195,0
1592,1593.png,7.186264991760254,0
1593,1594.png,6.622478485107422,0
1594,1595.png,7.281472206115723,0
1595,1596.png,6.790083885192871,0
1596,1597.png,6.706256866455078,0
1597,1598.png,6.851140975952148,0
1598,1599.png,6.722736358642578,0
1599,1600.png,7.414295673370361,0
1600,1601.png,6.6083526611328125,0
1601,1602.png,7.182584762573242,1
1602,1603.png,6.361443996429443,1
1603,1604.png,7.207947731018066,1
1604,1605.png,6.332335472106934,1
1605,1606.png,7.174770832061768,1
1606,1607.png,6.482843399047852,1
1607,1608.png,7.244798183441162,1
1608,1609.png,6.707701683044434,1
1609,1610.png,18.492673873901367,0
1610,1611.png,18.23198699951172,0
1611,1612.png,18.05694007873535,0
1612,1613.png,18.341428756713867,0
1613,1614.png,18.265323638916016,0
1614,1615.png,19.29438018798828,0
1615,1616.png,18.930435180664062,0
1616,1617.png,19.10167694091797,0
1617,1618.png,18.7074031829834,0
1618,1619.png,18.94032096862793,0
1619,1620.png,18.788238525390625,0
1620,1621.png,19.143930435180664,0
1621,1622.png,18.102060317993164,0
1622,1623.png,18.576948165893555,0
1623,1624.png,18.412792205810547,0
1624,1625.png,18.384363174438477,0
1625,1626.png,19.81220054626465,0
1626,1627.png,19.168987274169922,0
1627,1628.png,18.15298080444336,0
1628,1629.png,17.775487899780273,0
1629,1630.png,19.518136978149414,0
1630,1631.png,18.77069854736328,0
1631,1632.png,18.35574722290039,0
1632,1633.png,17.88817024230957,0
1633,1634.png,19.403196334838867,0
1634,1635.png,18.921056747436523,0
1635,1636.png,18.374374389648438,0
1636,1637.png,19.20793342590332,0
1637,1638.png,19.43688201904297,0
1638,1639.png,18.567710876464844,0
1639,1640.png,18.073749542236328,0
1640,1641.png,18.256149291992188,0
1641,1642.png,18.32521629333496,0
1642,1643.png,17.806381225585938,0
1643,1644.png,18.056020736694336,0
1644,1645.png,7.8087334632873535,0
1645,1646.png,7.898112773895264,0
1646,1647.png,7.887574672698975,0
1647,1648.png,7.917178153991699,0
1648,1649.png,7.740983009338379,0
1649,1650.png,7.765378952026367,0
1650,1651.png,7.584719657897949,0
1651,1652.png,7.470366954803467,0
1652,1653.png,7.69114351272583,0
1653,1654.png,7.379249572753906,0
1654,1655.png,7.5825958251953125,0
1655,1656.png,7.760987758636475,0
1656,1657.png,7.96144437789917,0
1657,1658.png,7.493343830108643,0
1658,1659.png,8.156688690185547,0
1659,1660.png,8.347262382507324,0
1660,1661.png,8.084643363952637,0
1661,1662.png,7.598134517669678,0
1662,1663.png,8.003006935119629,0
1663,1664.png,7.164651870727539,0
1664,1665.png,7.963837146759033,0
1665,1666.png,7.533658027648926,0
1666,1667.png,7.677723407745361,0
1667,1668.png,6.954672336578369,0
1668,1669.png,6.998037338256836,0
1669,1670.png,6.853135108947754,0
1670,1671.png,7.310338973999023,0
1671,1672.png,6.694826126098633,0
1672,1673.png,7.278686046600342,0
1673,1674.png,6.7855224609375,0
1674,1675.png,7.539163112640381,0
1675,1676.png,6.565492153167725,0
1676,1677.png,7.790652751922607,0
1677,1678.png,6.927312850952148,0
1678,1679.png,7.976761341094971,0
1679,1680.png,6.842004299163818,0
1680,1681.png,7.750513076782227,0
1681,1682.png,6.399508476257324,0
1682,1683.png,8.159804344177246,0
1683,1684.png,6.656163692474365,0
1684,1685.png,8.620583534240723,0
1685,1686.png,7.1807050704956055,0
1686,1687.png,8.195777893066406,0
1687,1688.png,7.400163650512695,0
1688,1689.png,7.790027618408203,0
1689,1690.png,6.966135501861572,0
1690,1691.png,7.468306064605713,0
1691,1692.png,7.277003765106201,0
1692,1693.png,7.343440532684326,0
1693,1694.png,7.640191555023193,0
1694,1695.png,7.802313327789307,0
1695,1696.png,7.322444438934326,0
1696,1697.png,7.678311824798584,0
1697,1698.png,8.059882164001465,0
1698,1699.png,7.749145984649658,0
1699,1700.png,8.070535659790039,0
1700,1701.png,7.872657299041748,0
1701,1702.png,7.592837333679199,0
1702,1703.png,7.703708171844482,0
1703,1704.png,7.407463550567627,0
1704,1705.png,7.596635341644287,0
1705,1706.png,7.667754173278809,0
1706,1707.png,8.111754417419434,0
1707,1708.png,7.841869354248047,0
1708,1709.png,7.163345813751221,0
1709,1710.png,7.910376071929932,0
1710,1711.png,7.676441192626953,0
1711,1712.png,7.490951061248779,0
1712,1713.png,7.2308349609375,0
1713,1714.png,7.0725417137146,0
1714,1715.png,7.38308048248291,0
1715,1716.png,7.915526390075684,0
1716,1717.png,7.7073655128479,0
1717,1718.png,8.541886329650879,0
1718,1719.png,8.10953140258789,0
1719,1720.png,8.039461135864258,0
1720,1721.png,8.167476654052734,0
1721,1722.png,8.025511741638184,0
1722,1723.png,7.668938636779785,0
1723,1724.png,7.811479568481445,0
1724,1725.png,8.71517562866211,0
1725,1726.png,8.95563793182373,0
1726,1727.png,7.714179515838623,0
1727,1728.png,8.937004089355469,0
1728,1729.png,7.729437351226807,0
1729,1730.png,8.372675895690918,0
1730,1731.png,7.652951240539551,0
1731,1732.png,8.343505859375,0
1732,1733.png,7.1766276359558105,0
1733,1734.png,7.757115364074707,0
1734,1735.png,7.874694347381592,0
1735,1736.png,7.732051849365234,0
1736,1737.png,7.14990758895874,0
1737,1738.png,7.94131326675415,0
1738,1739.png,7.603179931640625,0
1739,1740.png,8.107995986938477,0
1740,1741.png,8.55333423614502,0
1741,1742.png,8.422433853149414,0
1742,1743.png,8.374947547912598,0
1743,1744.png,8.745716094970703,0
1744,1745.png,8.775979042053223,0
1745,1746.png,8.403576850891113,0
1746,1747.png,9.138216018676758,0
1747,1748.png,8.148679733276367,0
1748,1749.png,8.133914947509766,0
1749,1750.png,8.143101692199707,0
1750,1751.png,8.77740478515625,0
1751,1752.png,8.443502426147461,0
1752,1753.png,8.641161918640137,0
1753,1754.png,7.770614147186279,0
1754,1755.png,8.315914154052734,0
1755,1756.png,8.044156074523926,0
1756,1757.png,7.826379776000977,0
1757,1758.png,8.132383346557617,0
1758,1759.png,7.5232367515563965,0
1759,1760.png,7.312419891357422,0
1760,1761.png,8.311105728149414,0
1761,1762.png,8.448063850402832,0
1762,1763.png,8.252323150634766,0
1763,1764.png,7.819399356842041,0
1764,1765.png,8.138957023620605,0
1765,1766.png,7.446110248565674,0
1766,1767.png,7.796425819396973,0
1767,1768.png,7.708791732788086,0
1768,1769.png,8.13720417022705,0
1769,1770.png,7.234575271606445,0
1770,1771.png,7.728855609893799,0
1771,1772.png,8.175050735473633,0
1772,1773.png,8.239616394042969,0
1773,1774.png,7.731827735900879,0
1774,1775.png,7.385781288146973,0
1775,1776.png,7.637462615966797,0
1776,1777.png,8.210783958435059,0
1777,1778.png,6.987735271453857,0
1778,1779.png,7.831775665283203,0
1779,1780.png,7.731550216674805,0
1780,1781.png,7.831414699554443,0
1781,1782.png,7.21647310256958,0
1782,1783.png,8.726244926452637,0
1783,1784.png,8.182705879211426,0
1784,1785.png,7.419743061065674,0
1785,1786.png,7.47394323348999,0
1786,1787.png,8.229477882385254,0
1787,1788.png,8.111284255981445,0
1788,1789.png,7.480372905731201,0
1789,1790.png,7.63081693649292,0
1790,1791.png,7.5965495109558105,0
1791,1792.png,7.4620361328125,0
1792,1793.png,7.758552074432373,0
1793,1794.png,7.961246967315674,0
1794,1795.png,6.9075422286987305,0
1795,1796.png,8.170809745788574,0
1796,1797.png,7.237260818481445,0
1797,1798.png,7.99813175201416,0
1798,1799.png,6.263045787811279,0
1799,1800.png,7.84686803817749,0
1800,1801.png,7.4558939933776855,0
1801,1802.png,7.37260103225708,0
1802,1803.png,7.085135459899902,0
1803,1804.png,7.644525527954102,0
1804,1805.png,6.841646194458008,0
1805,1806.png,6.665625095367432,0
1806,1807.png,6.072603702545166,0
1807,1808.png,6.972759246826172,0
1808,1809.png,6.411938190460205,0
1809,1810.png,6.962996959686279,0
1810,1811.png,6.4254913330078125,0
1811,1812.png,6.708905220031738,0
1812,1813.png,6.795618057250977,0
1813,1814.png,6.6979546546936035,0
1814,1815.png,6.921905994415283,0
1815,1816.png,6.549229621887207,0
1816,1817.png,6.657597064971924,0
1817,1818.png,7.199955940246582,0
1818,1819.png,6.915310382843018,0
1819,1820.png,6.816596508026123,0
1820,1821.png,7.3031005859375,0
1821,1822.png,7.4733381271362305,0
1822,1823.png,7.849459648132324,0
1823,1824.png,7.235872268676758,0
1824,1825.png,7.564477443695068,0
1825,1826.png,7.991415500640869,0
1826,1827.png,7.924892902374268,0
1827,1828.png,9.18001651763916,0
1828,1829.png,8.106405258178711,0
1829,1830.png,8.663854598999023,0
1830,1831.png,8.827441215515137,0
1831,1832.png,8.466176986694336,0
1832,1833.png,8.677703857421875,0
1833,1834.png,8.194808006286621,0
1834,1835.png,8.414544105529785,0
1835,1836.png,8.073281288146973,0
1836,1837.png,8.73583984375,0
1837,1838.png,7.787612438201904,0
1838,1839.png,9.161334991455078,0
1839,1840.png,8.16811466217041,0
1840,1841.png,8.27002239227295,0
1841,1842.png,7.371359825134277,0
1842,1843.png,7.982689380645752,0
1843,1844.png,8.069404602050781,0
1844,1845.png,8.064809799194336,0
1845,1846.png,7.586723327636719,0
1846,1847.png,8.705849647521973,0
1847,1848.png,8.431331634521484,0
1848,1849.png,8.14076042175293,0
1849,1850.png,8.503340721130371,0
1850,1851.png,7.985428333282471,0
1851,1852.png,8.394272804260254,0
1852,1853.png,7.667928218841553,0
1853,1854.png,8.041998863220215,0
1854,1855.png,7.509341716766357,0
1855,1856.png,8.6140718460083,0
1856,1857.png,6.901611804962158,0
1857,1858.png,8.901388168334961,0
1858,1859.png,7.221144676208496,0
1859,1860.png,7.646849632263184,0
1860,1861.png,8.305782318115234,0
1861,1862.png,7.569964408874512,0
1862,1863.png,7.549286365509033,0
1863,1864.png,8.393192291259766,0
1864,1865.png,7.903780937194824,0
1865,1866.png,8.11484146118164,0
1866,1867.png,7.542158126831055,0
1867,1868.png,8.19519329071045,0
1868,1869.png,7.624297142028809,0
1869,1870.png,8.470460891723633,0
1870,1871.png,7.551790237426758,0
1871,1872.png,9.384278297424316,0
1872,1873.png,7.186559677124023,0
1873,1874.png,8.033196449279785,0
1874,1875.png,7.489715576171875,0
1875,1876.png,7.905186176300049,0
1876,1877.png,7.788547515869141,0
1877,1878.png,7.579178333282471,0
1878,1879.png,8.051386833190918,0
1879,1880.png,7.515153884887695,0
1880,1881.png,8.082194328308105,0
1881,1882.png,7.580162048339844,0
1882,1883.png,8.56796932220459,0
1883,1884.png,7.24822998046875,0
1884,1885.png,7.725278854370117,0
1885,1886.png,7.496904373168945,0
1886,1887.png,8.736952781677246,0
1887,1888.png,7.309495449066162,0
1888,1889.png,7.98811149597168,0
1889,1890.png,7.970890045166016,0
1890,1891.png,8.286860466003418,0
1891,1892.png,7.623408794403076,0
1892,1893.png,8.272141456604004,0
1893,1894.png,8.250158309936523,0
1894,1895.png,8.734219551086426,0
1895,1896.png,7.3733391761779785,0
1896,1897.png,8.33154582977295,0
1897,1898.png,7.818220615386963,0
1898,1899.png,8.323175430297852,0
1899,1900.png,6.901090145111084,0
1900,1901.png,8.331453323364258,0
1901,1902.png,7.60843563079834,0
1902,1903.png,8.737709999084473,0
1903,1904.png,7.636959552764893,0
1904,1905.png,7.199199199676514,0
1905,1906.png,8.072957038879395,0
1906,1907.png,6.396163463592529,0
1907,1908.png,7.280410289764404,0
1908,1909.png,7.487972259521484,0
1909,1910.png,7.784911632537842,0
1910,1911.png,7.956236839294434,0
1911,1912.png,8.059094429016113,0
1912,1913.png,7.641268730163574,0
1913,1914.png,7.615073204040527,0
1914,1915.png,7.698761463165283,0
1915,1916.png,8.138035774230957,0
1916,1917.png,7.926904201507568,0
1917,1918.png,7.334690570831299,0
1918,1919.png,7.639593124389648,0
1919,1920.png,7.189361095428467,0
1920,1921.png,7.514374256134033,0
1921,1922.png,7.216668605804443,0
1922,1923.png,6.958813190460205,0
1923,1924.png,7.700925827026367,0
1924,1925.png,7.409553527832031,0
1925,1926.png,7.443498134613037,1
1926,1927.png,6.999656677246094,1
1927,1928.png,8.428637504577637,1
1928,1929.png,7.375629425048828,1
1929,1930.png,7.632385730743408,1
1930,1931.png,8.147845268249512,1
1931,1932.png,7.336114406585693,1
1932,1933.png,8.838144302368164,1
1933,1934.png,16.808290481567383,0
1934,1935.png,16.97490119934082,0
1935,1936.png,16.994327545166016,0
1936,1937.png,17.417112350463867,0
1937,1938.png,16.04632568359375,0
1938,1939.png,18.09406852722168,0
1939,1940.png,17.08875274658203,0
1940,1941.png,17.167926788330078,0
1941,1942.png,16.556034088134766,0
1942,1943.png,16.758880615234375,0
1943,1944.png,16.925704956054688,0
1944,1945.png,16.905363082885742,0
1945,1946.png,16.00899314880371,0
1946,1947.png,16.624961853027344,0
1947,1948.png,15.881284713745117,0
1948,1949.png,16.350479125976562,0
1949,1950.png,17.333593368530273,0
1950,1951.png,16.844005584716797,0
1951,1952.png,16.396814346313477,0
1952,1953.png,17.23996353149414,0
1953,1954.png,16.220409393310547,0
1954,1955.png,16.522794723510742,0
1955,1956.png,16.012022018432617,0
1956,1957.png,16.482959747314453,0
1957,1958.png,15.976090431213379,0
1958,1959.png,16.495752334594727,0
1959,1960.png,15.840730667114258,0
1960,1961.png,17.611387252807617,0
1961,1962.png,16.617305755615234,0
1962,1963.png,16.65126609802246,0
1963,1964.png,15.870994567871094,0
1964,1965.png,16.289159774780273,0
1965,1966.png,16.125091552734375,0
1966,1967.png,16.488555908203125,0
1967,1968.png,16.400487899780273,0
1968,1969.png,16.04537582397461,0
1969,1970.png,16.594953536987305,0
1970,1971.png,16.275541305541992,0
1971,1972.png,17.5198974609375,0
1972,1973.png,16.64682960510254,0
1973,1974.png,15.780191421508789,0
1974,1975.png,15.623757362365723,0
1975,1976.png,15.981135368347168,0
1976,1977.png,15.658308029174805,0
1977,1978.png,16.21696662902832,0
1978,1979.png,16.503597259521484,0
1979,1980.png,15.965110778808594,0
1980,1981.png,15.970097541809082,0
1981,1982.png,15.76703929901123,0
1982,1983.png,17.091733932495117,0
1983,1984.png,15.30281925201416,0
1984,1985.png,15.898232460021973,0
1985,1986.png,15.452049255371094,0
1986,1987.png,16.891143798828125,0
1987,1988.png,15.843673706054688,0
1988,1989.png,16.302539825439453,0
1989,1990.png,16.05490493774414,0
1990,1991.png,16.433353424072266,0
1991,1992.png,15.592885971069336,0
1992,1993.png,15.16967487335205,0
1993,1994.png,17.566669464111328,0
1994,1995.png,16.749656677246094,0
1995,1996.png,15.928954124450684,0
1996,1997.png,16.327417373657227,0
1997,1998.png,15.94715404510498,0
1998,1999.png,16.200742721557617,0
