,Unnamed: 0,index,emd_ani_sal,emd_ani_gaze,label,labDelta,area,center_x,center_y
0,0,369,9.95605182647705,8.210987091064453,0,0.0,0.0,0.0,0.0
1,1,370,8.937664031982422,8.210987091064453,0,3.10473999358e-06,383.5,170.0,170.0
2,2,371,9.127137184143066,5.993650436401367,0,0.253845402676,385.5,171.0,171.0
3,3,372,9.225627899169922,5.981121063232422,0,0.253861924099,382.5,171.0,171.0
4,4,373,9.169150352478027,5.851480960845947,0,0.210720937054,384.0,171.0,171.0
5,5,374,9.376263618469238,6.424755096435547,0,0.306104700528,384.5,171.0,171.0
6,6,375,9.632426261901855,6.62710428237915,0,0.173706593715,387.5,171.0,171.0
7,7,376,9.185535430908203,5.751444339752197,0,0.173584405938,391.0,170.0,170.0
8,8,377,9.34310245513916,5.930593490600586,0,0.358577376391,388.5,170.0,170.0
9,9,378,10.041546821594238,5.93635892868042,0,0.322731257767,389.0,170.0,170.0
10,10,379,9.4437255859375,8.218714714050293,0,0.151626353561,390.5,170.0,170.0
11,11,380,8.766143798828125,7.986347198486328,0,0.20549819389,388.5,170.0,170.0
12,12,381,8.319315910339355,8.0681791305542,0,0.235605000709,388.0,170.0,170.0
13,13,382,8.893692016601562,8.159555435180664,0,0.211525762447,389.0,170.0,170.0
14,14,383,9.154192924499512,8.228631973266602,0,0.193590704228,390.5,170.0,170.0
15,15,384,8.952916145324707,7.564232349395752,0,0.338448078565,394.0,170.0,170.0
16,16,385,8.842159271240234,7.541347026824951,0,0.334802038379,390.0,170.0,170.0
17,17,386,8.601536750793457,8.277329444885254,0,0.30738473259,390.0,170.0,170.0
18,18,387,8.820865631103516,8.270577430725098,0,0.362462483531,388.5,170.0,170.0
19,19,388,8.758082389831543,7.033788204193115,0,0.406067530562,386.5,170.0,170.0
20,20,389,8.545184135437012,7.033717632293701,0,0.159195968672,385.5,170.0,170.0
21,21,390,8.21207332611084,7.426210403442383,0,0.4790384294157,385.0,171.0,171.0
22,22,391,7.79185619354248,7.094254493713379,0,0.51403338581,380.5,171.0,171.0
23,23,392,6.65282506942749,7.702277183532715,1,0.5139569316153999,382.5,172.0,172.0
24,24,705,3.456920862197876,3.017320156097412,0,0.0,0.0,0.0,0.0
25,25,706,3.1830873489379883,2.929771661758423,0,0.107520422819,374.5,210.0,210.0
26,26,707,2.540494680404663,2.9708781242370605,0,0.0701324211137,372.5,210.0,210.0
27,27,708,2.7111337184906006,2.9473354816436768,0,0.0548121585467,371.5,210.0,210.0
28,28,709,2.3107452392578125,3.4934394359588623,0,0.0852251927133,373.5,210.0,210.0
29,29,710,2.647433042526245,3.4934394359588623,0,0.0111882567576,373.5,210.0,210.0
30,30,711,2.558286666870117,3.5066280364990234,0,0.0752395036609,369.0,210.0,210.0
31,31,712,2.093257188796997,2.887001276016236,0,0.0382917704682,371.5,210.0,210.0
32,32,713,2.561877012252808,2.8943896293640137,0,0.0650420653992,372.5,210.0,210.0
33,33,714,2.8764758110046387,3.0327935218811035,0,0.125577295347,369.5,210.0,210.0
34,34,715,2.5644280910491943,2.923470973968506,0,0.0591160205353,374.0,210.0,210.0
35,35,716,2.9508981704711914,2.927854537963867,0,0.0385895047065,372.5,210.0,210.0
36,36,717,2.9421069622039795,2.923515558242798,0,0.0772562699864,373.5,210.0,210.0
37,37,718,2.735890865325928,3.246287107467652,0,0.103519127453,371.0,210.0,210.0
38,38,719,2.363884925842285,4.411506652832031,0,0.00991012690121,371.0,210.0,210.0
39,39,720,2.556978702545166,4.411506652832031,0,0.0973982992139,371.0,210.0,210.0
40,40,721,1.9455233812332156,4.431943893432617,0,0.0693444215127,371.0,210.0,210.0
41,41,722,3.064101457595825,4.307311058044434,0,0.114473950472,371.0,210.0,210.0
42,42,723,2.231478691101074,3.920224905014038,0,0.0124494157294,372.5,210.0,210.0
43,43,724,3.228222608566284,3.861185073852539,0,0.0359596767386,371.5,210.0,210.0
44,44,725,3.117943048477173,3.743044853210449,0,0.0214492298119,372.0,210.0,210.0
45,45,726,3.615070819854736,3.5904483795166016,0,0.0888309527643,373.5,210.0,210.0
46,46,727,3.084496021270752,3.6296310424804688,0,0.0434196893083,372.5,210.0,210.0
47,47,728,2.378734827041626,3.926408290863037,0,0.0325726101573,372.0,210.0,210.0
48,48,729,2.0794572830200195,3.926408290863037,0,0.0224809520935,372.0,210.0,210.0
49,49,730,2.7998645305633545,3.885496616363525,0,0.0320217576465,373.0,210.0,210.0
50,50,731,1.4445178508758545,3.963587760925293,0,0.0919533471398,370.5,210.0,210.0
51,51,732,1.8296207189559937,4.035160541534424,0,0.0531100678629,371.5,210.0,210.0
52,52,733,1.5399551391601562,3.764880657196045,0,0.10082592357706001,373.5,210.0,210.0
53,53,734,2.058214950561523,3.9031903743743896,0,0.11753158854787502,372.0,210.0,210.0
54,54,735,1.6712816476821897,3.620729684829712,1,0.14354240936559998,371.5,210.0,210.0
55,55,1167,5.742059707641602,6.600598812103272,0,0.0,0.0,0.0,0.0
56,56,1168,6.447710037231445,6.630048751831055,0,2.13227940941e-06,3.5,251.0,251.0
57,57,1169,5.426409721374512,8.225142478942871,0,9.38147712308e-05,8.5,253.0,253.0
58,58,1170,6.60690450668335,7.707197189331055,0,1.88625938405e-05,7.5,253.0,253.0
59,59,1171,5.329143524169922,7.517235279083252,0,9.74273211519e-05,7.5,250.0,250.0
60,60,1172,6.092728137969971,7.414646148681641,0,5.81104681856e-05,8.5,250.0,250.0
61,61,1173,5.309451103210449,7.265651702880859,0,3.57023012552e-05,8.5,250.0,250.0
62,62,1174,6.212219715118408,7.562489986419678,0,6.59184687653e-05,4.0,256.0,256.0
63,63,1175,5.487036228179932,7.565831661224365,0,6.7472949923e-05,6.0,251.0,251.0
64,64,1176,6.441797256469727,6.833524703979492,0,8.59925227463e-05,6.0,257.0,257.0
65,65,1177,6.267123222351074,6.818006992340088,0,3.16293917503e-06,6.0,257.0,257.0
66,66,1178,5.8822102546691895,6.7218194007873535,0,5.31256833682e-05,5.5,257.0,257.0
67,67,1179,6.1002278327941895,6.772027969360352,0,6.39267387672e-05,4.0,256.0,256.0
68,68,1180,6.104308128356934,6.625847816467285,0,7.90943399241e-05,5.5,257.0,257.0
69,69,1181,6.449398040771484,5.8612141609191895,0,5.04742374903e-05,6.0,257.0,257.0
70,70,1182,5.758434295654297,7.417850971221924,0,6.63446828066e-05,6.5,257.0,257.0
71,71,1183,5.7718915939331055,7.417850971221924,0,2.22853977744e-06,6.5,257.0,257.0
72,72,1184,5.565423488616943,5.485312461853027,0,0.000412558312299,8.0,251.0,251.0
73,73,1185,5.696933746337891,7.462096691131592,0,0.000195804529014,8.0,257.0,257.0
74,74,1186,5.564117908477783,7.384166717529297,0,0.000374562549125,4.5,258.0,258.0
75,75,1187,5.39375638961792,7.366815567016602,0,4.84578476928e-06,4.5,258.0,258.0
76,76,1188,5.457331657409668,6.75027322769165,0,0.00014507604704,9.5,251.0,251.0
77,77,1189,6.401539325714111,7.274143218994141,0,9.78669966368e-05,5.5,258.0,258.0
78,78,1190,5.372534275054932,7.246113777160644,0,5.25004075039e-05,12.0,255.0,255.0
79,79,1191,5.282001972198486,7.350429534912109,0,9.18354473333e-05,3.0,257.0,257.0
80,80,1192,5.880925178527832,7.266698360443115,0,9.127180309e-05,4.5,257.0,257.0
81,81,1193,5.42808198928833,7.242929935455322,0,7.13527760631e-05,5.0,252.0,252.0
82,82,1194,5.251853942871094,5.334707736968994,0,0.000103534926039,6.5,257.0,257.0
83,83,1195,5.932441234588623,5.334707736968994,0,2.57851296435e-06,6.5,257.0,257.0
84,84,1196,5.35866117477417,5.966989994049072,0,0.000109299315005,8.5,257.0,257.0
85,85,1197,6.33159065246582,7.209425449371338,0,5.52418648828e-05,6.0,257.0,257.0
86,86,1198,5.539654731750488,4.896917819976807,0,2.82942539618e-05,7.0,255.0,255.0
87,87,1199,6.236206531524658,4.814237594604492,0,6.00444110207e-05,7.5,256.0,256.0
88,88,1200,5.840639591217041,5.8355712890625,0,5.95043024444e-05,7.0,255.0,255.0
89,89,1201,6.4847846031188965,5.815999507904053,0,7.51128322537e-05,11.0,256.0,256.0
90,90,1202,5.583812236785889,6.686176776885986,0,4.27437156042e-05,6.0,257.0,257.0
91,91,1203,6.425075531005859,3.1539666652679443,0,6.91097752307e-05,4.5,258.0,258.0
92,92,1204,5.769897937774658,1.5632961988449097,0,5.57104986849e-05,4.0,258.0,258.0
93,93,1205,5.47310733795166,1.4937279224395752,0,0.00020314781869140003,4.0,251.0,251.0
94,94,1206,5.141270613670349,0.1696883887052536,0,0.00028980878313875,5.5,255.0,255.0
95,95,1207,5.247990846633911,0.1557396352291107,1,0.00028542425585239997,8.0,253.0,253.0
96,96,1461,7.4729437828063965,7.399365901947021,0,0.0,0.0,0.0,0.0
97,97,1462,6.709006309509277,6.839968204498291,0,0.256363875275,27.5,158.0,158.0
98,98,1463,6.808395385742188,6.839325428009033,0,0.088194446439,26.5,158.0,158.0
99,99,1464,6.643286228179932,5.844539165496826,0,0.265809256464,25.5,158.0,158.0
100,100,1465,6.961748123168945,6.019686698913574,0,0.122350388718,25.5,158.0,158.0
101,101,1466,6.149443626403809,6.045066833496094,0,0.0904080042619,25.5,158.0,158.0
102,102,1467,6.568233013153076,6.026980876922607,0,0.217943157288,25.5,158.0,158.0
103,103,1468,6.356711864471436,6.13179349899292,0,0.214725579579,30.0,158.0,158.0
104,104,1469,7.315269470214844,6.020029067993164,0,0.217066258618,24.5,158.0,158.0
105,105,1470,7.384243965148926,5.846329689025879,0,0.228072247064,25.0,158.0,158.0
106,106,1471,7.12614107131958,5.857004165649414,0,0.222955187727,26.0,158.0,158.0
107,107,1472,6.927938938140869,6.032909870147705,0,0.0294144798072,26.0,158.0,158.0
108,108,1473,7.161007404327393,6.16510820388794,0,0.101873293533,26.5,158.0,158.0
109,109,1474,6.70231819152832,6.168577671051025,0,0.108779011316,28.0,159.0,159.0
110,110,1475,7.324356555938721,6.200934886932373,0,0.199837503691,29.0,159.0,159.0
111,111,1476,6.61674165725708,6.200934886932373,0,0.00752913909721,29.0,159.0,159.0
112,112,1477,6.26237678527832,6.242705821990967,0,0.134864569033,29.0,159.0,159.0
113,113,1478,7.125685691833496,6.105074405670166,0,0.182545823527,30.0,159.0,159.0
114,114,1479,6.623746871948242,6.164023399353027,0,0.113243624755,30.0,159.0,159.0
115,115,1480,7.385484218597412,6.139039993286133,0,0.0852122587758,30.0,159.0,159.0
116,116,1481,7.0777907371521,5.970194339752197,0,0.111696811202,29.5,159.0,159.0
117,117,1482,7.631056308746338,6.001310348510742,0,0.223914772636,29.0,159.0,159.0
118,118,1483,7.059542655944824,6.100571632385254,0,0.0341333746211,29.5,159.0,159.0
119,119,1484,7.459003448486328,6.100533485412598,0,0.287489612991,24.5,159.0,159.0
120,120,1485,6.381455421447754,6.062653064727783,0,0.224764466515,25.0,159.0,159.0
121,121,1486,7.706467628479004,6.0212836265563965,0,0.0550196765317,25.0,159.0,159.0
122,122,1487,6.718307971954346,6.064418315887451,0,0.17075485681,21.5,159.0,159.0
123,123,1488,6.986568450927734,6.141395092010498,0,0.16072004171,27.0,159.0,159.0
124,124,1489,6.696149349212647,6.141395092010498,0,0.0164858838143,27.0,159.0,159.0
125,125,1490,7.482052803039551,6.000709056854248,0,0.166618196749,27.5,159.0,159.0
126,126,1491,7.330522060394287,6.032947063446045,0,0.18572808052,25.5,159.0,159.0
127,127,1492,7.067768573760986,6.064090251922607,0,0.239529761926,21.5,159.0,159.0
128,128,1493,7.372459411621094,6.029811859130859,0,0.189949422361,28.5,159.0,159.0
129,129,1494,7.738195419311523,5.937455177307129,0,0.138895684022,30.0,159.0,159.0
130,130,1495,7.502901554107666,5.877588272094727,0,0.168122888367,27.0,159.0,159.0
131,131,1496,6.67865800857544,5.877588272094727,0,0.00385011499856,27.0,159.0,159.0
132,132,1497,7.877993106842041,5.9715986251831055,0,0.211392965598,23.5,159.0,159.0
133,133,1498,7.395394325256348,4.877913951873779,0,0.144724996762,22.5,158.0,158.0
134,134,1499,7.6226091384887695,5.19703483581543,0,0.212199540709,22.5,158.0,158.0
135,135,1500,6.4561614990234375,7.530318260192871,0,0.203587419879,23.0,158.0,158.0
136,136,1501,7.032768249511719,6.178805828094482,0,0.244586964624,22.0,158.0,158.0
137,137,1502,7.266170501708984,5.657943248748779,0,0.235817482606,25.5,158.0,158.0
138,138,1503,8.03327751159668,5.593350887298584,0,0.227059204246,25.5,158.0,158.0
139,139,1504,6.82704496383667,5.728949069976807,0,0.216653547785,28.0,159.0,159.0
140,140,1505,7.4786787033081055,5.728949069976807,0,2.7829632269e-06,28.0,159.0,159.0
141,141,1506,7.7030863761901855,6.854477405548096,0,0.223145718528,25.5,159.0,159.0
142,142,1507,6.781221866607666,5.086526393890381,0,0.232625054477,24.5,159.0,159.0
143,143,1508,7.42710018157959,5.644638538360596,0,0.169492500497,23.0,158.0,158.0
144,144,1509,7.066799640655518,5.747508525848389,0,0.20426889647,21.5,158.0,158.0
145,145,1510,7.482438564300537,5.493805408477783,0,0.215810328985,24.0,159.0,159.0
146,146,1511,6.683815956115723,5.038992404937744,0,0.200738024016,24.0,159.0,159.0
147,147,1512,7.093534469604492,5.0372843742370605,0,0.00140425179429,24.0,159.0,159.0
148,148,1513,7.305103778839111,5.559736728668213,0,0.179541259061,19.5,159.0,159.0
149,149,1514,7.669241428375244,6.122395992279053,0,0.246728703814,26.5,159.0,159.0
150,150,1515,7.635273933410644,5.990392684936523,0,0.0940213544969,28.5,159.0,159.0
151,151,1516,7.663378238677978,5.358623504638672,0,0.0301981785667,26.0,159.0,159.0
152,152,1517,7.621016979217529,5.358623504638672,0,0.00387415020251,26.0,159.0,159.0
153,153,1518,7.243250370025635,5.474982738494873,0,0.0654372942646,25.0,159.0,159.0
154,154,1519,7.637254238128662,5.784100532531738,0,0.176959362103,26.5,159.0,159.0
155,155,1520,7.297737598419189,5.269752502441406,0,0.268973566771,21.5,159.0,159.0
156,156,1521,6.8004326820373535,6.226526260375977,0,0.104777445781,21.5,159.0,159.0
157,157,1522,7.137101173400879,6.2340989112854,0,0.0473302439797,20.5,159.0,159.0
158,158,1523,6.794463157653809,6.461608409881592,0,0.196653167979,20.5,159.0,159.0
159,159,1524,7.073391437530518,6.314484596252441,0,0.173798112927,23.5,159.0,159.0
160,160,1525,6.479874134063721,6.240171909332275,0,0.276104588433,22.5,159.0,159.0
161,161,1526,6.688778877258301,5.990366458892822,0,0.115336395077,24.0,159.0,159.0
162,162,1527,6.9288105964660645,5.768021106719971,0,0.162425875231,26.0,160.0,160.0
163,163,1528,7.093932628631592,7.140749931335449,0,0.151437187706,25.5,160.0,160.0
164,164,1529,6.055569648742676,6.993575096130371,0,0.239796918066,21.0,160.0,160.0
165,165,1530,6.937982559204102,6.993575096130371,0,0.0542739637011,21.0,160.0,160.0
166,166,1531,6.835272789001465,7.068416118621826,0,0.144300315299,24.5,160.0,160.0
167,167,1532,6.726865768432617,6.103703498840332,0,0.0905349088706,25.5,160.0,160.0
168,168,1533,6.681042671203613,6.095921516418457,0,0.229971741081,25.0,160.0,160.0
169,169,1534,5.984569072723389,5.864560127258301,0,0.222265310144,25.0,160.0,160.0
170,170,1535,7.020844459533691,5.706342697143555,0,0.206675322976,23.5,160.0,160.0
171,171,1536,6.5809526443481445,6.015738487243652,0,0.250666963776,23.5,160.0,160.0
172,172,1537,7.100942134857178,5.880050659179688,0,0.245281136741,23.5,161.0,161.0
173,173,1538,6.824822425842285,5.758150577545166,0,0.260979181436,25.5,161.0,161.0
174,174,1539,8.465371131896973,5.770189762115479,0,0.14754363499,26.0,160.0,160.0
175,175,1540,6.768845081329346,5.752501964569092,0,0.181295897084,27.5,161.0,161.0
176,176,1541,8.671378135681152,5.752501964569092,0,0.00212792673781,27.5,161.0,161.0
177,177,1542,6.87908411026001,5.384422779083252,0,0.306799867127,29.0,161.0,161.0
178,178,1543,7.642529964447021,5.8950724601745605,0,0.145988794555,28.5,161.0,161.0
179,179,1544,7.144559383392334,5.8950724601745605,0,0.00161958067455,28.5,161.0,161.0
180,180,1545,7.482548236846924,5.8950724601745605,0,0.278422136617,28.5,161.0,161.0
181,181,1546,6.760577201843262,5.497828483581543,0,0.249327751591,28.5,161.0,161.0
182,182,1547,6.822391510009766,6.163869857788086,0,0.00768277308339,27.5,161.0,161.0
183,183,1548,7.7070698738098145,6.155843734741211,0,0.151824045837,27.5,161.0,161.0
184,184,1549,7.746634483337402,6.155843734741211,0,0.0292206180021,27.5,161.0,161.0
185,185,1550,8.414135932922363,6.127299308776856,0,0.280768553509,30.0,161.0,161.0
186,186,1551,7.528056621551514,6.14984130859375,0,0.180613986498,26.5,161.0,161.0
187,187,1552,8.110297203063965,6.519139289855957,0,0.217182669527,29.0,161.0,161.0
188,188,1553,7.747533321380615,6.519139289855957,0,0.00292023929259,29.0,161.0,161.0
189,189,1554,8.464688301086426,6.2915544509887695,0,0.100877948186,26.5,161.0,161.0
190,190,1555,7.502374649047852,6.3979339599609375,0,0.195586571777,25.0,161.0,161.0
191,191,1556,8.200161933898926,6.792728900909424,0,0.182209256903,28.5,161.0,161.0
192,192,1557,8.024849891662598,6.997298717498779,0,0.111807861589,30.5,161.0,161.0
193,193,1558,7.861567974090576,8.662277221679688,0,0.0717940366332,28.5,161.0,161.0
194,194,1559,7.572190761566162,8.318265914916992,0,0.228819248035,28.0,161.0,161.0
195,195,1560,8.185593605041504,7.870838165283203,0,0.271133214133,25.5,161.0,161.0
196,196,1561,7.662517547607422,7.145719051361084,0,0.118899851716,27.0,161.0,161.0
197,197,1562,8.02694034576416,7.302295207977295,0,0.129745065587,23.0,161.0,161.0
198,198,1563,7.597465991973877,7.626625537872314,0,0.223347032523,22.5,161.0,161.0
199,199,1564,7.806761741638184,7.653201580047607,0,0.00674226305364,21.5,161.0,161.0
200,200,1565,7.6669697761535645,7.422598838806152,0,0.19710283655590002,25.5,161.0,161.0
201,201,1566,7.389673829078674,4.490743160247803,0,0.14107800392875,25.5,161.0,161.0
202,202,1567,7.315405368804932,1.5881078243255615,1,0.18693115005039998,29.5,162.0,162.0
203,203,1911,6.990290641784668,6.156923294067383,0,0.0,0.0,0.0,0.0
204,204,1912,7.157474517822266,8.349920272827148,0,0.0115931181712,403.0,260.0,260.0
205,205,1913,7.10281229019165,8.45145320892334,0,0.0785412141724,404.0,260.0,260.0
206,206,1914,7.226347923278809,8.45145320892334,0,0.0537429324477,404.0,260.0,260.0
207,207,1915,6.979223728179932,8.451676368713379,0,0.0113025502114,402.5,260.0,260.0
208,208,1916,7.1586527824401855,7.78472089767456,0,0.101180145994,405.0,260.0,260.0
209,209,1917,7.041141510009766,6.897411346435547,0,0.076925953384,405.0,260.0,260.0
210,210,1918,6.592593669891357,7.5256805419921875,0,0.132099864767,406.0,260.0,260.0
211,211,1919,6.7163615226745605,7.657615184783935,0,0.0015261629511,402.5,260.0,260.0
212,212,1920,6.796928405761719,7.381103515625,0,0.0572143610931,406.5,260.0,260.0
213,213,1921,6.432546138763428,7.381103515625,0,0.0480376746423,406.5,260.0,260.0
214,214,1922,6.571563720703125,7.186954498291016,0,0.0841315958999,403.5,260.0,260.0
215,215,1923,6.629487991333008,7.248602867126465,0,0.085123730763,405.5,260.0,260.0
216,216,1924,6.77239465713501,7.90432071685791,0,0.0936064018833,405.5,260.0,260.0
217,217,1925,6.420598030090332,7.580448150634766,0,0.0580059172195,406.5,260.0,260.0
218,218,1926,6.173343658447266,7.409693717956543,0,0.136133422101,403.5,260.0,260.0
219,219,1927,6.326892852783203,8.798518180847168,0,0.0268086163172,405.5,260.0,260.0
220,220,1928,6.396042823791504,8.967097282409668,0,0.0117280266938,405.0,260.0,260.0
221,221,1929,6.704444408416748,8.887079238891602,0,0.04695096869,404.5,260.0,260.0
222,222,1930,6.162039279937744,6.441082954406738,0,0.0285357698209,405.5,260.0,260.0
223,223,1931,7.620223522186279,8.849891662597656,0,0.102887597202,405.5,260.0,260.0
224,224,1932,6.871373653411865,8.489087104797363,0,0.0914568123292,404.5,260.0,260.0
225,225,1933,7.397140502929687,7.893774509429932,0,0.158031017195,406.5,260.0,260.0
226,226,1934,6.438876628875732,7.851972579956055,0,0.0327034877548,406.0,260.0,260.0
227,227,1935,7.880982398986816,7.868575572967529,0,0.110409236639,405.5,260.0,260.0
228,228,1936,6.5007524490356445,7.847310066223144,0,0.0540776027958,405.0,260.0,260.0
229,229,1937,8.084486961364746,7.619415760040283,0,0.108706452865,407.5,260.0,260.0
230,230,1938,6.854098796844482,7.656557083129883,0,0.0479246681059,408.5,261.0,261.0
231,231,1939,7.92295503616333,7.341689109802246,0,0.0910130345971,408.5,261.0,261.0
232,232,1940,6.9007954597473145,7.911391735076904,0,0.0610469529722,406.0,260.0,260.0
233,233,1941,7.659022808074951,8.425642013549805,0,0.107463192853,406.5,261.0,261.0
234,234,1942,7.952693939208984,8.425642013549805,0,0.0363712225483,406.5,261.0,261.0
235,235,1943,7.425695896148682,6.289835453033447,0,0.076565527663,407.5,261.0,261.0
236,236,1944,7.070261955261231,6.562254905700684,0,0.145391605944,408.0,261.0,261.0
237,237,1945,7.211613178253174,7.979184150695801,0,0.0999504100712,409.0,260.0,260.0
238,238,1946,7.164706230163574,7.979184150695801,0,0.0874467261838,409.0,260.0,260.0
239,239,1947,6.62138032913208,7.738979816436768,0,0.113051377715,405.0,260.0,260.0
240,240,1948,6.689472198486328,7.2036871910095215,0,0.0117187328836,405.0,260.0,260.0
241,241,1949,7.319999694824219,6.957694053649902,0,0.102586876905,407.5,260.0,260.0
242,242,1950,7.021591663360596,7.220794200897217,0,0.0848055866235,407.0,260.0,260.0
243,243,1951,6.7475690841674805,7.199182987213135,0,0.0561104553025,408.0,260.0,260.0
244,244,1952,6.296584129333496,7.099073886871338,0,0.0259829972025,406.5,260.0,260.0
245,245,1953,8.06046199798584,7.180051326751709,0,0.0969179697798,405.5,260.0,260.0
246,246,1954,7.490936756134033,7.180051326751709,0,0.000334141656419,405.5,260.0,260.0
247,247,1955,7.458444595336914,7.139435291290283,0,0.0823618206759,405.5,260.0,260.0
248,248,1956,6.860195636749268,7.199549198150635,0,0.0745564166301,405.5,260.0,260.0
249,249,1957,7.138738632202148,7.1598992347717285,0,0.00103146044912,406.0,260.0,260.0
250,250,1958,7.399645805358887,7.36829137802124,0,0.0746336356774,407.0,260.0,260.0
251,251,1959,6.9379472732543945,6.517436027526856,0,0.16088735668,405.0,260.0,260.0
252,252,1960,7.4553375244140625,6.760538101196289,0,0.199779662035,404.0,260.0,260.0
253,253,1961,7.446248054504394,6.760538101196289,0,0.00317843513562,404.0,260.0,260.0
254,254,1962,6.951503753662109,7.005231857299805,0,0.106481363371,404.5,260.0,260.0
255,255,1963,7.086657524108887,8.531591415405273,0,0.0545317358567,404.0,260.0,260.0
256,256,1964,7.124300479888916,8.514497756958008,0,0.0371015908354,403.0,260.0,260.0
257,257,1965,7.0459184646606445,8.471592903137207,0,0.0922551338387,403.5,260.0,260.0
258,258,1966,7.061819553375244,7.139277458190918,0,0.0760899267981,403.0,260.0,260.0
259,259,1967,6.533818244934082,7.329792499542236,0,0.112881269372,404.0,260.0,260.0
260,260,1968,6.893013000488281,7.779994487762451,0,0.0989463753003,404.0,260.0,260.0
261,261,1969,6.742273330688477,7.779994487762451,0,0.000371610940363,404.0,260.0,260.0
262,262,1970,7.034990787506104,7.306423187255859,0,0.0835573380044,405.0,260.0,260.0
263,263,1971,6.370423316955566,7.97008466720581,0,0.0267783729115,403.0,260.0,260.0
264,264,1972,5.995752334594727,7.947981357574463,0,0.0341447314433,402.0,259.0,259.0
265,265,1973,5.743784427642822,7.952790260314941,0,0.195565153367,402.5,259.0,259.0
266,266,1974,6.026668071746826,5.056851387023926,0,0.153135400087,403.5,260.0,260.0
267,267,1975,6.591330528259277,5.838573455810547,0,0.151041323073,402.0,260.0,260.0
268,268,1976,6.613173961639404,5.838573455810547,0,0.0510763911017,402.0,260.0,260.0
269,269,1977,5.941532611846924,5.50801944732666,0,0.0883606521172,403.0,260.0,260.0
270,270,1978,6.404266357421875,6.278940677642822,0,0.0773525891423,405.5,260.0,260.0
271,271,1979,6.222222805023193,8.417594909667969,0,0.0944772165308,402.5,259.0,259.0
272,272,1980,7.04055118560791,8.465511322021484,0,0.045607740105,402.5,259.0,259.0
273,273,1981,6.327242374420166,7.869994640350342,0,0.154489767363,399.0,259.0,259.0
274,274,1982,7.342240810394287,7.490511417388916,0,0.0649560834915,400.5,259.0,259.0
275,275,1983,6.521102428436279,7.490511417388916,0,0.0775911256544,400.5,259.0,259.0
276,276,1984,6.298854827880859,7.374175548553467,0,0.146307866442,403.5,260.0,260.0
277,277,1985,6.062652587890625,7.387969017028809,0,0.0417624601104,403.0,260.0,260.0
278,278,1986,5.507665157318115,7.397294521331787,0,0.120987248139,403.0,260.0,260.0
279,279,1987,6.499353408813477,5.202012062072754,0,0.129520146438,404.5,260.0,260.0
280,280,1988,6.666075706481934,5.215599536895752,0,0.121950726449,406.0,260.0,260.0
281,281,1989,6.836045742034912,5.300590515136719,0,0.0419372966021,404.5,260.0,260.0
282,282,1990,6.104740142822266,5.301997661590576,0,0.0216174562265,403.5,260.0,260.0
283,283,1991,7.10585355758667,5.037874221801758,0,0.165053300814,405.5,260.0,260.0
284,284,1992,6.989304542541504,7.270853519439697,0,0.103465230013,405.5,260.0,260.0
285,285,1993,6.701801300048828,5.833366394042969,0,0.133291962014,404.5,260.0,260.0
286,286,1994,5.880324363708496,7.004960060119629,0,0.108138309094,406.0,260.0,260.0
287,287,1995,5.62092399597168,6.664459705352783,0,0.0491515119677,404.0,260.0,260.0
288,288,1996,5.609567642211914,6.659696102142334,0,0.0313469478375,403.5,260.0,260.0
289,289,1997,6.318357467651367,7.418916702270508,0,0.0915739867051,403.0,260.0,260.0
290,290,1998,5.83036994934082,7.469408988952637,0,0.0334933500736,404.0,260.0,260.0
291,291,1999,6.137970924377441,7.240508079528809,0,0.0453532982872,406.0,260.0,260.0
292,292,2000,6.137241363525391,6.438446998596191,0,0.182010871897,402.0,260.0,260.0
293,293,2001,6.8568949699401855,5.097559452056885,0,0.00661414063659,402.5,260.0,260.0
294,294,2002,6.012716293334961,5.097559452056885,0,0.000818885544731,402.5,260.0,260.0
295,295,2003,6.9289751052856445,6.097341537475586,0,0.0818460936821,403.5,260.0,260.0
296,296,2004,5.848639011383057,7.8150224685668945,0,0.0376842318436,405.5,260.0,260.0
297,297,2005,6.929121017456055,7.816515922546387,0,0.0891323038838,401.5,260.0,260.0
298,298,2006,5.784548759460449,7.346094608306885,0,0.0860217920828,403.5,260.0,260.0
299,299,2007,6.204798221588135,6.255681991577148,0,0.0469974898019,405.0,260.0,260.0
300,300,2008,5.78141450881958,6.565178394317627,0,0.100882591597,406.0,260.0,260.0
301,301,2009,6.558309555053711,6.558988094329834,0,0.0495390758886,405.5,260.0,260.0
302,302,2010,6.29299783706665,7.308060169219971,0,0.0473381654121,403.5,260.0,260.0
303,303,2011,6.457037448883057,7.151125907897949,0,0.0218957260053,405.5,260.0,260.0
304,304,2012,6.125837326049805,6.870605945587158,0,0.0924072128655,408.5,260.0,260.0
305,305,2013,6.168320178985596,6.737572193145752,0,0.00949177090358,409.5,260.0,260.0
306,306,2014,6.6958327293396,6.662177562713623,0,0.0511107818824,407.5,260.0,260.0
307,307,2015,5.993463516235352,6.212399482727051,0,0.00129344713951,409.5,260.0,260.0
308,308,2016,5.8812336921691895,5.997371673583984,0,0.134580531897,408.0,260.0,260.0
309,309,2017,5.716481685638428,8.234929084777832,0,0.0543081830767,408.0,261.0,261.0
310,310,2018,6.567368507385254,8.234929084777832,0,0.030192670933,408.0,261.0,261.0
311,311,2019,6.020896434783936,8.216864585876465,0,0.098797555643,409.5,261.0,261.0
312,312,2020,5.825939655303955,7.082012176513672,0,0.1190154657,406.0,261.0,261.0
313,313,2021,5.479075908660889,5.90329647064209,0,0.0400953730723,408.0,261.0,261.0
314,314,2022,6.355781078338623,7.170098304748535,0,0.000352969934504,408.5,261.0,261.0
315,315,2023,5.394262313842773,7.309409618377685,0,0.0199382087389,408.5,261.0,261.0
316,316,2024,6.566868305206299,6.936259746551514,0,0.0431773177374,409.5,261.0,261.0
317,317,2025,6.315157890319824,6.936259746551514,0,0.00692399586454,409.5,261.0,261.0
318,318,2026,6.109749794006348,7.168877601623535,0,0.0450854139788,407.0,261.0,261.0
319,319,2027,5.487371444702148,8.267148971557617,0,0.100402288757,406.5,260.0,260.0
320,320,2028,6.087438583374023,8.283381462097168,0,0.0947265960537,407.0,261.0,261.0
321,321,2029,6.303935527801514,7.408287525177002,0,0.101906976821,408.5,261.0,261.0
322,322,2030,6.220710277557373,6.1419830322265625,0,0.0358274684977,408.5,261.0,261.0
323,323,2031,5.695359706878662,6.744487285614014,0,0.0614654079268,408.5,261.0,261.0
324,324,2032,5.880456924438477,6.744487285614014,0,0.0459947300345,408.5,261.0,261.0
325,325,2033,6.7606120109558105,7.641990184783935,0,0.122435413076,408.5,261.0,261.0
326,326,2034,5.7675886154174805,6.43515157699585,0,0.0488223196428,408.5,261.0,261.0
327,327,2035,5.151185512542725,6.42613697052002,0,0.0543173532419,409.5,261.0,261.0
328,328,2036,7.5873942375183105,6.42613697052002,0,7.4486205495e-05,409.5,261.0,261.0
329,329,2037,6.088832855224609,5.317170143127441,0,0.0719277003913,409.5,261.0,261.0
330,330,2038,6.924805641174316,6.312995910644531,0,0.101141136937,409.5,261.0,261.0
331,331,2039,5.539360523223877,7.266870498657227,0,0.118022271198,409.5,260.0,260.0
332,332,2040,6.787434577941895,7.155952453613281,0,0.0446341434382,407.5,260.0,260.0
333,333,2041,5.838591575622559,6.975381851196289,0,0.0298997924448,408.5,260.0,260.0
334,334,2042,6.372961044311523,6.841199398040772,0,0.0429172530447,408.5,261.0,261.0
335,335,2043,5.315223693847656,7.042757034301758,0,0.0224753650252,410.5,261.0,261.0
336,336,2044,6.547672271728516,7.042013645172119,0,0.0413695826167,410.5,261.0,261.0
337,337,2045,5.111248016357422,6.242096900939941,0,0.154304335493,405.0,260.0,260.0
338,338,2046,5.811313152313232,6.576135635375977,0,0.128197303195,403.0,260.0,260.0
339,339,2047,6.801236629486084,8.40821647644043,0,0.118938655381,404.5,260.0,260.0
340,340,2048,5.196275234222412,7.6983642578125,0,0.0382909703938,404.5,260.0,260.0
341,341,2049,6.089035511016846,7.710851192474365,0,0.0195956519306,406.5,260.0,260.0
342,342,2050,5.600507736206055,7.709601402282715,0,0.0196847466619,407.5,260.0,260.0
343,343,2051,6.556509971618652,7.71340799331665,0,0.0948308575037,405.5,260.0,260.0
344,344,2052,5.157810211181641,6.720006465911865,0,0.125264235225,401.0,260.0,260.0
345,345,2053,5.544023036956787,6.6946868896484375,0,0.0522321081612,401.5,260.0,260.0
346,346,2054,6.139894008636475,6.9216814041137695,0,0.106767808495,406.0,260.0,260.0
347,347,2055,6.152729511260986,6.331613540649414,0,0.0385975329998,404.0,260.0,260.0
348,348,2056,6.201468467712402,6.384231090545654,0,0.162966503929,405.0,260.0,260.0
349,349,2057,6.529983997344971,6.259648323059082,0,0.0731252032107,405.0,260.0,260.0
350,350,2058,6.953466892242432,6.415532112121582,0,0.0321503989542,403.0,260.0,260.0
351,351,2059,7.15681266784668,6.505786418914795,0,0.0751135199845,404.5,260.0,260.0
352,352,2060,7.297361850738525,6.50703239440918,0,0.0017000970411,403.5,260.0,260.0
353,353,2061,5.956207752227783,6.383550643920898,0,0.0874733344792,404.5,260.0,260.0
354,354,2062,6.209063053131104,6.400613307952881,0,0.00310238832322,406.0,260.0,260.0
355,355,2063,5.429022789001465,6.422192573547363,0,0.000498234496495,406.0,260.0,260.0
356,356,2064,6.302825927734375,6.55382251739502,0,0.00489191437693,407.0,260.0,260.0
357,357,2065,5.818213939666748,6.438538551330566,0,0.00472212373876,404.0,260.0,260.0
358,358,2066,6.7430524826049805,6.440160274505615,0,0.00281077161961,403.0,260.0,260.0
359,359,2067,6.013907909393311,4.164198875427246,0,0.0710354882356,404.0,260.0,260.0
360,360,2068,7.178128719329834,3.501767158508301,0,0.0793657205476,405.0,260.0,260.0
361,361,2069,5.828746318817139,3.546257734298706,0,0.0478175519502,403.5,260.0,260.0
362,362,2070,6.041591167449951,4.187735080718994,0,0.0010248114395,404.5,260.0,260.0
363,363,2071,6.888211250305176,5.547169208526611,0,0.0836049550949,405.0,260.0,260.0
364,364,2072,6.42686128616333,5.690051555633545,0,0.123800738407,406.5,260.0,260.0
365,365,2073,6.525168418884277,4.368340492248535,0,0.069884456826,406.5,260.0,260.0
366,366,2074,5.9436516761779785,5.5264739990234375,0,0.1919704274,408.5,260.0,260.0
367,367,2075,5.970949649810791,5.424900054931641,0,0.150878255213,408.5,261.0,261.0
368,368,2076,5.733264446258545,4.763246059417725,0,0.133700872272,408.5,260.0,260.0
369,369,2077,5.726802349090576,6.1404218673706055,0,0.00194336121791,406.0,260.0,260.0
370,370,2078,5.473743438720703,5.807962417602539,0,0.0538068404852,404.5,260.0,260.0
371,371,2079,5.564758777618408,4.5705180168151855,0,0.0274865668001,401.5,260.0,260.0
372,372,2080,6.363315582275391,5.178361415863037,0,0.158139038261,403.5,260.0,260.0
373,373,2081,6.655944347381592,5.41370153427124,0,0.0567119765095,401.0,260.0,260.0
374,374,2082,5.751730442047119,5.2925238609313965,0,0.128131944788,402.0,260.0,260.0
375,375,2083,6.504514694213867,5.56273889541626,0,0.171214453156,404.5,260.0,260.0
376,376,2084,5.861466407775879,5.56273889541626,0,0.026100091696,404.5,260.0,260.0
377,377,2085,5.957774639129639,5.18062162399292,0,0.103233740901,404.5,260.0,260.0
378,378,2086,5.291807651519775,4.6483988761901855,0,0.100788568019,402.5,260.0,260.0
379,379,2087,6.3210978507995605,4.995090961456299,0,0.0531589089777,402.5,260.0,260.0
380,380,2088,6.036884307861328,5.360747814178467,0,0.142264389247,403.5,260.0,260.0
381,381,2089,5.894129276275635,7.6744256019592285,0,0.11022708842,403.5,260.0,260.0
382,382,2090,5.647497653961182,7.677854061126709,0,0.0533730401745,404.5,260.0,260.0
383,383,2091,5.844061851501465,7.974566459655762,0,0.141075751888,405.5,260.0,260.0
384,384,2092,6.212753772735596,7.68723201751709,0,0.0790684646148,406.0,260.0,260.0
385,385,2093,6.58661413192749,7.111850261688232,0,0.00680999122889,404.5,261.0,261.0
386,386,2094,5.493935108184815,6.9750189781188965,0,0.0837324152925,407.5,260.0,260.0
387,387,2095,5.822651386260986,6.740596294403076,0,0.110716559702,408.5,261.0,261.0
388,388,2096,5.533576965332031,6.804230690002441,0,0.0765046218607,407.0,260.0,260.0
389,389,2097,5.22088098526001,6.803563594818115,0,0.0110777227137,408.0,260.0,260.0
390,390,2098,5.918306827545166,6.383147239685059,0,0.0387658117068,408.0,261.0,261.0
391,391,2099,5.881576061248779,6.752803802490234,0,0.0768931802921,407.5,260.0,260.0
392,392,2100,5.773268222808838,6.87618350982666,0,0.14076202082,408.0,260.0,260.0
393,393,2101,5.988025188446045,6.614828109741211,0,0.166177460469,407.5,260.0,260.0
394,394,2102,6.4939680099487305,6.547213077545166,0,0.146984142159,407.5,260.0,260.0
395,395,2103,6.435662269592285,6.0370259284973145,0,0.00119104865528,405.5,261.0,261.0
396,396,2104,5.900995254516602,1.90292227268219,0,0.0131294674834,407.5,261.0,261.0
397,397,2105,6.148254871368408,1.90292227268219,0,0.107124826498,407.5,261.0,261.0
398,398,2106,6.725006580352783,1.703016757965088,0,0.135104726181,408.5,261.0,261.0
399,399,2107,6.285315036773682,2.265688180923462,0,0.0389878676434,408.5,261.0,261.0
400,400,2108,4.514866352081299,4.282012462615967,0,0.0686393049888,407.5,261.0,261.0
401,401,2109,5.295036792755127,3.830379724502564,0,0.0677154110819,409.0,261.0,261.0
402,402,2110,4.990848064422607,3.520068407058716,0,0.138490830203,408.5,261.0,261.0
403,403,2111,5.78369140625,2.996637344360352,0,0.219456325599,407.5,260.0,260.0
404,404,2112,5.794322490692139,3.370000123977661,0,0.123873509432,407.5,260.0,260.0
405,405,2113,5.669958114624023,3.617657899856568,0,0.0884973741888,405.5,260.0,260.0
406,406,2114,6.3360090255737305,3.654184579849243,0,0.103332307131,408.0,261.0,261.0
407,407,2115,5.463994979858398,2.786961317062378,0,0.0990031966293,408.5,261.0,261.0
408,408,2116,6.064284801483154,2.6198229789733887,0,0.0398145039498,407.0,261.0,261.0
409,409,2117,5.580770969390869,1.5177593231201172,0,0.208580835227,406.0,260.0,260.0
410,410,2118,6.254774570465088,1.503998875617981,0,0.192648840944,406.5,260.0,260.0
411,411,2119,5.892100811004639,2.990913391113281,0,0.0501303602757,403.5,260.0,260.0
412,412,2120,5.672501087188721,3.0898616313934326,0,0.169901581066,406.5,260.0,260.0
413,413,2121,5.764908313751221,3.088185787200928,0,0.00066529667658,405.5,260.0,260.0
414,414,2122,5.721628665924072,3.11612868309021,0,0.0119541556853,403.5,260.0,260.0
415,415,2123,6.467700004577637,3.073948383331299,0,0.162074903828,402.5,260.0,260.0
416,416,2124,6.104912281036377,3.077920436859131,0,0.000933211771944,401.5,260.0,260.0
417,417,2125,6.748147487640381,3.223719835281372,0,0.00254234030909,402.5,260.0,260.0
418,418,2126,5.667464733123779,3.44885802268982,0,0.00510689173938,402.5,260.0,260.0
419,419,2127,6.714759826660156,5.02650785446167,0,0.0877744517744,404.5,260.0,260.0
420,420,2128,6.316800117492676,4.824524879455566,0,0.0544647669598,401.5,260.0,260.0
421,421,2129,5.953662872314453,4.824524879455566,0,0.05435775622695001,401.5,260.0,260.0
422,422,2130,5.272835850715637,4.804346561431885,0,0.15767329822499998,405.0,260.0,260.0
423,423,2131,5.016728639602661,6.734374523162842,1,0.24571924045339996,398.5,259.0,259.0
424,424,2355,5.900605201721191,5.445983409881592,0,0.0,0.0,0.0,0.0
425,425,2356,6.284537315368652,5.454059600830078,0,0.0822028095015,27.0,161.0,161.0
426,426,2357,5.725547790527344,5.624568939208984,0,0.167521944775,29.5,161.0,161.0
427,427,2358,5.70603084564209,6.222909927368164,0,0.0613024288899,29.5,161.0,161.0
428,428,2359,6.002614498138428,6.242126941680908,0,0.172933619124,29.5,161.0,161.0
429,429,2360,5.999622821807861,6.228623867034912,0,0.0351969338159,29.5,161.0,161.0
430,430,2361,5.502642154693604,6.189066886901856,0,0.0131491683972,29.5,161.0,161.0
431,431,2362,5.836534023284912,6.303822994232178,0,0.187420408579,29.5,161.0,161.0
432,432,2363,6.232344150543213,5.730685710906982,0,0.0735494442235,29.5,161.0,161.0
433,433,2364,5.901817798614502,7.2850661277771,0,0.158263798723,28.5,161.0,161.0
434,434,2365,6.002433776855469,7.2850661277771,0,0.00258687118158,28.5,161.0,161.0
435,435,2366,4.950531005859375,7.440950870513916,0,0.0916580680931,26.5,161.0,161.0
436,436,2367,6.167223930358887,7.428737163543701,0,0.172957474965,28.5,161.0,161.0
437,437,2368,5.344105243682861,7.367169857025146,0,0.231521451159,24.5,161.0,161.0
438,438,2369,5.294181346893311,6.510341167449951,0,0.0363170066784,25.5,161.0,161.0
439,439,2370,6.000633239746094,7.356254577636719,0,0.0152573248088,26.0,161.0,161.0
440,440,2371,5.609404563903809,7.236060619354248,0,0.205404433993,22.0,161.0,161.0
441,441,2372,5.523530960083008,6.060815334320068,0,0.293202712163,25.0,160.0,160.0
442,442,2373,6.106358051300049,7.389094352722168,0,0.00425021903746,26.0,161.0,161.0
443,443,2374,5.19059419631958,7.423567295074463,0,0.233231300995,26.0,161.0,161.0
444,444,2375,6.424743175506592,5.358904838562012,0,0.178057899966,26.0,161.0,161.0
445,445,2376,5.440055847167969,5.357183933258057,0,0.001849602813872,27.0,161.0,161.0
446,446,2377,5.634577512741089,5.357183933258057,0,0.0,27.0,161.0,161.0
447,447,2378,5.625447607040406,5.638376235961914,1,0.41462308013419996,21.5,161.0,161.0
448,448,2751,5.004738807678223,5.139590740203857,0,0.0,0.0,0.0,0.0
449,449,2752,4.517568588256836,5.1267266273498535,0,0.196946272533,32.5,194.0,194.0
450,450,2753,3.355330467224121,5.15062141418457,0,0.189103086638,31.5,193.0,193.0
451,451,2754,3.9922690391540527,5.15062141418457,0,0.0512134356896,31.5,193.0,193.0
452,452,2755,4.26617431640625,5.01986026763916,0,0.205270379671,34.0,194.0,194.0
453,453,2756,4.086954593658447,5.027896404266357,0,0.158987864526,28.5,194.0,194.0
454,454,2757,3.900313138961792,5.563699245452881,0,0.197641859226,25.0,194.0,194.0
455,455,2758,4.166463851928711,5.308253765106201,0,0.193512882895,29.5,194.0,194.0
456,456,2759,4.994436264038086,4.1788105964660645,0,0.175598652651,30.5,194.0,194.0
457,457,2760,3.175882577896118,4.667829990386963,0,0.162172472262,28.5,194.0,194.0
458,458,2761,4.534381866455078,3.1026179790496826,0,0.229164167189,28.0,194.0,194.0
459,459,2762,3.937142372131348,3.3270957469940186,0,0.257078293133,30.5,194.0,194.0
460,460,2763,5.369063854217529,3.332409620285034,0,0.195910583558,30.0,195.0,195.0
461,461,2764,2.9636242389678955,4.007082462310791,0,0.182159010122,29.5,194.0,194.0
462,462,2765,4.68016242980957,4.25117301940918,0,0.215281282726,34.5,194.0,194.0
463,463,2766,3.76142692565918,4.249069213867188,0,0.226867844951,27.0,195.0,195.0
464,464,2767,5.088281631469727,2.9073872566223145,0,0.0723772758338,27.0,195.0,195.0
465,465,2768,3.279487609863281,2.8661813735961914,0,0.232857675178,27.0,195.0,195.0
466,466,2769,5.407310485839844,4.688836574554443,0,0.173118470359,29.0,194.0,194.0
467,467,2770,4.077060699462891,5.447291851043701,0,0.191721384077,27.5,195.0,195.0
468,468,2771,4.190822124481201,5.769864082336426,0,0.195245505772,30.5,196.0,196.0
469,469,2772,3.7427144050598153,5.769864082336426,0,0.0543275448434,30.5,196.0,196.0
470,470,2773,4.600919723510742,5.447997570037842,0,0.179551050609,29.5,195.0,195.0
471,471,2774,4.111029148101807,5.602048397064209,0,0.20910860605,29.5,195.0,195.0
472,472,2775,3.4773287773132324,5.830502033233643,0,0.210767598027,31.5,195.0,195.0
473,473,2776,3.975043296813965,5.654085636138916,0,0.144225435864,30.0,195.0,195.0
474,474,2777,4.597029209136963,5.613486289978027,0,0.172647278815,30.0,195.0,195.0
475,475,2778,4.140722274780273,5.613146781921387,0,0.115016493292,31.0,195.0,195.0
476,476,2779,3.923274278640747,5.625181674957275,0,0.0902970898608,30.0,195.0,195.0
477,477,2780,4.686187267303467,5.584862232208252,0,0.200421006821,30.5,195.0,195.0
478,478,2781,5.63789701461792,5.488304615020752,0,0.214825949777,31.0,196.0,196.0
479,479,2782,5.240692138671875,5.35073184967041,0,0.236025702102,31.5,196.0,196.0
480,480,2783,4.134067058563232,4.975537300109863,0,0.233787988446,30.5,195.0,195.0
481,481,2784,4.890646934509277,5.162930011749268,0,0.187832041809,28.5,195.0,195.0
482,482,2785,5.312804698944092,4.620380878448486,0,0.248871352012,30.5,195.0,195.0
483,483,2786,4.472003936767578,4.620380878448486,0,0.0139074321796,30.5,195.0,195.0
484,484,2787,4.960780620574951,5.174949169158936,0,0.225052517482,30.5,195.0,195.0
485,485,2788,4.785372257232666,4.959848403930664,0,0.216490082144,31.5,195.0,195.0
486,486,2789,4.515807628631592,5.02532958984375,0,0.199331508669,32.5,196.0,196.0
487,487,2790,4.078428745269775,5.02532958984375,0,0.00672410320965,32.5,196.0,196.0
488,488,2791,3.4067318439483643,3.3547494411468506,0,0.115034713654,32.5,195.0,195.0
489,489,2792,4.311708450317383,3.289954423904419,0,0.17823971932360003,30.0,195.0,195.0
490,490,2793,3.829123067855835,4.0037522315979,0,0.17408791804624998,29.5,195.0,195.0
491,491,2794,3.2826637744903566,4.135903835296631,1,0.1806453771752,32.0,196.0,196.0
492,492,2958,6.534134387969971,7.441519737243652,0,0.0,0.0,0.0,0.0
493,493,2959,6.423116207122803,6.5824785232543945,0,0.255132886235,397.0,262.0,262.0
494,494,2960,6.822253227233887,6.613100528717041,0,0.277370395591,393.5,262.0,262.0
495,495,2961,6.9596757888793945,6.612740516662598,0,0.163014952764,394.5,262.0,262.0
496,496,2962,6.336634635925293,7.009990692138672,0,0.386142320733,399.0,262.0,262.0
497,497,2963,5.547447204589844,5.653594970703125,0,0.219030742907,395.5,262.0,262.0
498,498,2964,7.0256028175354,5.305838584899902,0,0.187760397583,396.0,262.0,262.0
499,499,2965,6.022232055664063,5.2462358474731445,0,0.123362338517,397.0,262.0,262.0
500,500,2966,5.836116790771484,5.2462358474731445,0,0.000477371749843,397.0,262.0,262.0
501,501,2967,5.443332195281982,5.28538179397583,0,0.216415915105,399.5,262.0,262.0
502,502,2968,8.141562461853027,5.335078716278076,0,0.147441884223,400.5,262.0,262.0
503,503,2969,6.160125255584717,5.37523078918457,0,0.0405638578118,397.0,262.0,262.0
504,504,2970,7.102212905883789,7.025437355041504,0,0.268512362156,397.0,262.0,262.0
505,505,2971,5.870255470275879,7.46422815322876,0,0.132428044006,397.5,262.0,262.0
506,506,2972,7.982689380645752,6.745959281921387,0,0.147632786985,396.5,263.0,263.0
507,507,2973,6.185497283935547,8.028319358825684,0,0.229182224357,394.5,262.0,262.0
508,508,2974,7.072575092315674,6.806074619293213,0,0.139059836691,396.5,262.0,262.0
509,509,2975,8.0791597366333,6.806074619293213,0,0.0572804888091,396.5,262.0,262.0
510,510,2976,5.505129337310791,6.786399841308594,0,0.123778045483,395.0,262.0,262.0
511,511,2977,5.094412803649902,6.790175437927246,0,0.135210800274,396.0,262.0,262.0
512,512,2978,5.14641809463501,7.602765083312988,0,0.122542579466,394.0,263.0,263.0
513,513,2979,4.850584030151367,8.027002334594727,0,0.100344986311,400.0,262.0,262.0
514,514,2980,5.876853466033936,8.018047332763672,0,0.0312478708411,397.0,262.0,262.0
515,515,2981,5.669849395751953,7.949075222015381,0,0.196792353944,397.0,262.0,262.0
516,516,2982,5.223299503326416,6.808017730712891,0,0.0674903379546,398.0,262.0,262.0
517,517,2983,5.174452781677246,6.801051139831543,0,0.0901335703065,393.5,262.0,262.0
518,518,2984,6.701961994171143,7.796830654144287,0,0.266876219063,397.0,263.0,263.0
519,519,2985,5.952794075012207,7.79331111907959,0,0.0739707414638,396.0,263.0,263.0
520,520,2986,6.8104023933410645,7.962095260620117,0,0.179201220666,395.5,263.0,263.0
521,521,2987,5.313411712646484,7.961928367614746,0,0.116981796248,394.5,262.0,262.0
522,522,2988,7.035024166107178,7.625319004058838,0,0.15730651768,394.5,262.0,262.0
523,523,2989,6.433899402618408,7.758986473083496,0,0.218931606038,400.5,263.0,263.0
524,524,2990,7.085731983184815,7.774874210357666,0,0.070049023239,396.5,262.0,262.0
525,525,2991,5.331350326538086,7.843265056610107,0,0.0743833908106,394.5,262.0,262.0
526,526,2992,7.03793478012085,7.843265056610107,0,0.0205475198203,394.5,262.0,262.0
527,527,2993,5.828323841094971,7.8514533042907715,0,0.26116165641,396.5,262.0,262.0
528,528,2994,6.514804840087891,7.907292366027832,0,0.134247142865,397.5,262.0,262.0
529,529,2995,6.5822296142578125,7.924548149108887,0,0.32866825418,396.0,262.0,262.0
530,530,2996,6.606459617614746,7.877774715423584,0,0.235907144143,393.5,262.0,262.0
531,531,2997,6.380472660064697,7.877774715423584,0,0.0419562892125,393.5,262.0,262.0
532,532,2998,6.616206645965576,7.896176338195801,0,0.0918443541331,395.0,262.0,262.0
533,533,2999,6.241798400878906,7.866073131561279,0,0.0733556130122,397.5,262.0,262.0
534,534,3000,6.652900218963623,7.817216873168945,0,0.195177211659,397.0,262.0,262.0
535,535,3001,7.587371349334717,7.839031219482422,0,0.18319009353,396.5,262.0,262.0
536,536,3002,7.163931369781494,7.739860534667969,0,0.17257849684,396.0,262.0,262.0
537,537,3003,6.1595845222473145,7.464682102203369,0,0.0382348319521,397.5,262.0,262.0
538,538,3004,7.063029766082764,5.474813461303711,0,0.0453122500135,393.0,262.0,262.0
539,539,3005,6.870748996734619,3.134406566619873,0,0.219716721029,395.5,262.0,262.0
540,540,3006,7.968154907226562,3.729652404785156,0,0.178754966608,395.0,262.0,262.0
541,541,3007,6.61616849899292,1.0413588285446167,0,0.231462485999,397.0,262.0,262.0
542,542,3008,7.616156101226807,0.9475878477096558,0,0.223863035634,394.0,262.0,262.0
543,543,3009,6.9430975914001465,1.0978840589523315,0,0.182275218519,395.0,262.0,262.0
544,544,3010,8.12483024597168,1.092911720275879,0,0.258777036043,398.0,261.0,261.0
545,545,3011,7.556153297424316,1.0946348905563354,0,0.105541609914,396.0,261.0,261.0
546,546,3012,8.32801628112793,1.1278369426727295,0,0.26445728395350004,396.0,261.0,261.0
547,547,3013,7.516663360595702,1.1762995719909668,0,0.41282154644375,390.5,260.0,260.0
548,548,3014,6.5057769298553465,1.3775795698165894,1,0.6078572468205999,383.5,257.0,257.0
549,549,3241,4.743096828460693,5.599234104156494,0,0.0,0.0,0.0,0.0
550,550,3242,5.149750232696533,5.61606502532959,0,0.441175569993,29.0,237.0,237.0
551,551,3243,5.5642805099487305,5.628157615661621,0,0.46860543076,27.0,237.0,237.0
552,552,3244,5.463798999786377,4.993731498718262,0,0.50629092919,29.0,238.0,238.0
553,553,3245,5.22899055480957,5.9644293785095215,0,0.23842837379,27.5,237.0,237.0
554,554,3246,5.375543117523193,5.283779621124268,0,0.47212611663,30.5,237.0,237.0
555,555,3247,4.620829105377197,6.537337779998779,0,0.385503742904,29.5,237.0,237.0
556,556,3248,5.923330307006836,6.537337779998779,0,0.186720886584,29.5,237.0,237.0
557,557,3249,4.916335582733154,6.731785297393799,0,0.514671637206,26.0,238.0,238.0
558,558,3250,5.058891296386719,6.384100914001465,0,0.514337241394,28.0,238.0,238.0
559,559,3251,5.857944965362549,6.295855522155762,0,0.429897628329,26.5,238.0,238.0
560,560,3252,5.776205539703369,6.246718883514404,0,0.52370261818,25.5,238.0,238.0
561,561,3253,5.199282169342041,6.038218975067139,0,0.521485047867,27.0,238.0,238.0
562,562,3254,5.835463047027588,5.382710933685303,0,0.51849147229,25.0,237.0,237.0
563,563,3255,5.311676502227783,5.3939361572265625,0,0.452726378793,24.5,237.0,237.0
564,564,3256,6.520575523376465,5.031617164611816,0,0.498160981257,25.5,237.0,237.0
565,565,3257,4.510455131530762,4.071691513061523,0,0.364458062959,27.5,237.0,237.0
566,566,3258,5.647519588470459,3.6855077743530273,0,0.494235892919,27.5,238.0,238.0
567,567,3259,5.22041654586792,3.8183302879333496,0,0.497862524355,28.0,237.0,237.0
568,568,3260,5.639153003692627,4.023439884185791,0,0.540790777951,27.0,237.0,237.0
569,569,3261,4.957175254821777,4.023439884185791,0,0.087748783777,27.0,237.0,237.0
570,570,3262,6.016541481018066,3.794130086898804,0,0.370076805188,27.5,237.0,237.0
571,571,3263,5.251642227172852,3.7866017818450928,0,0.341273902267,27.5,237.0,237.0
572,572,3264,6.059657573699951,4.218241214752197,0,0.551007415069,29.5,237.0,237.0
573,573,3265,5.703990936279297,4.756484031677246,0,0.399162258227,27.5,237.0,237.0
574,574,3266,5.978869915008545,4.749574184417725,0,0.152526889906,28.5,237.0,237.0
575,575,3267,6.23142671585083,4.869065284729004,0,0.454198519376,28.0,237.0,237.0
576,576,3268,5.712923049926758,4.66641092300415,0,0.5272307312,27.5,237.0,237.0
577,577,3269,6.033009052276611,4.039740085601807,0,0.410678642488,25.0,237.0,237.0
578,578,3270,6.269850254058838,4.039740085601807,0,0.134179807981,25.0,237.0,237.0
579,579,3271,5.41845703125,4.039740085601807,0,6.26836489543e-06,25.0,237.0,237.0
580,580,3272,5.658212184906006,4.116830348968506,0,0.577340154887,29.0,237.0,237.0
581,581,3273,5.77801513671875,3.992372274398804,0,0.341683546598,28.0,237.0,237.0
582,582,3274,5.148734092712402,3.850023031234741,0,0.486037644804,28.0,237.0,237.0
583,583,3275,5.173053741455078,4.123929977416992,0,0.408460595255,26.0,237.0,237.0
584,584,3276,5.631423473358154,4.031031131744385,0,0.303093965924,26.0,237.0,237.0
585,585,3277,5.615478992462158,4.038986206054688,0,0.00123413669846,26.0,237.0,237.0
586,586,3278,6.036111831665039,3.840245246887207,0,0.528496751591,26.5,238.0,238.0
587,587,3279,4.847421169281006,3.732008457183838,0,0.261902648893,22.5,238.0,238.0
588,588,3280,5.524010181427002,1.2948530912399292,0,0.257975738034,23.0,237.0,237.0
589,589,3281,5.516538619995117,1.2948530912399292,0,0.013055901019,23.0,237.0,237.0
590,590,3282,5.026756763458252,0.7291058301925659,0,0.525862940335,29.5,236.0,236.0
591,591,3283,4.741910457611084,0.8343894481658936,0,0.400739078149,29.0,235.0,235.0
592,592,3284,5.510803699493408,0.810578465461731,0,0.411806357158,26.5,235.0,235.0
593,593,3285,5.142892360687256,1.501693844795227,0,0.378265147777,27.0,235.0,235.0
594,594,3286,5.152831554412842,1.4882570505142212,0,0.149585051557,28.0,235.0,235.0
595,595,3287,4.7665791511535645,1.1529604196548462,0,0.4886483359054,25.5,234.0,234.0
596,596,3288,4.82859513759613,0.8944319486618042,0,0.44136388353375,28.5,234.0,234.0
597,597,3289,4.478564643859864,0.240811288356781,1,0.5426155000741999,28.0,233.0,233.0
598,598,3602,8.57376480102539,5.15548849105835,0,0.0,0.0,0.0,0.0
599,599,3603,8.998902320861816,5.688188552856445,0,0.096425688451,323.0,162.0,162.0
600,600,3604,8.093149185180664,5.688188552856445,0,0.00160163341667,323.0,162.0,162.0
601,601,3605,8.599454879760742,5.335545063018799,0,0.0914798372179,321.0,162.0,162.0
602,602,3606,7.82319450378418,5.22025203704834,0,0.119347251826,321.0,162.0,162.0
603,603,3607,8.106917381286621,5.443984031677246,0,0.0969081582226,320.0,163.0,163.0
604,604,3608,8.186830520629883,6.318055152893066,0,0.151441055492,320.0,163.0,163.0
605,605,3609,7.717891693115234,6.318055152893066,0,0.103146996594,320.0,163.0,163.0
606,606,3610,9.132189750671388,7.679478168487549,0,0.134093284457,321.5,163.0,163.0
607,607,3611,7.963659763336182,7.594187259674072,0,0.0609019266054,320.0,163.0,163.0
608,608,3612,8.032560348510742,7.564740180969238,0,0.104216953837,319.0,163.0,163.0
609,609,3613,8.333501815795898,7.062911033630371,0,0.113890845429,320.0,163.0,163.0
610,610,3614,7.752588748931885,6.031062602996826,0,0.0607413038084,321.0,163.0,163.0
611,611,3615,8.201674461364746,6.045186996459961,0,0.136213951668,322.5,163.0,163.0
612,612,3616,7.76258373260498,6.934049606323242,0,0.115667633995,322.0,162.0,162.0
613,613,3617,8.170022964477539,6.934049606323242,0,0.0779118291373,322.0,162.0,162.0
614,614,3618,7.984615802764893,6.372329235076904,0,0.113559769452,320.0,162.0,162.0
615,615,3619,7.481231689453125,6.292776584625244,0,0.0909366421837,321.0,162.0,162.0
616,616,3620,7.239861011505127,4.186842918395996,0,0.105851492994,320.0,162.0,162.0
617,617,3621,7.5057902336120605,5.7467041015625,0,0.179809028694,315.0,162.0,162.0
618,618,3622,8.371376037597656,4.946825981140137,0,0.190174747645,317.0,162.0,162.0
619,619,3623,7.702159404754639,4.946825981140137,0,0.091283586834,317.0,162.0,162.0
620,620,3624,8.434372901916504,6.388047218322754,0,0.20326438734,314.0,162.0,162.0
621,621,3625,7.898245334625244,6.2780632972717285,0,0.216153090199,311.5,162.0,162.0
622,622,3626,8.87724494934082,4.348250389099121,0,0.124145855171,310.0,162.0,162.0
623,623,3627,7.488514423370361,4.348250389099121,0,0.128707018776,310.0,162.0,162.0
624,624,3628,7.794921398162842,4.669784069061279,0,0.113529653181,309.0,162.0,162.0
625,625,3629,7.294065952301025,5.245521545410156,0,0.144361465433,316.5,162.0,162.0
626,626,3630,8.682838439941406,5.164304256439209,0,0.146029859448,319.0,162.0,162.0
627,627,3631,8.14637565612793,5.037108421325684,0,0.070536558044,318.0,162.0,162.0
628,628,3632,7.76431131362915,5.037108421325684,0,0.0868624158833,318.0,162.0,162.0
629,629,3633,7.773090362548828,4.344815731048584,0,0.166999694895,315.0,162.0,162.0
630,630,3634,8.913050651550293,4.160338878631592,0,0.173112911027,309.5,162.0,162.0
631,631,3635,7.852897644042969,4.351088047027588,0,0.119500185458,308.0,162.0,162.0
632,632,3636,8.365687370300293,4.959019184112549,0,0.176019303445,308.5,162.0,162.0
633,633,3637,7.516619205474853,4.904768943786621,0,0.147455895695,309.5,162.0,162.0
634,634,3638,8.244670867919922,4.642613410949707,0,0.0833620245152,311.0,162.0,162.0
635,635,3639,7.340676307678223,4.420785903930664,0,0.0943080774912,310.0,162.0,162.0
636,636,3640,8.327116966247559,4.420785903930664,0,0.0961995456638,310.0,162.0,162.0
637,637,3641,7.332642555236816,4.515228748321533,0,0.112792200314,311.0,162.0,162.0
638,638,3642,8.312637329101562,4.327147960662842,0,0.151896751213,310.5,162.0,162.0
639,639,3643,6.851381301879883,4.922634124755859,0,0.058147711673,310.5,162.0,162.0
640,640,3644,8.382944107055664,6.188387870788574,0,0.149975305029,307.0,162.0,162.0
641,641,3645,7.176708221435547,6.252095699310303,0,0.173822617805,323.5,162.0,162.0
642,642,3646,8.562339782714844,4.973130226135254,0,0.152142817957,309.0,162.0,162.0
643,643,3647,7.632165908813477,4.749589443206787,0,0.168085150138,309.5,162.0,162.0
644,644,3648,8.611981391906738,4.252216815948486,0,0.140938542323,314.0,162.0,162.0
645,645,3649,6.887156486511231,4.100271224975586,0,0.154913742488,314.5,162.0,162.0
646,646,3650,7.897172927856445,4.857625961303711,0,0.13765857163,314.0,162.0,162.0
647,647,3651,7.094376087188721,4.857625961303711,0,0.0959305083727,314.0,162.0,162.0
648,648,3652,7.77931022644043,5.017923355102539,0,0.175578656927,317.0,162.0,162.0
649,649,3653,6.447174549102783,4.669807434082031,0,0.0796576983028,316.0,162.0,162.0
650,650,3654,6.655104637145996,4.734723091125488,0,0.189220089716,316.0,162.0,162.0
651,651,3655,7.6960062980651855,4.805708885192871,0,0.143743972962,317.0,162.0,162.0
652,652,3656,7.268916130065918,4.871445655822754,0,0.11029769412,317.0,162.0,162.0
653,653,3657,6.553002834320068,3.5861098766326904,0,0.159386246464,318.0,162.0,162.0
654,654,3658,7.056079864501953,0.9183668494224548,0,0.14413456272709999,320.0,162.0,162.0
655,655,3659,6.796905922889709,0.6499068140983582,0,0.20683356996875,323.0,162.0,162.0
656,656,3660,6.228199625015259,1.207963466644287,1,0.1855774568564,308.0,162.0,162.0
657,657,3916,6.4901442527771,4.6742143630981445,0,0.0,0.0,0.0,0.0
658,658,3917,6.126230239868164,4.6742143630981445,0,2.22062320694e-06,40.5,233.0,233.0
659,659,3918,5.64930534362793,4.479650974273682,0,0.051264975162,42.5,233.0,233.0
660,660,3919,6.160027980804443,4.468969821929932,0,0.0237327443585,25.5,233.0,233.0
661,661,3920,6.36607551574707,4.546414375305176,0,0.0499326249632,43.0,233.0,233.0
662,662,3921,6.372275352478027,4.58228874206543,0,4.14435943877e-05,44.5,233.0,233.0
663,663,3922,6.993864059448242,5.243974208831787,0,0.000103799415222,44.0,233.0,233.0
664,664,3923,6.496670246124268,5.753953456878662,0,5.02685388043e-05,44.0,233.0,233.0
665,665,3924,6.692191123962402,5.775661468505859,0,6.46031004017e-05,45.0,234.0,234.0
666,666,3925,6.252588748931885,5.177764415740967,0,2.77245770088e-05,46.0,234.0,234.0
667,667,3926,7.173570156097412,5.166985034942627,0,4.88992096726e-06,45.0,234.0,234.0
668,668,3927,5.736997127532959,5.236607074737549,0,0.000147969080873,24.0,234.0,234.0
669,669,3928,6.4271392822265625,5.2932891845703125,0,4.85781528811e-05,24.0,234.0,234.0
670,670,3929,6.306925296783447,4.666767120361328,0,6.23011362162e-05,44.5,234.0,234.0
671,671,3930,6.872699737548828,4.694169521331787,0,1.31753008628e-05,44.5,234.0,234.0
672,672,3931,6.636141300201416,4.972879886627197,0,3.52473863346e-05,43.0,234.0,234.0
673,673,3932,6.43092679977417,6.3870625495910645,0,4.93797961681e-05,22.5,234.0,234.0
674,674,3933,6.530408382415772,6.395063400268555,0,5.01264824586e-06,22.5,234.0,234.0
675,675,3934,6.7641282081604,5.812701225280762,0,5.98789261357e-05,47.0,234.0,234.0
676,676,3935,6.14686393737793,5.812701225280762,0,0.0,47.0,234.0,234.0
677,677,3936,6.736469268798828,5.765816688537598,0,0.0551573261476,44.0,234.0,234.0
678,678,3937,6.940007209777832,5.645970344543457,0,0.056446782949,43.0,234.0,234.0
679,679,3938,6.622098922729492,5.634705543518066,0,0.0629566341013,41.0,234.0,234.0
680,680,3939,6.517395496368408,5.740875720977783,0,0.0538328877628,45.5,234.0,234.0
681,681,3940,5.637630939483643,5.651981830596924,0,0.0119027145977,44.5,234.0,234.0
682,682,3941,6.043538570404053,5.668850898742676,0,0.0118761753654,43.0,234.0,234.0
683,683,3942,5.54614782333374,5.648130416870117,0,0.0132407170658,41.5,234.0,234.0
684,684,3943,5.649011135101318,5.642459392547607,0,0.0159413412553,45.5,234.0,234.0
685,685,3944,6.021644592285156,5.642459392547607,0,0.00264109737091,45.5,234.0,234.0
686,686,3945,5.767070293426514,6.176609516143799,0,0.011947307424,44.0,234.0,234.0
687,687,3946,5.7566657066345215,6.265026569366455,0,0.0145709758172,45.0,234.0,234.0
688,688,3947,5.776282787322998,5.719686985015869,0,0.0184485447547,41.5,234.0,234.0
689,689,3948,6.11101770401001,6.948805332183838,0,0.014541199935,43.5,234.0,234.0
690,690,3949,5.5904974937438965,6.948805332183838,0,0.00919859749801,43.5,234.0,234.0
691,691,3950,5.826022624969482,6.713431358337402,0,0.0197081236762,44.0,234.0,234.0
692,692,3951,5.7689971923828125,6.784696102142334,0,0.00794503780143,44.5,234.0,234.0
693,693,3952,6.373092174530029,6.869039058685303,0,0.0158136395209,26.5,235.0,235.0
694,694,3953,6.005147933959961,6.785650253295898,0,0.0132111329457,24.5,235.0,235.0
695,695,3954,5.5505475997924805,6.063723564147949,0,0.0145949168282,23.0,235.0,235.0
696,696,3955,6.578442573547363,6.355699062347412,0,0.0210848447268,24.0,235.0,235.0
697,697,3956,5.866537570953369,7.217727184295654,0,0.0301924243974,47.0,235.0,235.0
698,698,3957,6.401630878448486,6.815428256988525,0,0.0249714582391,43.5,235.0,235.0
699,699,3958,5.8439154624938965,6.822772026062012,0,0.00264351390737,44.0,235.0,235.0
700,700,3959,6.498067855834961,7.37231969833374,0,0.0184831108643,45.5,235.0,235.0
701,701,3960,5.122271537780762,7.366496562957764,0,0.0450488030653,25.0,235.0,235.0
702,702,3961,6.121097087860107,6.999128341674805,0,0.00279612036134,46.0,235.0,235.0
703,703,3962,5.5036702156066895,6.966943264007568,0,0.0213537288597,48.0,235.0,235.0
704,704,3963,6.067653656005859,7.023211479187012,0,0.0226969478611,48.0,235.0,235.0
705,705,3964,5.4118828773498535,7.1442389488220215,0,0.00543795829142,49.0,235.0,235.0
706,706,3965,5.533918380737305,7.10872745513916,0,0.0397493896195,46.5,235.0,235.0
707,707,3966,6.733614921569824,7.090011596679688,0,0.0119060813834,46.5,235.0,235.0
708,708,3967,6.94050931930542,7.066820621490479,0,0.0198247771,43.5,236.0,236.0
709,709,3968,5.700998783111572,7.537224769592285,0,0.0187435359145,43.0,236.0,236.0
710,710,3969,6.785589694976807,7.537224769592285,0,1.75742831486e-06,43.0,236.0,236.0
711,711,3970,6.738400936126709,7.512341022491455,0,0.037156791024,42.5,235.0,235.0
712,712,3971,7.191769123077393,7.14187479019165,0,0.0157872659509,23.5,236.0,236.0
713,713,3972,6.837069034576416,7.102126598358154,0,0.00528693857006,23.5,236.0,236.0
714,714,3973,6.761951923370361,7.12244176864624,0,0.0223837025147,45.0,236.0,236.0
715,715,3974,6.944473743438721,7.2054877281188965,0,0.0171647908743,46.5,236.0,236.0
716,716,3975,6.544682502746582,7.542501449584961,0,0.0184136787694,45.5,236.0,236.0
717,717,3976,6.802278518676758,7.432701110839844,0,0.0119063807974,45.5,236.0,236.0
718,718,3977,6.900882244110107,7.077800750732422,0,0.0210704696267,24.0,236.0,236.0
719,719,3978,7.555010795593262,7.25562572479248,0,0.0132650398264,23.5,236.0,236.0
720,720,3979,7.149716377258301,7.25562572479248,0,0.00395267089728,23.5,236.0,236.0
721,721,3980,7.035431385040283,7.370158195495605,0,0.0253949267273,43.0,236.0,236.0
722,722,3981,6.6550397872924805,6.092057704925537,0,0.0253597404981,44.0,236.0,236.0
723,723,3982,7.376619338989258,5.830097198486328,0,0.0158987274559,24.0,236.0,236.0
724,724,3983,6.521115303039551,6.6081414222717285,0,0.0171850742615,24.5,236.0,236.0
725,725,3984,6.947823524475098,5.741725921630859,0,0.0276299835695,23.5,236.0,236.0
726,726,3985,6.897800445556641,5.741725921630859,0,0.0210042677138,23.5,236.0,236.0
727,727,3986,6.912200927734375,5.707597732543945,0,0.0262862394599,47.0,235.0,235.0
728,728,3987,6.219489574432373,5.671988010406494,0,0.0144482419089,46.0,235.0,235.0
729,729,3988,6.7617363929748535,6.349827289581299,0,0.0197496809514,24.0,236.0,236.0
730,730,3989,7.16486120223999,6.477870941162109,0,0.00799446429598,40.5,235.0,235.0
731,731,3990,7.500439643859863,6.542907238006592,0,0.00536392581132,44.0,235.0,235.0
732,732,3991,6.592024803161621,6.567886352539063,0,0.02131914645,42.5,236.0,236.0
733,733,3992,6.93605375289917,6.662583351135254,0,0.026880694782,42.5,235.0,235.0
734,734,3993,6.813844680786133,5.308809757232666,0,0.0240124287604,43.0,235.0,235.0
735,735,3994,6.679845809936523,5.570933818817139,0,0.0357833612401,44.5,235.0,235.0
736,736,3995,6.608588695526123,5.525846481323242,0,0.0177739669573,41.5,235.0,235.0
737,737,3996,6.882956027984619,5.525846481323242,0,4.0912506876e-05,41.5,235.0,235.0
738,738,3997,6.79110050201416,6.584307193756104,0,0.00407538237763,41.5,235.0,235.0
739,739,3998,6.94813871383667,6.600996494293213,0,0.021366646979,42.5,235.0,235.0
740,740,3999,6.683808326721191,6.573545455932617,0,0.0250742362199,42.5,235.0,235.0
741,741,4000,7.384902000427246,6.579734802246094,0,0.0381822074739,43.5,235.0,235.0
742,742,4001,7.240407466888428,5.649304866790772,0,0.0145390723542,45.5,235.0,235.0
743,743,4002,7.333332538604736,5.690737724304199,0,0.00928813219975,45.5,235.0,235.0
744,744,4003,7.200128555297852,6.402375221252441,0,0.0120094485012,25.0,236.0,236.0
745,745,4004,6.963507175445557,6.402375221252441,0,7.201863914e-07,25.0,236.0,236.0
746,746,4005,7.048935890197754,5.565427303314209,0,0.0158515954235,45.5,235.0,235.0
747,747,4006,6.711848735809326,5.806088447570801,0,0.0105555341607,45.5,235.0,235.0
748,748,4007,7.26572322845459,6.817756652832031,0,0.0184447253444,24.0,236.0,236.0
749,749,4008,6.999382019042969,6.462182998657227,0,0.0131625231821,24.0,236.0,236.0
750,750,4009,6.8995537757873535,6.499127388000488,0,0.00790963800533,24.0,236.0,236.0
751,751,4010,6.699710369110107,6.499127388000488,0,5.60039779419e-06,24.0,236.0,236.0
752,752,4011,7.885034561157227,6.470625877380371,0,0.0172119592389,42.5,235.0,235.0
753,753,4012,7.487260341644287,6.6996002197265625,0,0.0171262335126,41.5,236.0,236.0
754,754,4013,7.219398975372314,6.738273143768311,0,0.0145344061294,43.5,236.0,236.0
755,755,4014,7.236668586730957,6.726743221282959,0,0.0197283398047,43.0,236.0,236.0
756,756,4015,8.012722969055176,6.726743221282959,0,2.95131110087e-06,43.0,236.0,236.0
757,757,4016,7.591699123382568,6.744026184082031,0,0.0118578961774,44.0,236.0,236.0
758,758,4017,6.973217010498047,6.564866065979004,0,0.0197600394638,44.5,236.0,236.0
759,759,4018,6.844419956207275,6.733387470245361,0,0.0198135532094,42.5,236.0,236.0
760,760,4019,6.376190185546875,6.920887470245361,0,0.015815120677,44.0,236.0,236.0
761,761,4020,6.302677154541016,6.920887470245361,0,0.00789628211014,44.0,236.0,236.0
762,762,4021,6.295644760131836,6.388743877410889,0,0.0184562697256,43.5,236.0,236.0
763,763,4022,7.569159507751465,5.3235955238342285,0,0.0144887590948,41.5,236.0,236.0
764,764,4023,7.522099494934082,5.055161952972412,0,0.0171384158458,42.5,236.0,236.0
765,765,4024,7.566474437713623,4.474749565124512,0,0.0159619135566,42.0,236.0,236.0
766,766,4025,6.852821826934815,1.5184568166732788,0,0.032522019107600005,43.5,236.0,236.0
767,767,4026,7.317545652389526,0.9355505108833312,0,0.030125656128625,40.5,236.0,236.0
768,768,4027,6.317591428756714,0.9421167373657228,1,0.02045313744096,48.0,236.0,236.0
